{
  "d_model": 256,
  "n_heads": 16,
  "enc_layers": 3,
  "ff_dim": 256,
  "dropout": 0.47488544960983886,
  "lr": 0.0009124853052841087,
  "weight_decay": 3.2514288823761065e-05,
  "batch_size": 64,
  "seq_len": 8,
  "patch_len": 4
}