{
  "d_model": 256,
  "n_heads": 16,
  "enc_layers": 2,
  "ff_dim": 128,
  "dropout": 0.3244728607612453,
  "lr": 0.0018168216206451181,
  "weight_decay": 2.0693255521552674e-05,
  "batch_size": 48,
  "seq_len": 8,
  "pred_len": 1,
  "patch_len": 2
}