{
  "d_model": 256,
  "n_heads": 4,
  "enc_layers": 7,
  "ff_dim": 192,
  "dropout": 0.4443465366053515,
  "lr": 0.000550587967283904,
  "weight_decay": 6.163784983833364e-05,
  "batch_size": 32,
  "seq_len": 10,
  "pred_len": 2,
  "patch_len": 2
}