{
  "d_model": 256,
  "n_heads": 16,
  "enc_layers": 2,
  "ff_dim": 96,
  "dropout": 0.3522570970274944,
  "lr": 0.003709519229143142,
  "weight_decay": 0.001585941901379736,
  "batch_size": 64,
  "seq_len": 30,
  "patch_len": 6
}