{
  "d_model": 256,
  "n_heads": 8,
  "enc_layers": 3,
  "ff_dim": 256,
  "dropout": 0.11574315356331016,
  "lr": 0.00012613947099546243,
  "weight_decay": 0.0002870827630341753,
  "batch_size": 128,
  "seq_len": 8,
  "pred_len": 1,
  "patch_len": 6
}