{
  "d_model": 128,
  "n_heads": 2,
  "enc_layers": 3,
  "ff_dim": 384,
  "dropout": 0.25551145509820666,
  "lr": 0.00022608374489475436,
  "weight_decay": 4.267783777491683e-05,
  "batch_size": 32,
  "seq_len": 8,
  "patch_len": 2
}