{
  "d_model": 256,
  "n_heads": 2,
  "enc_layers": 3,
  "ff_dim": 256,
  "dropout": 0.20980057686717268,
  "lr": 0.0008274583170919897,
  "weight_decay": 0.0008840105057793214,
  "batch_size": 48,
  "seq_len": 8,
  "pred_len": 1,
  "patch_len": 5
}