{
  "d_model": 128,
  "n_heads": 8,
  "enc_layers": 5,
  "ff_dim": 512,
  "dropout": 0.45090856841260957,
  "lr": 0.00010079447613357558,
  "weight_decay": 0.006653316202858996,
  "batch_size": 64,
  "seq_len": 8,
  "patch_len": 6
}