feature,perm_delta_val,mean_delta_val,perm_delta_tst,mean_delta_tst
ili,6.199500560760498,5.265478610992432,5.257766246795654,4.80747652053833
week_sin,1.908048152923584,2.668944835662842,0.7104086875915527,-0.3167271614074707
respiratory_index,4.348107814788818,2.0575032234191895,1.5245819091796875,-0.2512836456298828
detection_rate,4.269687175750732,1.149040699005127,1.8690032958984375,1.4763808250427246
vaccine_rate,0.7228589057922363,0.5477375984191895,1.616957187652588,2.7121787071228027
week_cos,0.7025494575500488,0.3446831703186035,-0.9345188140869141,-0.7023334503173828
