feature,importance_raw_val,importance_norm_val,importance_raw_tst,importance_norm_tst
week_sin,0.012020519003272057,0.4708369409729489,-0.04708801209926605,-0.5109115193379411
detection_rate (인플루엔자 검출률),-0.0007224073633551598,-0.02829628845525638,-0.006480351090431213,-0.07031271599395253
week_cos,-0.01278718386311084,-0.5008667705717947,-0.038596346974372864,-0.41877576466810634
