feature,importance_raw_val,importance_norm_val,importance_raw_tst,importance_norm_tst
week_sin,1352.1307373046875,0.4527886592059335,11.953573226928711,0.19716265897736968
emergency_patients (응급실 인플루엔자 환자),688.9700927734375,0.23071574066996167,4.222621917724609,0.06964807504413585
detection_rate (인플루엔자 검출률),677.561279296875,0.22689526590767597,37.81146049499512,0.623663564817301
vaccine_rate (예방접종률),267.567138671875,0.08960033421642885,-6.640321731567383,-0.10952570116119345
