feature,importance_raw_val,importance_norm_val,importance_raw_tst,importance_norm_tst
week_sin,39.74470520019531,0.6229251047970352,108.66703796386719,0.8406251131512076
detection_rate (인플루엔자 검출률),-24.058639526367188,-0.3770748952029647,-20.602283477783203,-0.1593748868487924
