feature,importance_raw_val,importance_norm_val,importance_raw_tst,importance_norm_tst
week_sin,-21.301137924194336,-0.4191974552515306,37.72760772705078,0.42321494348727473
detection_rate (인플루엔자 검출률),-29.512953758239746,-0.5808025447484694,51.41765594482422,0.5767850565127253
