feature,importance_raw_val,importance_norm_val,importance_raw_tst,importance_norm_tst
vaccine_rate (예방접종률),204.17717742919922,0.6390982680796058,75.48800706863403,0.6248817123706846
hospitalization (입원환자 수),33.49098205566406,0.10483066176914975,-1.4222482740879059,-0.011773220296043288
emergency_patients (응급실 인플루엔자 환자),25.735816955566406,0.08055609471641206,-1.2745706140995026,-0.010550760296953012
week_sin,-2.277984619140625,-0.007130356306887378,-0.0035108327865600586,-2.9062301267512982e-05
detection_rate (인플루엔자 검출률),-53.79500770568848,-0.16838461912794497,42.61533784866333,0.35276524473505155
