feature,perm_delta_val,mean_delta_val,perm_delta_tst,mean_delta_tst
week_sin,3.55029296875,5.740139007568359,2.7530007362365723,2.389146327972412
respiratory_index,4.426161766052246,2.866201400756836,2.1587729454040527,0.9981241226196289
ili,2.946836471557617,2.661195755004883,3.238387107849121,4.668066024780273
vaccine_rate,2.448518753051758,2.0320005416870117,3.989068031311035,7.817839622497559
week_cos,0.5094799995422363,0.5179810523986816,0.24523639678955078,0.44147539138793945
detection_rate,-1.43257474899292,-1.7390961647033691,0.03637409210205078,0.07075834274291992
