feature,importance_raw_val,importance_norm_val,importance_raw_tst,importance_norm_tst
vaccine_rate (예방접종률),469.90160369873047,0.7834890760108086,366.55148696899414,0.6507385268344538
emergency_patients (응급실 인플루엔자 환자),39.125831604003906,0.06523634184323669,-20.27044415473938,-0.03598610137039479
week_sin,-0.9048080444335938,-0.001508629068554801,-18.63521099090576,-0.03308307339780893
detection_rate (인플루엔자 검출률),-89.82290077209473,-0.14976595307739993,157.82822036743164,0.2801922983973425
