feature,perm_delta_val,mean_delta_val,perm_delta_tst,mean_delta_tst
week_sin,6.1180524826049805,6.650042533874512,5.449249267578125,5.120288848876953
respiratory_index,2.8468942642211914,2.795034408569336,5.502265930175781,1.6425533294677734
ili,2.997431755065918,1.8198413848876953,5.36750602722168,6.412631988525391
week_cos,0.20224475860595703,0.3365049362182617,0.5373096466064453,0.7234249114990234
vaccine_rate,-0.550379753112793,-0.3751516342163086,4.431640625,5.64739990234375
detection_rate,-1.6935291290283203,-1.4134941101074219,0.287445068359375,2.8827991485595703
