feature,importance_raw_val,importance_norm_val,importance_raw_tst,importance_norm_tst
vaccine_rate (예방접종률),33.78752899169922,0.4993633076923684,131.56710639595985,0.9139802282078461
emergency_patients (응급실 인플루엔자 환자),17.83232879638672,0.2635531794529644,0.5456494390964508,0.0037905583890090917
detection_rate (인플루엔자 검출률),1.6861343383789062,0.024920248551867506,0.020197153091430664,0.00014030709572724527
week_sin,1.321044921875,0.019524403869835352,1.4923652708530426,0.010367274831740263
ili_1_6,-1.0567398071289062,-0.015618102335560807,0.365180641412735,0.002536864229353823
hospitalization (입원환자 수),-1.8541030883789062,-0.027402745292293806,0.04297003149986267,0.0002985074329912361
ili_0,-4.4157562255859375,-0.06526273748262247,-0.06330461800098419,-0.0004397692614217651
ili_7_12,-5.70758056640625,-0.08435527532248722,9.852846294641495,0.06844649055191046
