feature,importance_raw_val,importance_norm_val,importance_raw_tst,importance_norm_tst
week_sin,82.3302505883826,0.30182780618537336,10.185233774529877,0.06892017736222679
min_temp,45.02158895745336,0.16505193812595115,4.241134180505597,0.02869838104927934
vaccine_rate (예방접종률),18.103762366972774,0.06636951594188097,1.5039056077060877,0.010176442044790984
avg_humidity,-1.1680608059986497,-0.004282183377873008,0.20704462786754618,0.0014010039229743817
max_temp,-15.019124081623119,-0.055061040625836284,7.436911611671903,0.05032317162767228
emergency_patients (응급실 인플루엔자 환자),-45.60488926990922,-0.16719035325766263,65.15460630554752,0.4408801135005527
detection_rate (인플루엔자 검출률),-65.5245765226433,-0.2402171624854224,59.05421037214349,0.39960071049250345
