sample_idx,pred_1w,true_1w,error_1w,pred_2w,true_2w,error_2w,pred_3w,true_3w,error_3w,pred_4w,true_4w,error_4w,pred_5w,true_5w,error_5w,pred_6w,true_6w,error_6w,pred_7w,true_7w,error_7w,pred_8w,true_8w,error_8w,pred_9w,true_9w,error_9w,pred_10w,true_10w,error_10w,pred_11w,true_11w,error_11w,pred_12w,true_12w,error_12w,pred_13w,true_13w,error_13w,pred_14w,true_14w,error_14w,pred_15w,true_15w,error_15w,pred_16w,true_16w,error_16w,pred_17w,true_17w,error_17w,pred_18w,true_18w,error_18w,pred_19w,true_19w,error_19w,pred_20w,true_20w,error_20w,pred_21w,true_21w,error_21w,pred_22w,true_22w,error_22w,pred_23w,true_23w,error_23w,pred_24w,true_24w,error_24w,pred_25w,true_25w,error_25w,pred_26w,true_26w,error_26w,pred_27w,true_27w,error_27w,pred_28w,true_28w,error_28w
0,8.509281,5.9,2.609281,7.4938474,6.2999997,1.1938477,7.843376,8.300001,-0.45662498,7.8428807,10.3,-2.4571195,8.386288,12.300001,-3.9137135,8.00917,14.300002,-6.2908325,8.340655,16.300001,-7.959346,9.188418,18.3,-9.111581,8.104755,20.300001,-12.195246,8.369464,22.41429,-14.044826,8.23454,24.52857,-16.29403,8.203508,26.64286,-18.439352,8.840929,28.757143,-19.916214,8.116514,30.871424,-22.75491,8.358157,32.985718,-24.62756,7.1340885,35.100006,-27.965918,9.14518,35.114296,-25.969116,8.300543,35.12858,-26.828035,8.657494,35.142864,-26.48537,9.047919,35.15715,-26.10923,7.758085,35.171436,-27.413351,7.9309855,35.18571,-27.254726,8.897721,35.2,-26.30228,8.35928,33.257145,-24.897865,8.056284,31.314283,-23.258,8.489082,29.371431,-20.882349,8.277901,27.428576,-19.150675,8.0057955,25.485716,-17.47992
1,8.613927,6.2999997,2.3139272,7.5858674,8.300001,-0.71413374,7.929367,10.3,-2.3706331,7.9316907,12.300001,-4.3683105,8.498902,14.300002,-5.8011,8.098615,16.300001,-8.201386,8.44121,18.3,-9.858789,9.289067,20.300001,-11.010934,8.21572,22.41429,-14.198569,8.481981,24.52857,-16.046589,8.333814,26.64286,-18.309048,8.281325,28.757143,-20.475819,8.936631,30.871424,-21.934792,8.210329,32.985718,-24.775389,8.45256,35.100006,-26.647446,7.212408,35.114296,-27.901888,9.241794,35.12858,-25.886784,8.369521,35.142864,-26.773342,8.7628975,35.15715,-26.394253,9.137697,35.171436,-26.03374,7.8317943,35.18571,-27.353916,8.001424,35.2,-27.198578,8.988773,33.257145,-24.268372,8.457033,31.314283,-22.85725,8.152184,29.371431,-21.219248,8.554697,27.428576,-18.873878,8.339114,25.485716,-17.146603,8.080978,23.542856,-15.461878
2,8.723157,8.300001,0.42315578,7.6824546,10.3,-2.6175456,8.019984,12.300001,-4.280017,8.0227995,14.300002,-6.2772026,8.615257,16.300001,-7.684744,8.18953,18.3,-10.110469,8.544511,20.300001,-11.75549,9.392233,22.41429,-13.022057,8.330508,24.52857,-16.198063,8.597695,26.64286,-18.045166,8.435746,28.757143,-20.321396,8.360832,30.871424,-22.510592,9.031197,32.985718,-23.954521,8.305611,35.100006,-26.794395,8.548293,35.114296,-26.566002,7.2930827,35.12858,-27.835495,9.33784,35.142864,-25.805023,8.438266,35.15715,-26.718884,8.868072,35.171436,-26.303364,9.227724,35.18571,-25.957987,7.9054427,35.2,-27.294558,8.069219,33.257145,-25.187927,9.078835,31.314283,-22.235449,8.554456,29.371431,-20.816975,8.24858,27.428576,-19.179996,8.61892,25.485716,-16.866795,8.399126,23.542856,-15.14373,8.153441,21.599998,-13.446557
3,8.873735,10.3,-1.4262648,7.817961,12.300001,-4.48204,8.149326,14.300002,-6.150676,8.140499,16.300001,-8.159502,8.769624,18.3,-9.5303755,8.3066,20.300001,-11.993402,8.681797,22.41429,-13.732492,9.524848,24.52857,-15.003722,8.483003,26.64286,-18.159859,8.749299,28.757143,-20.007843,8.570222,30.871424,-22.3012,8.463823,32.985718,-24.521894,9.1409025,35.100006,-25.959103,8.427618,35.114296,-26.686678,8.671214,35.12858,-26.457363,7.4005113,35.142864,-27.742353,9.454902,35.15715,-25.702248,8.520827,35.171436,-26.650608,8.997504,35.18571,-26.188206,9.338062,35.2,-25.861938,7.9958744,33.257145,-25.26127,8.144348,31.314283,-23.169935,9.186278,29.371431,-20.185154,8.670439,27.428576,-18.758137,8.368532,25.485716,-17.117184,8.694014,23.542856,-14.848843,8.466257,21.599998,-13.133741,8.230491,20.628576,-12.398086
4,9.0920725,12.300001,-3.2079287,8.017151,14.300002,-6.282851,8.339048,16.300001,-7.9609528,8.303596,18.3,-9.996404,8.984034,20.300001,-11.315968,8.470111,22.41429,-13.944179,8.871119,24.52857,-15.657452,9.707107,26.64286,-16.935753,8.698727,28.757143,-20.058416,8.958833,30.871424,-21.91259,8.760113,32.985718,-24.225605,8.607595,35.100006,-26.49241,9.28337,35.114296,-25.830925,8.598293,35.12858,-26.530285,8.842782,35.142864,-26.300083,7.5545006,35.15715,-27.60265,9.609974,35.171436,-25.561462,8.632459,35.18571,-26.553253,9.173903,35.2,-26.026096,9.487665,33.257145,-23.76948,8.118678,31.314283,-23.195606,8.238546,29.371431,-21.132885,9.327464,27.428576,-18.101112,8.820963,25.485716,-16.664753,8.531959,23.542856,-15.010898,8.793019,21.599998,-12.806979,8.551976,20.628576,-12.0766,8.324008,19.657145,-11.333137
5,9.36346,14.300002,-4.9365425,8.268414,16.300001,-8.031588,8.578207,18.3,-9.721792,8.501804,20.300001,-11.798197,9.24171,22.41429,-13.17258,8.667834,24.52857,-15.860736,9.099608,26.64286,-17.543251,9.929579,28.757143,-18.827564,8.964798,30.871424,-21.906626,9.212372,32.985718,-23.773346,8.9938755,35.100006,-26.10613,8.782868,35.114296,-26.331429,9.449993,35.12858,-25.678585,8.809509,35.142864,-26.333355,9.050635,35.15715,-26.106514,7.745683,35.171436,-27.425753,9.789395,35.18571,-25.396317,8.769906,35.2,-26.430096,9.3860035,33.257145,-23.871141,9.666757,31.314283,-21.647526,8.268506,29.371431,-21.102924,8.345897,27.428576,-19.08268,9.492787,25.485716,-15.9929285,8.996951,23.542856,-14.545905,8.730763,21.599998,-12.869235,8.910962,20.628576,-11.717614,8.654218,19.657145,-11.002927,8.430221,18.685715,-10.255494
6,9.642873,16.300001,-6.6571283,8.531438,18.3,-9.768561,8.829616,20.300001,-11.470386,8.707053,22.41429,-13.707236,9.503771,24.52857,-15.024799,8.869877,26.64286,-17.772984,9.332781,28.757143,-19.424362,10.16299,30.871424,-20.708435,9.241549,32.985718,-23.74417,9.473955,35.100006,-25.62605,9.238088,35.114296,-25.87621,8.963142,35.12858,-26.165436,9.621703,35.142864,-25.52116,9.032511,35.15715,-26.12464,9.264227,35.171436,-25.90721,7.9451475,35.18571,-27.240562,9.967059,35.2,-25.23294,8.917219,33.257145,-24.339926,9.602506,31.314283,-21.711777,9.852823,29.371431,-19.518608,8.426001,27.428576,-19.002575,8.453556,25.485716,-17.03216,9.662298,23.542856,-13.880558,9.17869,21.599998,-12.4213085,8.940758,20.628576,-11.687819,9.033168,19.657145,-10.623977,8.762892,18.685715,-9.922823,8.542099,17.714285,-9.172186
7,9.853127,18.3,-8.446873,8.729392,20.300001,-11.570609,9.019121,22.41429,-13.395168,8.863759,24.52857,-15.664811,9.70036,26.64286,-16.942501,9.022022,28.757143,-19.73512,9.505309,30.871424,-21.366116,10.341361,32.985718,-22.644356,9.45263,35.100006,-25.647377,9.672135,35.114296,-25.442162,9.423685,35.12858,-25.704893,9.0984,35.142864,-26.044464,9.753162,35.15715,-25.403988,9.203481,35.171436,-25.967957,9.424413,35.18571,-25.7613,8.097397,35.2,-27.102604,10.095125,33.257145,-23.16202,9.031345,31.314283,-22.282938,9.762329,29.371431,-19.609102,9.996486,27.428576,-17.43209,8.546397,25.485716,-16.93932,8.533224,23.542856,-15.009632,9.789818,21.599998,-11.810181,9.317139,20.628576,-11.311438,9.101591,19.657145,-10.555553,9.12484,18.685715,-9.560875,8.8484,17.714285,-8.865885,8.629722,16.742855,-8.113133
8,9.974597,20.300001,-10.325404,8.841859,22.41429,-13.572431,9.128685,24.52857,-15.399885,8.952408,26.64286,-17.690453,9.812618,28.757143,-18.944525,9.106755,30.871424,-21.764668,9.599894,32.985718,-23.385824,10.440085,35.100006,-24.65992,9.572889,35.114296,-25.541407,9.784242,35.12858,-25.344337,9.528821,35.142864,-25.614044,9.171778,35.15715,-25.985373,9.820721,35.171436,-25.350716,9.297952,35.18571,-25.88776,9.510623,35.2,-25.689377,8.1840925,33.257145,-25.073051,10.158542,31.314283,-21.155743,9.090605,29.371431,-20.280827,9.843335,27.428576,-17.58524,10.075816,25.485716,-15.4099,8.610022,23.542856,-14.932835,8.569582,21.599998,-13.0304165,9.855461,20.628576,-10.773115,9.389081,19.657145,-10.268064,9.186971,18.685715,-9.498744,9.169503,17.714285,-8.544782,8.891514,16.742855,-7.8513412,8.671113,15.771431,-7.100318
9,10.022281,22.41429,-12.392009,8.881564,24.52857,-15.647006,9.168732,26.64286,-17.474129,8.984284,28.757143,-19.772858,9.854764,30.871424,-21.016659,9.137159,32.985718,-23.848558,9.63141,35.100006,-25.468597,10.469019,35.114296,-24.645277,9.616004,35.12858,-25.512573,9.823093,35.142864,-25.31977,9.567261,35.15715,-25.58989,9.193324,35.171436,-25.978111,9.836376,35.18571,-25.349335,9.327743,35.2,-25.872257,9.537508,33.257145,-23.719637,8.215376,31.314283,-23.098907,10.172292,29.371431,-19.199139,9.103175,27.428576,-18.325401,9.862142,25.485716,-15.623574,10.102208,23.542856,-13.440648,8.625483,21.599998,-12.974516,8.572351,20.628576,-12.056225,9.871252,19.657145,-9.7858925,9.406004,18.685715,-9.279711,9.208427,17.714285,-8.505857,9.175131,16.742855,-7.567724,8.897422,15.771431,-6.874009,8.674223,14.8,-6.1257772
10,9.982839,24.52857,-14.545732,8.836037,26.64286,-17.806824,9.125958,28.757143,-19.631184,8.951249,30.871424,-21.920174,9.814624,32.985718,-23.171093,9.105893,35.100006,-25.994114,9.589291,35.114296,-25.525005,10.417722,35.12858,-24.710857,9.568714,35.142864,-25.57415,9.775756,35.15715,-25.381393,9.52809,35.171436,-25.643347,9.156169,35.18571,-26.029541,9.796414,35.2,-25.403587,9.283171,33.257145,-23.973974,9.497283,31.314283,-21.817001,8.182235,29.371431,-21.189198,10.133479,27.428576,-17.295097,9.064664,25.485716,-16.421051,9.812197,23.542856,-13.7306595,10.070082,21.599998,-11.529917,8.587243,20.628576,-12.041333,8.540226,19.657145,-11.116919,9.832897,18.685715,-8.852818,9.36262,17.714285,-8.351665,9.157998,16.742855,-7.584857,9.138606,15.771431,-6.632825,8.8628845,14.8,-5.9371157,8.63679,14.614287,-5.977497
11,9.888106,26.64286,-16.754753,8.739442,28.757143,-20.0177,9.032268,30.871424,-21.839157,8.872202,32.985718,-24.113516,9.719587,35.100006,-25.380419,9.03209,35.114296,-26.082207,9.498115,35.12858,-25.630463,10.310099,35.142864,-24.832766,9.461869,35.15715,-25.695282,9.669802,35.171436,-25.501635,9.436784,35.18571,-25.748928,9.0794735,35.2,-26.120527,9.711968,33.257145,-23.545177,9.187354,31.314283,-22.12693,9.411302,29.371431,-19.960129,8.106398,27.428576,-19.322178,10.05631,25.485716,-15.429406,8.988959,23.542856,-14.553897,9.714641,21.599998,-11.885358,9.992792,20.628576,-10.635784,8.510578,19.657145,-11.146566,8.479869,18.685715,-10.205846,9.7539625,17.714285,-7.9603224,9.272142,16.742855,-7.4707127,9.056502,15.771431,-6.7149286,9.070698,14.8,-5.7293024,8.79484,14.614287,-5.8194475,8.56369,14.428572,-5.8648815
12,9.894108,28.757143,-18.863035,8.745017,30.871424,-22.126408,9.039946,32.985718,-23.945772,8.860347,35.100006,-26.239658,9.715308,35.114296,-25.398987,9.02647,35.12858,-26.102108,9.489789,35.142864,-25.653076,10.286489,35.15715,-24.870663,9.455778,35.171436,-25.715658,9.655867,35.18571,-25.529844,9.433479,35.2,-25.766521,9.0681095,33.257145,-24.189035,9.679497,31.314283,-21.634787,9.172801,29.371431,-20.198631,9.401181,27.428576,-18.027393,8.10219,25.485716,-17.383526,10.034224,23.542856,-13.508633,8.964176,21.599998,-12.635822,9.692852,20.628576,-10.935724,9.9732065,19.657145,-9.683938,8.489455,18.685715,-10.1962595,8.451875,17.714285,-9.26241,9.729937,16.742855,-7.0129185,9.239751,15.771431,-6.53168,9.03121,14.8,-5.7687902,9.0442505,14.614287,-5.570037,8.76206,14.428572,-5.6665115,8.522304,14.242859,-5.7205553
13,9.966717,30.871424,-20.904707,8.818827,32.985718,-24.166891,9.116131,35.100006,-25.983875,8.895398,35.114296,-26.218899,9.770039,35.12858,-25.35854,9.065072,35.142864,-26.077793,9.539576,35.15715,-25.617575,10.3227825,35.171436,-24.848654,9.518084,35.18571,-25.667627,9.701792,35.2,-25.498209,9.489388,33.257145,-23.767757,9.10226,31.314283,-22.212025,9.684483,29.371431,-19.686949,9.214716,27.428576,-18.21386,9.442081,25.485716,-16.043634,8.145902,23.542856,-15.396955,10.048707,21.599998,-11.551291,8.977946,20.628576,-11.65063,9.722386,19.657145,-9.934758,9.994074,18.685715,-8.691641,8.507693,17.714285,-9.206592,8.4466715,16.742855,-8.296184,9.742616,15.771431,-6.0288153,9.249415,14.8,-5.550585,9.059281,14.614287,-5.555006,9.047911,14.428572,-5.380661,8.758125,14.242859,-5.4847336,8.505511,14.057143,-5.551632
14,10.0412445,32.985718,-22.944473,8.896077,35.100006,-26.20393,9.197187,35.114296,-25.917109,8.932444,35.12858,-26.196135,9.824363,35.142864,-25.3185,9.101012,35.15715,-26.056137,9.594013,35.171436,-25.577423,10.363918,35.18571,-24.821793,9.582949,35.2,-25.617052,9.747003,33.257145,-23.510143,9.546528,31.314283,-21.767756,9.138148,29.371431,-20.233284,9.687559,27.428576,-17.741016,9.25887,25.485716,-16.226845,9.482532,23.542856,-14.060325,8.190231,21.599998,-13.409767,10.059667,20.628576,-10.56891,8.994909,19.657145,-10.662235,9.751033,18.685715,-8.934682,10.01388,17.714285,-7.700405,8.527034,16.742855,-8.215821,8.439427,15.771431,-7.3320036,9.752302,14.8,-5.047698,9.25952,14.614287,-5.354768,9.08867,14.428572,-5.339902,9.052084,14.242859,-5.190775,8.757309,14.057143,-5.2998343,8.488041,13.8714285,-5.3833876
15,10.088684,35.100006,-25.011322,8.946835,35.114296,-26.167461,9.253933,35.12858,-25.874645,8.951708,35.142864,-26.191156,9.853384,35.15715,-25.303766,9.1146965,35.171436,-26.05674,9.628303,35.18571,-25.557407,10.386023,35.2,-24.813978,9.620836,33.257145,-23.636309,9.766773,31.314283,-21.54751,9.579052,29.371431,-19.79238,9.156049,27.428576,-18.272526,9.672176,25.485716,-15.8135395,9.280819,23.542856,-14.262037,9.5001545,21.599998,-12.099844,8.214426,20.628576,-12.41415,10.050426,19.657145,-9.606719,8.998553,18.685715,-9.687161,9.755816,17.714285,-7.9584684,10.015244,16.742855,-6.7276115,8.530915,15.771431,-7.2405157,8.420009,14.8,-6.3799915,9.742934,14.614287,-4.871353,9.252554,14.428572,-5.1760178,9.0968685,14.242859,-5.1459904,9.044117,14.057143,-5.013026,8.74822,13.8714285,-5.123208,8.459971,13.685717,-5.225745
16,10.071895,35.114296,-25.0424,8.936286,35.12858,-26.192291,9.2519,35.142864,-25.890965,8.925691,35.15715,-26.23146,9.8251095,35.171436,-25.346327,9.080794,35.18571,-26.104916,9.609555,35.2,-25.590446,10.35678,33.257145,-22.900364,9.593936,31.314283,-21.720348,9.727703,29.371431,-19.643728,9.553792,27.428576,-17.874783,9.130709,25.485716,-16.355007,9.614136,23.542856,-13.92872,9.248549,21.599998,-12.351449,9.466504,20.628576,-11.162072,8.19146,19.657145,-11.465685,9.999198,18.685715,-8.686517,8.965779,17.714285,-8.748506,9.706417,16.742855,-7.036438,9.973266,15.771431,-5.7981653,8.4961815,14.8,-6.3038187,8.371981,14.614287,-6.2423067,9.692251,14.428572,-4.7363205,9.203419,14.242859,-5.03944,9.053741,14.057143,-5.0034018,9.005505,13.8714285,-4.865924,8.711759,13.685717,-4.973958,8.403537,13.5,-5.096463
17,9.976566,35.12858,-25.152012,8.854434,35.142864,-26.28843,9.181122,35.15715,-25.976028,8.841956,35.171436,-26.32948,9.728396,35.18571,-25.457314,8.9887495,35.2,-26.21125,9.523397,33.257145,-23.733747,10.263402,31.314283,-21.05088,9.4880495,29.371431,-19.88338,9.617476,27.428576,-17.8111,9.458011,25.485716,-16.027706,9.051218,23.542856,-14.491638,9.500123,21.599998,-12.099875,9.14883,20.628576,-11.479746,9.369633,19.657145,-10.287512,8.110698,18.685715,-10.575017,9.896037,17.714285,-7.818248,8.884322,16.742855,-7.858533,9.588487,15.771431,-6.1829443,9.8751955,14.8,-4.9248047,8.411605,14.614287,-6.2026825,8.284365,14.428572,-6.144207,9.589351,14.242859,-4.653508,9.09984,14.057143,-4.957303,8.945694,13.8714285,-4.9257345,8.925929,13.685717,-4.7597876,8.635773,13.5,-4.8642273,8.307142,12.328571,-4.021429
18,9.812473,35.142864,-25.33039,8.71203,35.15715,-26.44512,9.05102,35.171436,-26.120417,8.706425,35.18571,-26.479286,9.572883,35.2,-25.627117,8.845743,33.257145,-24.411402,9.377591,31.314283,-21.936691,10.112659,29.371431,-19.258772,9.313476,27.428576,-18.1151,9.445617,25.485716,-16.0401,9.301134,23.542856,-14.241722,8.924038,21.599998,-12.675961,9.3368025,20.628576,-11.291774,8.989639,19.657145,-10.667505,9.21769,18.685715,-9.468024,7.9790344,17.714285,-9.73525,9.749175,16.742855,-6.99368,8.75806,15.771431,-7.0133705,9.410418,14.8,-5.3895826,9.72646,14.614287,-4.887827,8.281981,14.428572,-6.14659,8.160579,14.242859,-6.08228,9.44062,14.057143,-4.616523,8.948369,13.8714285,-4.9230595,8.780178,13.685717,-4.9055386,8.808379,13.5,-4.691621,8.52177,12.328571,-3.8068018,8.174154,11.157144,-2.9829893
19,9.6102495,35.15715,-25.546902,8.53487,35.171436,-26.636566,8.885078,35.18571,-26.300632,8.540955,35.2,-26.659046,9.384667,33.257145,-23.872478,8.674576,31.314283,-22.639708,9.19845,29.371431,-20.172981,9.9260235,27.428576,-17.502552,9.100413,25.485716,-16.385303,9.239515,23.542856,-14.303341,9.109986,21.599998,-12.490012,8.769989,20.628576,-11.858587,9.147002,19.657145,-10.510142,8.796102,18.685715,-9.889613,9.035496,17.714285,-8.678789,7.8185296,16.742855,-8.924326,9.580025,15.771431,-6.1914062,8.604971,14.8,-6.1950293,9.1999855,14.614287,-5.414302,9.548325,14.428572,-4.880247,8.126029,14.242859,-6.11683,8.017714,14.057143,-6.0394297,9.266664,13.8714285,-4.604765,8.769764,13.685717,-4.9159527,8.581641,13.5,-4.918359,8.668101,12.328571,-3.66047,8.384573,11.157144,-2.7725706,8.02069,9.985714,-1.965024
20,9.424123,35.171436,-25.747314,8.370538,35.18571,-26.815174,8.729665,35.2,-26.470337,8.384659,33.257145,-24.872486,9.210445,31.314283,-22.103838,8.51479,29.371431,-20.856642,9.031535,27.428576,-18.397041,9.745989,25.485716,-15.739727,8.902459,23.542856,-14.640397,9.047647,21.599998,-12.552351,8.93144,20.628576,-11.697136,8.624997,19.657145,-11.032147,8.966113,18.685715,-9.719602,8.6131935,17.714285,-9.101091,8.865481,16.742855,-7.8773737,7.6689653,15.771431,-8.102466,9.4201765,14.8,-5.3798237,8.45663,14.614287,-6.1576576,9.001633,14.428572,-5.426939,9.378217,14.242859,-4.864642,7.976681,14.057143,-6.080462,7.8818145,13.8714285,-5.989614,9.100674,13.685717,-4.585043,8.598694,13.5,-4.901306,8.39245,12.328571,-3.936121,8.531761,11.157144,-2.6253824,8.251081,9.985714,-1.7346325,7.8722234,8.814286,-0.94206285
21,9.285741,35.18571,-25.899971,8.247419,35.2,-26.952581,8.613769,33.257145,-24.643375,8.261108,31.314283,-23.053175,9.077047,29.371431,-20.294384,8.389217,27.428576,-19.039358,8.903943,25.485716,-16.581772,9.599854,23.542856,-13.943002,8.750828,21.599998,-12.849171,8.897405,20.628576,-11.731172,8.792975,19.657145,-10.864169,8.510746,18.685715,-10.174969,8.814671,17.714285,-8.899614,8.467918,16.742855,-8.274937,8.732379,15.771431,-7.039052,7.553787,14.8,-7.246213,9.287114,14.614287,-5.327173,8.333051,14.428572,-6.095521,8.840278,14.242859,-5.402581,9.23911,14.057143,-4.818033,7.853861,13.8714285,-6.0175676,7.7670074,13.685717,-5.9187093,8.961298,13.5,-4.538702,8.455737,12.328571,-3.8728342,8.237714,11.157144,-2.9194298,8.415751,9.985714,-1.5699625,8.138512,8.814286,-0.6757746,7.743475,7.642858,0.10061693
22,9.1745615,35.2,-26.02544,8.147481,33.257145,-25.109665,8.520776,31.314283,-22.793507,8.155786,29.371431,-21.215645,8.965145,27.428576,-18.46343,8.282594,25.485716,-17.203121,8.797791,23.542856,-14.745066,9.471918,21.599998,-12.12808,8.625328,20.628576,-12.003248,8.7690735,19.657145,-10.888071,8.6762085,18.685715,-10.009506,8.413406,17.714285,-9.300879,8.677991,16.742855,-8.064864,8.343909,15.771431,-7.4275217,8.619829,14.8,-6.180171,7.4584155,14.614287,-7.155872,9.165139,14.428572,-5.2634325,8.223114,14.242859,-6.019745,8.6980295,14.057143,-5.3591137,9.117276,13.8714285,-4.7541523,7.7452216,13.685717,-5.940495,7.6619787,13.5,-5.8380213,8.834505,12.328571,-3.4940662,8.32651,11.157144,-2.8306332,8.101705,9.985714,-1.8840094,8.31012,8.814286,-0.5041666,8.03763,7.642858,0.39477205,7.6239214,6.471428,1.1524935
23,9.050981,33.257145,-24.206165,8.036129,31.314283,-23.278154,8.417778,29.371431,-20.953653,8.0393715,27.428576,-19.389204,8.83922,25.485716,-16.646496,8.165688,23.542856,-15.377169,8.677137,21.599998,-12.922861,9.329918,20.628576,-11.298658,8.487549,19.657145,-11.169596,8.626326,18.685715,-10.059389,8.545906,17.714285,-9.168379,8.305053,16.742855,-8.437802,8.527451,15.771431,-7.2439804,8.208607,14.8,-6.5913935,8.49614,14.614287,-6.118148,7.354347,14.428572,-7.0742245,9.02614,14.242859,-5.2167187,8.102652,14.057143,-5.9544916,8.541726,13.8714285,-5.3297024,8.984501,13.685717,-4.7012157,7.6261597,13.5,-5.8738403,7.545142,12.328571,-4.783429,8.694824,11.157144,-2.4623194,8.18314,9.985714,-1.8025742,7.954477,8.814286,-0.8598094,8.194245,7.642858,0.5513873,7.926768,6.471428,1.4553399,7.492611,5.3000007,2.1926103
24,8.904201,31.314283,-22.410084,7.9053545,29.371431,-21.466076,8.297278,27.428576,-19.131298,7.904295,25.485716,-17.58142,8.691943,23.542856,-14.850913,8.031348,21.599998,-13.56865,8.530989,20.628576,-12.097588,9.167014,19.657145,-10.49013,8.328189,18.685715,-10.357526,8.4617,17.714285,-9.252584,8.393738,16.742855,-8.349117,8.177646,15.771431,-7.5937853,8.356374,14.8,-6.4436264,8.054071,14.614287,-6.560216,8.352566,14.428572,-6.076006,7.2341685,14.242859,-7.0086904,8.865255,14.057143,-5.191888,7.9649105,13.8714285,-5.906518,8.3643465,13.685717,-5.32137,8.833679,13.5,-4.666321,7.4911017,12.328571,-4.8374696,7.4110155,11.157144,-3.746128,8.538638,9.985714,-1.4470758,8.019816,8.814286,-0.79446983,7.790548,7.642858,0.14768982,8.063579,6.471428,1.5921507,7.798113,5.3000007,2.4981122,7.3449836,5.1,2.2449837
25,8.778274,29.371431,-20.593159,7.7944045,27.428576,-19.63417,8.195349,25.485716,-17.290367,7.7863955,23.542856,-15.75646,8.568258,21.599998,-13.03174,7.9154706,20.628576,-12.713106,8.401594,19.657145,-11.25555,9.024359,18.685715,-9.661356,8.191801,17.714285,-9.522484,8.321351,16.742855,-8.421504,8.262667,15.771431,-7.5087643,8.064588,14.8,-6.7354126,8.204461,14.614287,-6.4098263,7.919414,14.428572,-6.5091577,8.227154,14.242859,-6.015705,7.130124,14.057143,-6.927019,8.723932,13.8714285,-5.147496,7.8403754,13.685717,-5.845341,8.209261,13.5,-5.290739,8.700983,12.328571,-3.6275883,7.3712587,11.157144,-3.7858849,7.2905836,9.985714,-2.6951303,8.403275,8.814286,-0.4110117,7.876066,7.642858,0.23320818,7.648217,6.471428,1.1767893,7.9463353,5.3000007,2.6463346,7.6788983,5.1,2.5788984,7.2126703,4.9,2.3126702
26,8.695805,27.428576,-18.73277,7.722275,25.485716,-17.763441,8.128851,23.542856,-15.414005,7.704458,21.599998,-13.89554,8.487722,20.628576,-12.140854,7.836163,19.657145,-11.820982,8.311766,18.685715,-10.373949,8.922087,17.714285,-8.792198,8.099777,16.742855,-8.643078,8.225969,15.771431,-7.5454617,8.173252,14.8,-6.626748,7.9841723,14.614287,-6.630115,8.092628,14.428572,-6.335944,7.824361,14.242859,-6.418498,8.139378,14.057143,-5.9177656,7.059094,13.8714285,-6.8123345,8.623204,13.685717,-5.0625124,7.747022,13.5,-5.752978,8.098294,12.328571,-4.230277,8.605543,11.157144,-2.5516005,7.2831206,9.985714,-2.7025933,7.200969,8.814286,-1.613317,8.305954,7.642858,0.66309595,7.771171,6.471428,1.2997432,7.5454354,5.3000007,2.2454348,7.858525,5.1,2.758525,7.586625,4.9,2.686625,7.112536,4.7,2.4125361
27,8.669573,25.485716,-16.816143,7.700141,23.542856,-15.842715,8.108507,21.599998,-13.491491,7.6675634,20.628576,-12.961013,8.459524,19.657145,-11.19762,7.802489,18.685715,-10.883226,8.272795,17.714285,-9.44149,8.869928,16.742855,-7.8729267,8.06332,15.771431,-7.708111,8.184539,14.8,-6.6154613,8.135638,14.614287,-6.478649,7.9455132,14.428572,-6.4830585,8.028729,14.242859,-6.2141294,7.7787566,14.057143,-6.2783866,8.09914,13.8714285,-5.7722883,7.0304174,13.685717,-6.655299,8.570526,13.5,-4.929474,7.693232,12.328571,-4.6353393,8.040451,11.157144,-3.1166925,8.556216,9.985714,-1.4294977,7.234272,8.814286,-1.5800142,7.148141,7.642858,-0.49471712,8.252431,6.471428,1.781003,7.7120814,5.3000007,2.4120808,7.4899516,5.1,2.3899517,7.8069005,4.9,2.9069004,7.529084,4.7,2.8290844,7.049971,4.5000005,2.5499706
28,8.705827,23.542856,-14.837029,7.733746,21.599998,-13.866253,8.140381,20.628576,-12.488195,7.6796823,19.657145,-11.977463,8.488485,18.685715,-10.197229,7.818638,17.714285,-9.895647,8.29017,16.742855,-8.452685,8.873035,15.771431,-6.8983955,8.088143,14.8,-6.711857,8.201502,14.614287,-6.4127855,8.154921,14.428572,-6.273651,7.952774,14.242859,-6.290085,8.0156355,14.057143,-6.0415077,7.787565,13.8714285,-6.0838633,8.111582,13.685717,-5.574135,7.0486746,13.5,-6.4513254,8.567764,12.328571,-3.760807,7.682603,11.157144,-3.4745407,8.039151,9.985714,-1.9465628,8.556979,8.814286,-0.25730705,7.2282524,7.642858,-0.41460562,7.1337924,6.471428,0.6623645,8.244478,5.3000007,2.9444776,7.701764,5.1,2.6017642,7.485583,4.9,2.5855827,7.7939734,4.7,3.0939736,7.5098014,4.5000005,3.009801,7.0268865,4.3,2.7268863
29,8.796904,21.599998,-12.803095,7.8165574,20.628576,-12.812019,8.21921,19.657145,-11.437935,7.7348933,18.685715,-10.950821,8.567861,17.714285,-9.146424,7.878228,16.742855,-8.864627,8.35759,15.771431,-7.4138412,8.925923,14.8,-5.874077,8.167354,14.614287,-6.4469337,8.270058,14.428572,-6.158514,8.224492,14.242859,-6.018367,8.000779,14.057143,-6.056364,8.047142,13.8714285,-5.8242865,7.844775,13.685717,-5.8409414,8.170893,13.5,-5.3291073,7.108264,12.328571,-5.2203074,8.607415,11.157144,-2.5497284,7.7103295,9.985714,-2.2753844,8.08684,8.814286,-0.72744656,8.601984,7.642858,0.959126,7.2599173,6.471428,0.78848934,7.152425,5.3000007,1.8524241,8.275791,5.1,3.1757913,7.7348175,4.9,2.8348174,7.5266256,4.7,2.8266258,7.814802,4.5000005,3.3148017,7.5252404,4.3,3.2252402,7.038924,4.1,2.9389243
30,8.921046,20.628576,-11.70753,7.930208,19.657145,-11.726936,8.328707,18.685715,-10.357008,7.8164253,17.714285,-9.89786,8.678442,16.742855,-8.064413,7.963944,15.771431,-7.807487,8.455645,14.8,-6.3443556,9.011263,14.614287,-5.6030245,8.281124,14.428572,-6.1474476,8.371148,14.242859,-5.871711,8.32504,14.057143,-5.7321033,8.074298,13.8714285,-5.7971306,8.106145,13.685717,-5.5795717,7.932209,13.5,-5.567791,8.259649,12.328571,-4.068922,7.19337,11.157144,-3.9637737,8.671377,9.985714,-1.3143368,7.7623677,8.814286,-1.0519185,8.163717,7.642858,0.52085924,8.674376,6.471428,2.2029476,7.314753,5.3000007,2.0147524,7.189842,5.1,2.0898423,8.330905,4.9,3.4309049,7.7953634,4.7,3.0953636,7.5968337,4.5000005,3.0968332,7.8562956,4.3,3.5562954,7.562931,4.1,3.4629312,7.0733213,3.9,3.1733212
31,9.059228,19.657145,-10.597917,8.059623,18.685715,-10.626092,8.456888,17.714285,-9.257397,7.9086194,16.742855,-8.834236,8.804509,15.771431,-6.966922,8.05943,14.8,-6.74057,8.565002,14.614287,-6.049285,9.114062,14.428572,-5.3145094,8.412101,14.242859,-5.830758,8.48875,14.057143,-5.5683928,8.4386425,13.8714285,-5.432786,8.158151,13.685717,-5.527566,8.173459,13.5,-5.326541,8.032321,12.328571,-4.2962503,8.360158,11.157144,-2.7969856,7.2903175,9.985714,-2.6953964,8.740947,8.814286,-0.07333946,7.82415,7.642858,0.18129206,8.249193,6.471428,1.7777653,8.757106,5.3000007,3.4571052,7.378877,5.1,2.2788773,7.2299895,4.9,2.3299894,8.395066,4.7,3.6950665,7.8664937,4.5000005,3.3664932,7.6810884,4.3,3.3810883,7.9052753,4.1,3.8052754,7.6085415,3.9,3.7085414,7.1151233,3.7714286,3.3436947
32,9.181213,18.685715,-9.504501,8.178122,17.714285,-9.536163,8.579376,16.742855,-8.163479,7.987285,15.771431,-7.784146,8.920121,14.8,-5.879879,8.139888,14.614287,-6.4743996,8.656074,14.428572,-5.772498,9.208068,14.242859,-5.034791,8.530155,14.057143,-5.526988,8.596242,13.8714285,-5.2751865,8.536592,13.685717,-5.149125,8.228676,13.5,-5.271324,8.221411,12.328571,-4.1071606,8.1170025,11.157144,-3.040141,8.443859,9.985714,-1.5418549,7.3769736,8.814286,-1.4373126,8.791336,7.642858,1.148478,7.8733063,6.471428,1.4018784,8.313381,5.3000007,3.0133805,8.824122,5.1,3.7241225,7.4312196,4.9,2.5312195,7.2523117,4.7,2.552312,8.44651,4.5000005,3.9465098,7.9222145,4.3,3.6222143,7.7538795,4.1,3.6538796,7.9428368,3.9,4.0428367,7.641175,3.7714286,3.8697462,7.1429114,3.6428573,3.5000541
33,9.230596,17.714285,-8.483689,8.230805,16.742855,-8.51205,8.639968,15.771431,-7.131463,8.009641,14.8,-6.7903595,8.972157,14.614287,-5.642131,8.163134,14.428572,-6.265438,8.68086,14.242859,-5.5619993,9.23952,14.057143,-4.817623,8.575684,13.8714285,-5.295745,8.639119,13.685717,-5.0465975,8.567736,13.5,-4.9322643,8.245799,12.328571,-4.0827723,8.210361,11.157144,-2.946783,8.137367,9.985714,-1.8483467,8.463922,8.814286,-0.35036469,7.4104095,7.642858,-0.23244858,8.78703,6.471428,2.3156023,7.8733273,5.3000007,2.5733266,8.311179,5.1,3.2111793,8.8331585,4.9,3.9331584,7.4357247,4.7,2.735725,7.231607,4.5000005,2.7316065,8.447981,4.3,4.1479807,7.921414,4.1,3.821414,7.7675776,3.9,3.8675776,7.9379416,3.7714286,4.166513,7.630239,3.6428573,3.9873817,7.1260514,3.5142856,3.6117659
34,9.207262,16.742855,-7.535593,8.214516,15.771431,-7.5569153,8.630887,14.8,-6.169113,7.977562,14.614287,-6.6367254,8.957265,14.428572,-5.471307,8.132204,14.242859,-6.110655,8.645308,14.057143,-5.4118357,9.206061,13.8714285,-4.665367,8.545981,13.685717,-5.139735,8.614265,13.5,-4.8857346,8.535748,12.328571,-3.7928238,8.2128315,11.157144,-2.944312,8.150603,9.985714,-1.8351107,8.097429,8.814286,-0.71685696,8.426135,7.642858,0.78327703,7.388989,6.471428,0.91756105,8.737896,5.3000007,3.4378953,7.82886,5.1,2.72886,8.252651,4.9,3.3526511,8.78943,4.7,4.08943,7.396232,4.5000005,2.8962317,7.1796713,4.3,2.879671,8.403156,4.1,4.3031564,7.871608,3.9,3.9716077,7.723529,3.7714286,3.9521003,7.894125,3.6428573,4.2512674,7.582748,3.5142856,4.0684624,7.0727053,3.3857143,3.686991
35,9.129607,15.771431,-6.641824,8.147883,14.8,-6.652117,8.571048,14.614287,-6.0432396,7.903091,14.428572,-6.5254807,8.891559,14.242859,-5.3513002,8.059774,14.057143,-5.997369,8.564453,13.8714285,-5.3069754,9.122095,13.685717,-4.5636215,8.460357,13.5,-5.0396433,8.536394,12.328571,-3.7921772,8.455697,11.157144,-2.7014465,8.142242,9.985714,-1.8434715,8.051963,8.814286,-0.7623234,8.011675,7.642858,0.36881685,8.345091,6.471428,1.873663,7.3251157,5.3000007,2.025115,8.652201,5.1,3.5522008,7.748877,4.9,2.848877,8.151878,4.7,3.4518785,8.703484,4.5000005,4.203483,7.321941,4.3,3.0219407,7.103074,4.1,3.0030742,8.321012,3.9,4.4210114,7.7833314,3.7714286,4.011903,7.6348557,3.6428573,3.9919984,7.818474,3.5142856,4.3041883,7.505992,3.3857143,4.1202774,6.988651,3.257143,3.7315078
36,9.029695,14.8,-5.7703056,8.06264,14.614287,-6.551647,8.494049,14.428572,-5.9345226,7.8087716,14.242859,-6.4340873,8.805794,14.057143,-5.2513494,7.967429,13.8714285,-5.9039993,8.462568,13.685717,-5.2231483,9.015686,13.5,-4.484314,8.352432,12.328571,-3.976139,8.435245,11.157144,-2.721899,8.353223,9.985714,-1.6324911,8.054127,8.814286,-0.7601595,7.9301457,7.642858,0.2872877,7.904122,6.471428,1.432694,8.24221,5.3000007,2.9422097,7.2422404,5.1,2.1422405,8.545285,4.9,3.6452851,7.6493297,4.7,2.9493299,8.0298815,4.5000005,3.529881,8.594137,4.3,4.294137,7.22932,4.1,3.1293201,7.011186,3.9,3.111186,8.219488,3.7714286,4.4480596,7.6740336,3.6428573,4.0311766,7.5248113,3.5142856,4.0105257,7.7250776,3.3857143,4.339363,7.411807,3.257143,4.154664,6.8847136,3.1285715,3.7561421
37,8.951923,14.614287,-5.662364,7.999263,14.428572,-6.429309,8.440669,14.242859,-5.80219,7.7291045,14.057143,-6.3280387,8.741935,13.8714285,-5.1294937,7.8890204,13.685717,-5.796696,8.377737,13.5,-5.122263,8.9268675,12.328571,-3.4017038,8.267891,11.157144,-2.8892527,8.352615,9.985714,-1.6330986,8.267032,8.814286,-0.54725456,7.978787,7.642858,0.33592892,7.816727,6.471428,1.3452992,7.8119426,5.3000007,2.511942,8.152423,5.1,3.052423,7.1738214,4.9,2.2738214,8.447566,4.7,3.7475662,7.558156,4.5000005,3.0581555,7.923165,4.3,3.6231647,8.494766,4.1,4.3947663,7.1462383,3.9,3.2462382,6.9261875,3.7714286,3.154759,8.129521,3.6428573,4.486664,7.5755816,3.5142856,4.061296,7.429473,3.3857143,4.0437584,7.6392107,3.257143,4.3820677,7.323562,3.1285715,4.1949906,6.7856293,2.9999998,3.7856295
38,8.897621,14.428572,-5.5309505,7.955738,14.242859,-6.287121,8.4077,14.057143,-5.6494436,7.6673603,13.8714285,-6.204068,8.700118,13.685717,-4.9855986,7.827581,13.5,-5.672419,8.312488,12.328571,-4.0160837,8.856568,11.157144,-2.3005753,8.207222,9.985714,-1.778492,8.290154,8.814286,-0.5241318,8.198444,7.642858,0.55558634,7.9185777,6.471428,1.4471498,7.7178316,5.3000007,2.417831,7.7372265,5.1,2.6372266,8.078817,4.9,3.1788173,7.12205,4.7,2.42205,8.363785,4.5000005,3.8637843,7.4797063,4.3,3.179706,7.834579,4.1,3.734579,8.4110775,3.9,4.5110774,7.075664,3.7714286,3.3042355,6.8524055,3.6428573,3.2095482,8.054646,3.5142856,4.54036,7.491945,3.3857143,4.1062307,7.351021,3.257143,4.093878,7.5650625,3.1285715,4.436491,7.246771,2.9999998,4.246771,6.6972103,2.9571428,3.7400675
39,8.828962,14.242859,-5.4138966,7.8953714,14.057143,-6.161772,8.356937,13.8714285,-5.514491,7.596062,13.685717,-6.0896544,8.640959,13.5,-4.859041,7.755398,12.328571,-4.5731735,8.235139,11.157144,-2.9220047,8.769626,9.985714,-1.2160883,8.131247,8.814286,-0.68303967,8.210275,7.642858,0.56741667,8.113744,6.471428,1.6423159,7.8492727,5.3000007,2.549272,7.6111684,5.1,2.5111685,7.649346,4.9,2.7493458,7.9936824,4.7,3.2936826,7.0596366,4.5000005,2.559636,8.270287,4.3,3.9702864,7.3944497,4.1,3.2944498,7.734244,3.9,3.8342438,8.31903,3.7714286,4.547601,6.9950504,3.6428573,3.352193,6.772747,3.5142856,3.2584615,7.969682,3.3857143,4.583968,7.39786,3.257143,4.140717,7.259953,3.1285715,4.1313815,7.4840484,2.9999998,4.484049,7.165562,2.9571428,4.2084193,6.602253,2.914286,3.687967
40,8.732331,14.057143,-5.324812,7.80533,13.8714285,-6.0660987,8.274591,13.685717,-5.411125,7.5054445,13.5,-5.9945555,8.549055,12.328571,-3.7795162,7.663221,11.157144,-3.4939227,8.135702,9.985714,-1.8500118,8.654113,8.814286,-0.16017342,8.025717,7.642858,0.38285875,8.0998,6.471428,1.6283722,8.002853,5.3000007,2.7028527,7.7634764,5.1,2.6634765,7.491453,4.9,2.591453,7.5394382,4.7,2.8394384,7.889252,4.5000005,3.3892517,6.9770036,4.3,2.6770034,8.160193,4.1,4.0601935,7.297352,3.9,3.3973517,7.6138,3.7714286,3.8423715,8.21151,3.6428573,4.568652,6.898287,3.5142856,3.3840013,6.68338,3.3857143,3.2976658,7.866469,3.257143,4.609326,7.2864127,3.1285715,4.157841,7.14749,2.9999998,4.1474905,7.3906407,2.9571428,4.433498,7.0764394,2.914286,4.1621532,6.4969053,2.8714287,3.6254766
41,8.620249,13.8714285,-5.2511797,7.6985607,13.685717,-5.987156,8.172452,13.5,-5.327548,7.4062867,12.328571,-4.9222846,8.4374075,11.157144,-2.719736,7.5631723,9.985714,-2.4225416,8.027224,8.814286,-0.78706264,8.524817,7.642858,0.88195944,7.9044986,6.471428,1.4330707,7.9743257,5.3000007,2.674325,7.8814216,5.1,2.7814217,7.6716866,4.9,2.7716866,7.3729076,4.7,2.6729078,7.4221377,4.5000005,2.9221373,7.779921,4.3,3.4799209,6.884929,4.1,2.7849293,8.046618,3.9,4.1466184,7.1995006,3.7714286,3.428072,7.4879284,3.6428573,3.845071,8.101767,3.5142856,4.587481,6.797162,3.3857143,3.4114478,6.594316,3.257143,3.337173,7.757617,3.1285715,4.6290455,7.171585,2.9999998,4.171585,7.028177,2.9571428,4.071034,7.29505,2.914286,4.380764,6.9887757,2.8714287,4.117347,6.393736,2.8285716,3.5651643
42,8.519035,13.685717,-5.1666813,7.602101,13.5,-5.897899,8.078264,12.328571,-4.250307,7.3178425,11.157144,-3.839301,8.334531,9.985714,-1.6511831,7.475467,8.814286,-1.338819,7.932277,7.642858,0.28941917,8.40852,6.471428,1.9370918,7.7949567,5.3000007,2.494956,7.862421,5.1,2.7624211,7.7752223,4.9,2.8752222,7.591373,4.7,2.8913732,7.2724304,4.5000005,2.77243,7.320139,4.3,3.0201387,7.6863627,4.1,3.5863628,6.8032146,3.9,2.9032145,7.9479346,3.7714286,4.176506,7.115454,3.6428573,3.472597,7.3780317,3.5142856,3.8637462,8.007707,3.3857143,4.621992,6.709031,3.257143,3.451888,6.5180497,3.1285715,3.3894782,7.6617155,2.9999998,4.6617155,7.0723047,2.9571428,4.115162,6.923774,2.914286,4.009488,7.211555,2.8714287,4.340126,6.914314,2.8285716,4.085742,6.3066144,2.7857144,3.5209
43,8.441924,13.5,-5.058076,7.5291634,12.328571,-4.799408,8.006615,11.157144,-3.150529,7.2494903,9.985714,-2.7362237,8.254851,8.814286,-0.5594349,7.408599,7.642858,-0.23425913,7.8597016,6.471428,1.3882737,8.319066,5.3000007,3.0190654,7.710197,5.1,2.610197,7.777106,4.9,2.8771057,7.6960115,4.7,2.9960117,7.5303445,4.5000005,3.030344,7.196397,4.3,2.8963966,7.2429934,4.1,3.1429935,7.6162367,3.9,3.7162366,6.7409368,3.7714286,2.9695082,7.872719,3.6428573,4.2298613,7.051096,3.5142856,3.5368104,7.292932,3.3857143,3.9072177,7.937052,3.257143,4.6799088,6.6412735,3.1285715,3.512702,6.4589186,2.9999998,3.4589188,7.587242,2.9571428,4.6300993,6.9963145,2.914286,4.0820284,6.843622,2.8714287,3.9721935,7.146613,2.8285716,4.318042,6.857042,2.7857144,4.071327,6.240293,2.742857,3.497436
44,8.380715,12.328571,-3.947856,7.4714293,11.157144,-3.6857142,7.9495645,9.985714,-2.0361495,7.1937346,8.814286,-1.6205516,8.190295,7.642858,0.5474372,7.3533225,6.471428,0.8818946,7.7994127,5.3000007,2.499412,8.246669,5.1,3.146669,7.6409106,4.9,2.7409105,7.707591,4.7,3.0075912,7.6329427,4.5000005,3.1329422,7.48065,4.3,3.1806498,7.1336184,4.1,3.0336185,7.179911,3.9,3.279911,7.5584784,3.7714286,3.7870498,6.69021,3.6428573,3.0473526,7.8118105,3.5142856,4.297525,6.997727,3.3857143,3.6120126,7.2217884,3.257143,3.9646454,7.879588,3.1285715,4.7510166,6.584883,2.9999998,3.5848835,6.4086285,2.9571428,3.4514856,7.524984,2.914286,4.6106977,6.9333405,2.8714287,4.0619116,6.776872,2.8285716,3.9483006,7.092264,2.7857144,4.30655,6.8084846,2.742857,4.0656276,6.1847143,2.7,3.4847143
45,8.32992,11.157144,-2.8272238,7.422812,9.985714,-2.562902,7.9012203,8.814286,-0.9130659,7.1454067,7.642858,-0.4974513,8.135,6.471428,1.6635723,7.3043633,5.3000007,2.0043626,7.7448416,5.1,2.6448417,8.183151,4.9,3.2831511,7.581488,4.7,2.8814883,7.6465764,4.5000005,3.146576,7.577854,4.3,3.277854,7.436611,4.1,3.3366113,7.0765734,3.9,3.1765733,7.123365,3.7714286,3.3519363,7.506409,3.6428573,3.8635519,6.646237,3.5142856,3.1319513,7.758501,3.3857143,4.3727865,6.949328,3.257143,3.692185,7.1582065,3.1285715,4.029635,7.828307,2.9999998,4.828307,6.5336757,2.9571428,3.5765328,6.3621635,2.914286,3.4478776,7.4692564,2.8714287,4.597828,6.875769,2.8285716,4.0471973,6.7165923,2.7857144,3.930878,7.0434494,2.742857,4.3005924,6.7625294,2.7,4.0625296,6.133324,2.8000002,3.333324
46,8.293865,9.985714,-1.6918488,7.385669,8.814286,-1.428617,7.863578,7.642858,0.22071981,7.108669,6.471428,0.6372409,8.0932665,5.3000007,2.7932658,7.2667065,5.1,2.1667066,7.7006955,4.9,2.8006954,8.132169,4.7,3.432169,7.5364494,4.5000005,3.036449,7.59904,4.3,3.2990398,7.534676,4.1,3.4346762,7.401884,3.9,3.501884,7.0307703,3.7714286,3.2593417,7.0775986,3.6428573,3.4347413,7.4650764,3.5142856,3.950791,6.612838,3.3857143,3.2271235,7.7175775,3.257143,4.4604344,6.909869,3.1285715,3.7812977,7.1080937,2.9999998,4.108094,7.7881536,2.9571428,4.831011,6.4920697,2.914286,3.5777838,6.3246384,2.8714287,3.4532096,7.4252653,2.8285716,4.596694,6.8282824,2.7857144,4.042568,6.6677084,2.742857,3.9248514,7.0047507,2.7,4.3047504,6.7235417,2.8000002,3.9235415,6.091156,2.9,3.191156
47,8.271233,8.814286,-0.5430536,7.358202,7.642858,-0.28465605,7.834467,6.471428,1.363039,7.0837545,5.3000007,1.7837539,8.064184,5.1,2.9641843,7.24119,4.9,2.3411899,7.668344,4.7,2.9683442,8.093921,4.5000005,3.5939202,7.5048757,4.3,3.2048755,7.565519,4.1,3.465519,7.50377,3.9,3.6037698,7.3774557,3.7714286,3.6060271,6.999026,3.6428573,3.3561685,7.0434737,3.5142856,3.5291882,7.43618,3.3857143,4.0504656,6.5899215,3.257143,3.3327785,7.690606,3.1285715,4.5620346,6.881187,2.9999998,3.8811872,7.0732036,2.9571428,4.1160607,7.760793,2.914286,4.846507,6.461866,2.8714287,3.5904372,6.2987056,2.8285716,3.470134,7.394557,2.7857144,4.608843,6.7930408,2.742857,4.050184,6.6318603,2.7,3.9318602,6.97809,2.8000002,4.1780896,6.6944237,2.9,3.7944236,6.0614014,2.9999998,3.0614016
48,8.255627,7.642858,0.61276865,7.3350444,6.471428,0.86361647,7.808485,5.3000007,2.5084844,7.066894,5.1,1.9668941,8.042144,4.9,3.1421437,7.224264,4.7,2.5242643,7.6449356,4.5000005,3.1449351,8.06463,4.3,3.7646294,7.4810834,4.1,3.3810835,7.5415416,3.9,3.6415415,7.48131,3.7714286,3.7098813,7.3610287,3.6428573,3.7181714,6.9799666,3.5142856,3.465681,7.0179267,3.3857143,3.6322124,7.4171863,3.257143,4.1600432,6.5735035,3.1285715,3.444932,7.67493,2.9999998,4.6749306,6.861828,2.9571428,3.904685,7.050699,2.914286,4.1364136,7.7436543,2.8714287,4.8722258,6.441188,2.8285716,3.6126163,6.283513,2.7857144,3.4977987,7.3746085,2.742857,4.6317515,6.76847,2.7,4.06847,6.6067233,2.8000002,3.806723,6.9618835,2.9,4.0618834,6.675131,2.9999998,3.675131,6.0437098,3.1,2.9437099
49,8.237468,6.471428,1.7660398,7.308816,5.3000007,2.0088153,7.7791996,5.1,2.6791997,7.050578,4.9,2.150578,8.018785,4.7,3.3187857,7.208016,4.5000005,2.7080154,7.623496,4.3,3.3234959,8.036704,4.1,3.9367042,7.456067,3.9,3.556067,7.518682,3.7714286,3.7472534,7.4591928,3.6428573,3.8163354,7.3464,3.5142856,3.8321142,6.965815,3.3857143,3.5801008,6.9935822,3.257143,3.7364392,7.400238,3.1285715,4.2716665,6.556401,2.9999998,3.556401,7.6625214,2.9571428,4.7053785,6.8456955,2.914286,3.9314096,7.032041,2.8714287,4.160612,7.728718,2.8285716,4.9001465,6.4235344,2.7857144,3.63782,6.2729692,2.742857,3.5301123,7.3582225,2.7,4.658222,6.7477803,2.8000002,3.9477801,6.5852017,2.9,3.6852016,6.9497886,2.9999998,3.9497888,6.660634,3.1,3.5606341,6.0319057,3.2,2.8319056
50,8.209703,5.3000007,2.9097028,7.275491,5.1,2.1754913,7.7434344,4.9,2.8434343,7.028489,4.7,2.3284893,7.988527,4.5000005,3.4885263,7.185618,4.3,2.8856177,7.5977283,4.1,3.4977283,8.004741,3.9,4.1047406,7.423088,3.7714286,3.6516595,7.4906335,3.6428573,3.8477762,7.430959,3.5142856,3.9166737,7.328321,3.3857143,3.9426067,6.948523,3.257143,3.69138,6.9643545,3.1285715,3.835783,7.3777995,2.9999998,4.3778,6.533167,2.9571428,3.576024,7.6460695,2.914286,4.731784,6.8268614,2.8714287,3.9554327,7.008752,2.8285716,4.1801805,7.7082562,2.7857144,4.9225416,6.402857,2.742857,3.6599998,6.260307,2.7,3.5603068,7.338527,2.8000002,4.538527,6.72456,2.9,3.8245597,6.560509,2.9999998,3.5605094,6.9353914,3.1,3.8353915,6.6456356,3.2,3.4456356,6.0189915,3.3,2.7189915
51,8.167305,5.1,3.067305,7.232894,4.9,2.3328938,7.6998916,4.7,2.9998918,6.9954715,4.5000005,2.495471,7.9466724,4.3,3.6466722,7.152365,4.1,3.0523653,7.5605726,3.9,3.6605725,7.963999,3.7714286,4.19257,7.3780026,3.6428573,3.7351453,7.4517007,3.5142856,3.9374151,7.3920507,3.3857143,4.006336,7.3009114,3.257143,4.0437684,6.9208837,3.1285715,3.7923121,6.92608,2.9999998,3.9260805,7.344216,2.9571428,4.387073,6.500378,2.914286,3.5860922,7.6184087,2.8714287,4.7469797,6.799751,2.8285716,3.9711792,6.9736333,2.7857144,4.1879187,7.6765776,2.742857,4.9337206,6.37435,2.7,3.67435,6.2384953,2.8000002,3.4384952,7.3094387,2.9,4.4094386,6.692876,2.9999998,3.692876,6.5270085,3.1,3.4270086,6.912265,3.2,3.7122648,6.623578,3.3,3.3235781,5.998039,3.4,2.5980387
52,8.11028,4.9,3.21028,7.1814613,4.7,2.4814615,7.64908,4.5000005,3.1490793,6.950686,4.3,2.6506858,7.892774,4.1,3.7927742,7.1079555,3.9,3.2079554,7.5100074,3.7714286,3.7385788,7.9131536,3.6428573,4.270296,7.32092,3.5142856,3.8066344,7.401173,3.3857143,4.015459,7.3415995,3.257143,4.0844564,7.2621427,3.1285715,4.133571,6.880458,2.9999998,3.880458,6.877971,2.9571428,3.9208283,7.2984347,2.914286,4.3841486,6.4581656,2.8714287,3.586737,7.5770664,2.8285716,4.748495,6.7625084,2.7857144,3.976794,6.924913,2.742857,4.182056,7.632424,2.7,4.9324236,6.3369737,2.8000002,3.5369735,6.205371,2.9,3.3053708,7.2691817,2.9999998,4.269182,6.6505847,3.1,3.5505848,6.483212,3.2,3.283212,6.878435,3.3,3.5784352,6.5917606,3.4,3.1917605,5.966658,3.4,2.566658
53,8.042736,4.7,3.3427362,7.123551,4.5000005,2.6235504,7.5933805,4.3,3.2933803,6.8977714,4.1,2.7977715,7.8297353,3.9,3.9297352,7.0556235,3.7714286,3.284195,7.4483666,3.6428573,3.8055093,7.855134,3.5142856,4.3408484,7.255497,3.3857143,3.8697827,7.3422565,3.257143,4.0851135,7.2821927,3.1285715,4.153621,7.214854,2.9999998,4.2148542,6.8308315,2.9571428,3.8736887,6.8223634,2.914286,3.9080775,7.2434096,2.8714287,4.3719807,6.4095025,2.8285716,3.580931,7.525764,2.7857144,4.7400494,6.718198,2.742857,3.9753408,6.866299,2.7,4.166299,7.579764,2.8000002,4.7797637,6.2932305,2.9,3.3932304,6.163914,2.9999998,3.1639144,7.221178,3.1,4.121178,6.6003504,3.2,3.4003503,6.4321218,3.3,3.1321218,6.837327,3.4,3.437327,6.552764,3.4,3.1527638,5.9279027,3.4,2.5279026
54,7.975031,4.5000005,3.4750304,7.0670414,4.3,2.7670412,7.5385737,4.1,3.4385738,6.844759,3.9,2.944759,7.767072,3.7714286,3.9956436,7.003309,3.6428573,3.3604515,7.385997,3.5142856,3.8717113,7.797321,3.3857143,4.411607,7.1914196,3.257143,3.9342766,7.283402,3.1285715,4.1548305,7.2225823,2.9999998,4.222583,7.1670284,2.9571428,4.2098856,6.7807965,2.914286,3.8665106,6.767255,2.8714287,3.895826,7.1883416,2.8285716,4.35977,6.3609676,2.7857144,3.5752532,7.473817,2.742857,4.73096,6.673738,2.7,3.973738,6.8077793,2.8000002,4.007779,7.5268784,2.9,4.6268783,6.24916,2.9999998,3.24916,6.121641,3.1,3.0216413,7.1731124,3.2,3.9731123,6.550369,3.3,3.2503688,6.3810906,3.4,2.9810905,6.7955546,3.4,3.3955545,6.512537,3.4,3.112537,5.8885813,3.4,2.4885812
55,7.9169936,4.3,3.6169934,7.019339,4.1,2.9193392,7.492161,3.9,3.5921607,6.7989173,3.7714286,3.0274887,7.713586,3.6428573,4.0707283,6.958355,3.5142856,3.4440694,7.3317795,3.3857143,3.9460652,7.7470665,3.257143,4.4899235,7.1372285,3.1285715,4.008657,7.23278,2.9999998,4.2327805,7.17108,2.9571428,4.2139373,7.125846,2.914286,4.2115602,6.7376156,2.8714287,3.8661869,6.7198877,2.8285716,3.8913162,7.140973,2.7857144,4.355259,6.319014,2.742857,3.576157,7.4292994,2.7,4.7292995,6.6349673,2.8000002,3.8349671,6.757628,2.9,3.8576279,7.481324,2.9999998,4.481324,6.2102175,3.1,3.1102176,6.0845785,3.2,2.8845785,7.1319847,3.3,3.8319848,6.5074296,3.4,3.1074295,6.336943,3.4,2.936943,6.7590556,3.4,3.3590555,6.4763856,3.4,3.0763855,5.8541355,3.4,2.4541354
56,7.8603425,4.1,3.7603426,6.9719734,3.9,3.0719733,7.448413,3.7714286,3.6769843,6.7578173,3.6428573,3.11496,7.6621594,3.5142856,4.147874,6.917211,3.3857143,3.5314968,7.27826,3.257143,4.021117,7.703867,3.1285715,4.5752954,7.0859294,2.9999998,4.08593,7.1870503,2.9571428,4.2299075,7.123094,2.914286,4.208808,7.087808,2.8714287,4.216379,6.7018256,2.8285716,3.873254,6.676978,2.7857144,3.8912637,7.096492,2.742857,4.353635,6.2803354,2.7,3.5803354,7.39084,2.8000002,4.59084,6.6023135,2.9,3.7023134,6.7133775,2.9999998,3.7133777,7.4429827,3.1,4.342983,6.1772776,3.2,2.9772775,6.0527616,3.3,2.7527616,7.098679,3.4,3.698679,6.4711533,3.4,3.0711532,6.3000484,3.4,2.9000483,6.7300634,3.4,3.3300633,6.446637,3.4,3.046637,5.8275175,3.4,2.4275174
57,7.8192787,3.9,3.9192786,6.936429,3.7714286,3.1650004,7.4175506,3.6428573,3.7746933,6.7309766,3.5142856,3.216691,7.6269703,3.3857143,4.2412558,6.8910985,3.257143,3.6339555,7.237996,3.1285715,4.1094246,7.6778383,2.9999998,4.6778383,7.0505695,2.9571428,4.0934267,7.1591725,2.914286,4.2448864,7.0911818,2.8714287,4.2197533,7.062108,2.8285716,4.2335367,6.682613,2.7857144,3.8968985,6.649868,2.742857,3.907011,7.06668,2.7,4.36668,6.2546616,2.8000002,3.4546614,7.3684688,2.9,4.4684687,6.5825224,2.9999998,3.5825226,6.686471,3.1,3.586471,7.42189,3.2,4.2218895,6.1579986,3.3,2.8579986,6.03459,3.4,2.6345897,7.0825562,3.4,3.6825562,6.4509835,3.4,3.0509834,6.279496,3.4,2.879496,6.7156587,3.4,3.3156586,6.429822,3.4,3.0298219,5.815798,3.4,2.4157977
58,7.8072114,3.7714286,4.035783,6.9248047,3.6428573,3.2819474,7.4098706,3.5142856,3.895585,6.7264786,3.3857143,3.3407643,7.6213484,3.257143,4.3642054,6.890433,3.1285715,3.7618613,7.2226977,2.9999998,4.222698,7.6782026,2.9571428,4.72106,7.043173,2.914286,4.128887,7.161356,2.8714287,4.2899275,7.087226,2.8285716,4.2586546,7.057738,2.7857144,4.272023,6.6879253,2.742857,3.9450684,6.649208,2.7,3.949208,7.0626206,2.8000002,4.2626204,6.251332,2.9,3.3513317,7.3711042,2.9999998,4.3711042,6.581712,3.1,3.4817119,6.6868873,3.2,3.4868872,7.426494,3.3,4.1264944,6.159627,3.4,2.7596269,6.037258,3.4,2.637258,7.091346,3.4,3.6913457,6.454971,3.4,3.0549707,6.2832522,3.4,2.8832521,6.7216063,3.4,3.3216062,6.4315844,3.4,3.0315843,5.824504,3.4,2.4245038
59,7.812956,3.6428573,4.1700983,6.929084,3.5142856,3.4147983,7.4159627,3.3857143,4.0302486,6.733678,3.257143,3.4765348,7.6338816,3.1285715,4.50531,6.9043984,2.9999998,3.9043987,7.223028,2.9571428,4.2658854,7.6927977,2.914286,4.778512,7.052508,2.8714287,4.181079,7.1808443,2.8285716,4.352273,7.0998807,2.7857144,4.314166,7.0662017,2.742857,4.3233447,6.7059846,2.7,4.0059843,6.664135,2.8000002,3.8641348,7.07413,2.9,4.17413,6.260927,2.9999998,3.2609274,7.387498,3.1,4.287498,6.590789,3.2,3.3907888,6.702612,3.3,3.402612,7.444255,3.4,4.044255,6.172633,3.4,2.772633,6.051233,3.4,2.6512327,7.1128726,3.4,3.7128725,6.4720235,3.4,3.0720234,6.2998405,3.4,2.8998404,6.737416,3.4,3.3374157,6.4425344,3.4,3.0425344,5.8428507,3.3714285,2.4714222
60,7.81822,3.5142856,4.3039346,6.9344187,3.3857143,3.5487044,7.4206567,3.257143,4.1635137,6.7379403,3.1285715,3.6093688,7.6460547,2.9999998,4.646055,6.9165215,2.9571428,3.9593787,7.223603,2.914286,4.3093166,7.704587,2.8714287,4.8331585,7.0609765,2.8285716,4.2324047,7.1983066,2.7857144,4.412592,7.111289,2.742857,4.368432,7.073851,2.7,4.373851,6.7205887,2.8000002,3.9205885,6.677915,2.9,3.777915,7.0849767,2.9999998,4.084977,6.2689996,3.1,3.1689997,7.401113,3.2,4.2011127,6.5973125,3.3,3.2973125,6.716204,3.4,3.316204,7.4580812,3.4,4.058081,6.1835613,3.4,2.7835612,6.063025,3.4,2.663025,7.1306214,3.4,3.7306213,6.4865413,3.4,3.0865412,6.313578,3.4,2.913578,6.7495666,3.4,3.3495665,6.4502225,3.3714285,3.078794,5.8572235,3.3428574,2.5143661
61,7.817096,3.3857143,4.431382,6.9353023,3.257143,3.6781592,7.4184756,3.1285715,4.289904,6.7356043,2.9999998,3.7356045,7.6513925,2.9571428,4.6942496,6.9218607,2.914286,4.007575,7.2199006,2.8714287,4.3484716,7.7088184,2.8285716,4.880247,7.0630083,2.7857144,4.277294,7.2075906,2.742857,4.4647336,7.1159606,2.7,4.4159603,7.076701,2.8000002,4.276701,6.7281256,2.9,3.8281255,6.685515,2.9999998,3.6855152,7.090349,3.1,3.9903493,6.271128,3.2,3.0711281,7.4076133,3.3,4.1076136,6.598675,3.4,3.1986747,6.723174,3.4,3.323174,7.4637628,3.4,4.0637627,6.189097,3.4,2.7890968,6.069438,3.4,2.669438,7.140288,3.4,3.7402878,6.4944677,3.4,3.0944676,6.3204784,3.4,2.9204783,6.7552195,3.3714285,3.383791,6.4520736,3.3428574,3.1092162,5.8650336,3.3142858,2.5507479
62,7.8096375,3.257143,4.5524945,6.930759,3.1285715,3.8021874,7.4088564,2.9999998,4.4088564,6.7278996,2.9571428,3.7707567,7.6493006,2.914286,4.735015,6.9208126,2.8714287,4.049384,7.212195,2.8285716,4.383623,7.7062974,2.7857144,4.920583,7.0585217,2.742857,4.315665,7.2089267,2.7,4.5089264,7.1141753,2.8000002,4.314175,7.075127,2.9,4.175127,6.7303085,2.9999998,3.7303088,6.6872754,3.1,3.5872755,7.0904603,3.2,3.8904603,6.2676888,3.3,2.9676888,7.408058,3.4,4.008058,6.596478,3.4,3.196478,6.7245045,3.4,3.3245044,7.462852,3.4,4.062852,6.1904206,3.4,2.7904205,6.071815,3.4,2.671815,7.1430035,3.4,3.7430034,6.4967966,3.4,3.0967965,6.321602,3.3714285,2.9501734,6.7561007,3.3428574,3.4132433,6.44995,3.3142858,3.1356645,5.8682423,3.2857144,2.5825279
63,7.7932487,3.1285715,4.664677,6.9174914,2.9999998,3.9174917,7.3892384,2.9571428,4.4320955,6.7139015,2.914286,3.7996156,7.636891,2.8714287,4.765462,6.91165,2.8285716,4.0830784,7.1981797,2.7857144,4.412465,7.695331,2.742857,4.952474,7.0447836,2.7,4.344784,7.200315,2.8000002,4.400315,7.1038013,2.9,4.203801,7.0673094,2.9999998,4.0673094,6.7263436,3.1,3.6263437,6.681206,3.2,3.4812062,7.08309,3.3,3.7830899,6.2571383,3.4,2.8571382,7.4010477,3.4,4.0010476,6.590183,3.4,3.1901827,6.718457,3.4,3.3184571,7.4546075,3.4,4.0546074,6.186743,3.4,2.7867427,6.0696354,3.4,2.6696353,7.1378,3.4,3.7378001,6.4922614,3.3714285,3.120833,6.3156943,3.3428574,2.972837,6.751881,3.3142858,3.4375954,6.4439464,3.2857144,3.158232,5.866819,3.257143,2.609676
64,7.761624,2.9999998,4.7616243,6.8892183,2.9571428,3.9320755,7.354131,2.914286,4.439845,6.68947,2.8714287,3.818041,7.6080227,2.8285716,4.7794514,6.8896723,2.7857144,4.103958,7.172183,2.742857,4.429326,7.6704264,2.7,4.9704266,7.0154014,2.8000002,4.215401,7.1763163,2.9,4.276316,7.0793595,2.9999998,4.07936,7.0484695,3.1,3.9484696,6.7118683,3.2,3.5118682,6.662005,3.3,3.362005,7.0630007,3.4,3.6630006,6.2350593,3.4,2.8350592,7.381934,3.4,3.981934,6.576079,3.4,3.1760788,6.6997223,3.4,3.2997222,7.434854,3.4,4.034854,6.174195,3.4,2.7741947,6.05964,3.4,2.6596398,7.120652,3.3714285,3.7492237,6.4764366,3.3428574,3.1335793,6.2981243,3.3142858,2.9838386,6.7391386,3.2857144,3.4534242,6.4311767,3.257143,3.1740336,5.857835,3.2285717,2.6292632
65,7.710912,2.9571428,4.7537694,6.8428864,2.914286,3.9286005,7.3012986,2.8714287,4.4298697,6.6516585,2.8285716,3.823087,7.5594425,2.7857144,4.7737284,6.8523555,2.742857,4.1094985,7.1301613,2.7,4.4301615,7.6280236,2.8000002,4.8280234,6.966517,2.9,4.066517,7.13392,2.9999998,4.1339207,7.0377955,3.1,3.9377956,7.015472,3.2,3.815472,6.6835966,3.3,3.3835967,6.6265073,3.4,3.2265072,7.027215,3.4,3.627215,6.198881,3.4,2.798881,7.3479447,3.4,3.9479446,6.5509686,3.4,3.1509686,6.6647673,3.4,3.2647672,7.400861,3.4,4.0008607,6.1497126,3.4,2.7497125,6.03922,3.3714285,2.6677914,7.0892234,3.3428574,3.746366,6.446381,3.3142858,3.1320953,6.2657704,3.2857144,2.980056,6.715102,3.257143,3.4579592,6.4088454,3.2285717,3.1802738,5.838809,3.2,2.638809
66,7.651973,2.914286,4.737687,6.790109,2.8714287,3.9186804,7.2430634,2.8285716,4.4144917,6.6073937,2.7857144,3.8216794,7.5025535,2.742857,4.7596965,6.8082914,2.7,4.1082916,7.080121,2.8000002,4.280121,7.5774274,2.9,4.6774273,6.908964,2.9999998,3.9089644,7.0831094,3.1,3.9831095,6.989048,3.2,3.789048,6.9756746,3.3,3.6756747,6.6476574,3.4,3.2476573,6.5834646,3.4,3.1834645,6.984409,3.4,3.5844088,6.156494,3.4,2.756494,7.307129,3.4,3.9071288,6.5194073,3.4,3.1194072,6.621384,3.4,3.221384,7.3600593,3.4,3.9600592,6.118231,3.3714285,2.7468023,6.012325,3.3428574,2.6694674,7.0508866,3.3142858,3.7366009,6.4090347,3.2857144,3.1233203,6.2258964,3.257143,2.9687533,6.6843243,3.2285717,3.4557526,6.3800774,3.2,3.1800773,5.8134813,3.3,2.5134814
67,7.6036344,2.8714287,4.7322054,6.748684,2.8285716,3.9201124,7.1970096,2.7857144,4.411295,6.5697637,2.742857,3.8269067,7.4563193,2.7,4.756319,6.7716246,2.8000002,3.9716244,7.0376396,2.9,4.1376395,7.535059,2.9999998,4.535059,6.861478,3.1,3.761478,7.040849,3.2,3.8408492,6.949391,3.3,3.649391,6.942391,3.4,3.5423908,6.6163893,3.4,3.2163892,6.547659,3.4,3.1476588,6.9490156,3.4,3.5490155,6.1212077,3.4,2.7212076,7.273316,3.4,3.8733158,6.4913917,3.4,3.0913916,6.5840273,3.4,3.1840272,7.3254952,3.3714285,3.9540668,6.090052,3.3428574,2.7471948,5.987759,3.3142858,2.6734734,7.018277,3.2857144,3.7325628,6.377053,3.257143,3.1199098,6.1916537,3.2285717,2.963082,6.656565,3.2,3.4565651,6.353016,3.3,3.053016,5.7903247,3.4,2.3903246
68,7.569553,2.8285716,4.740981,6.721042,2.7857144,3.9353278,7.1648808,2.742857,4.422024,6.5420423,2.7,3.8420422,7.42403,2.8000002,4.6240296,6.745277,2.9,3.8452768,7.006548,2.9999998,4.006548,7.5045514,3.1,4.4045515,6.8278365,3.2,3.6278365,7.010637,3.3,3.7106369,6.921689,3.4,3.521689,6.918838,3.4,3.518838,6.5937347,3.4,3.1937346,6.5222464,3.4,3.1222463,6.92402,3.4,3.5240197,6.0957556,3.4,2.6957555,7.2499223,3.4,3.8499222,6.4703765,3.4,3.0703764,6.55673,3.3714285,3.1853013,7.3003864,3.3428574,3.957529,6.068414,3.3142858,2.7541285,5.9688673,3.2857144,2.683153,6.994611,3.257143,3.7374678,6.3538127,3.2285717,3.125241,6.166382,3.2,2.9663818,6.6353536,3.3,3.3353536,6.3311834,3.4,2.9311833,5.7727113,3.5,2.2727113
69,7.547956,2.7857144,4.7622414,6.7045712,2.742857,3.9617143,7.1438184,2.7,4.443818,6.52385,2.8000002,3.7238498,7.403386,2.9,4.503386,6.7284174,2.9999998,3.7284176,6.9860363,3.1,3.8860364,7.4850674,3.2,4.2850676,6.8063946,3.3,3.5063946,6.9912558,3.4,3.5912557,6.904473,3.4,3.5044727,6.904406,3.4,3.504406,6.580422,3.4,3.1804218,6.5065503,3.4,3.1065502,6.908567,3.4,3.5085669,6.079293,3.4,2.6792927,7.2365975,3.4,3.8365974,6.4572845,3.3714285,3.085856,6.5395403,3.3428574,3.196683,7.2848234,3.3142858,3.9705377,6.053946,3.2857144,2.7682316,5.956769,3.257143,2.699626,6.9798884,3.2285717,3.7513168,6.339384,3.2,3.139384,6.150076,3.3,2.850076,6.621748,3.4,3.2217479,6.3160973,3.5,2.8160973,5.7619843,3.6,2.1619844
70,7.5373464,2.742857,4.7944894,6.6969995,2.7,3.9969995,7.1317534,2.8000002,4.3317533,6.51458,2.9,3.6145797,7.392454,2.9999998,4.392454,6.720158,3.1,3.6201582,6.9749074,3.2,3.7749074,7.475529,3.3,4.1755295,6.7956414,3.4,3.3956413,6.981484,3.4,3.5814838,6.896313,3.4,3.496313,6.8981304,3.4,3.4981303,6.576322,3.4,3.176322,6.4997187,3.4,3.0997186,6.901677,3.4,3.501677,6.0709996,3.4,2.6709995,7.23229,3.3714285,3.8608613,6.4522986,3.3428574,3.1094413,6.5318065,3.3142858,3.2175207,7.2786674,3.2857144,3.992953,6.046716,3.257143,2.7895732,5.951793,3.2285717,2.7232215,6.973615,3.2,3.7736151,6.3332934,3.3,3.0332935,6.142373,3.4,2.742373,6.615984,3.5,3.115984,6.308436,3.6,2.708436,5.7585735,3.6999998,2.0585737
71,7.5355186,2.7,4.835519,6.6955004,2.8000002,3.8955002,7.1260676,2.9,4.2260675,6.512755,2.9999998,3.5127552,7.388695,3.1,4.288695,6.7190166,3.2,3.5190165,6.971297,3.3,3.6712968,7.473813,3.4,4.073813,6.793302,3.4,3.393302,6.979321,3.4,3.579321,6.8951783,3.4,3.4951782,6.8982778,3.4,3.4982777,6.5803747,3.4,3.1803746,6.500248,3.4,3.1002479,6.9019284,3.4,3.5019283,6.0694237,3.3714285,2.6979952,7.2349815,3.3428574,3.8921242,6.4546385,3.3142858,3.1403527,6.5319343,3.2857144,3.2462199,7.28098,3.257143,4.023837,6.045995,3.2285717,2.8174236,5.953376,3.2,2.7533758,6.9743443,3.3,3.6743443,6.334287,3.4,2.934287,6.1420655,3.5,2.6420655,6.617186,3.6,3.0171862,6.3078403,3.6999998,2.6078405,5.7619915,3.8000002,1.9619913
72,7.537873,2.8000002,4.7378726,6.695288,2.9,3.795288,7.1220655,2.9999998,4.1220655,6.515331,3.1,3.415331,7.3880906,3.2,4.1880903,6.722409,3.3,3.4224088,6.9719105,3.4,3.5719104,7.4765506,3.4,4.0765505,6.7953525,3.4,3.3953524,6.981896,3.4,3.5818958,6.8977475,3.4,3.4977474,6.901872,3.4,3.501872,6.590994,3.4,3.1909938,6.505659,3.4,3.105659,6.9070435,3.3714285,3.535615,6.0717335,3.3428574,2.728876,7.241637,3.3142858,3.9273515,6.4625316,3.2857144,3.1768172,6.5373616,3.257143,3.2802186,7.2898073,3.2285717,4.0612354,6.050505,3.2,2.850505,5.9604344,3.3,2.6604345,6.980039,3.4,3.580039,6.3406453,3.5,2.8406453,6.1473737,3.6,2.5473738,6.623841,3.6999998,2.923841,6.3132696,3.8000002,2.5132694,5.7717967,3.9,1.8717966
73,7.5343494,2.9,4.6343493,6.687459,2.9999998,3.6874592,7.1116524,3.1,4.0116525,6.514234,3.2,3.314234,7.382647,3.3,4.0826473,6.7231665,3.4,3.3231664,6.967983,3.4,3.5679827,7.4747133,3.4,4.074713,6.7931566,3.4,3.3931565,6.981524,3.4,3.581524,6.895197,3.4,3.4951968,6.901061,3.4,3.501061,6.600104,3.4,3.2001038,6.508031,3.3714285,3.1366024,6.9095917,3.3428574,3.5667343,6.0707817,3.3142858,2.756496,7.243071,3.2857144,3.9573567,6.4684315,3.257143,3.2112885,6.5399113,3.2285717,3.3113396,7.2970734,3.2,4.0970736,6.054146,3.3,2.7541459,5.9668937,3.4,2.5668936,6.9838505,3.5,3.4838505,6.3451104,3.6,2.7451105,6.15177,3.6999998,2.4517703,6.629267,3.8000002,2.829267,6.318083,3.9,2.4180827,5.782095,3.7714286,2.0106664
74,7.512985,2.9999998,4.512985,6.6625743,3.1,3.5625744,7.086676,3.2,3.886676,6.4985805,3.3,3.1985805,7.362984,3.4,3.962984,6.710721,3.4,3.310721,6.947857,3.4,3.5478568,7.4556475,3.4,4.0556474,6.77589,3.4,3.3758898,6.966835,3.4,3.566835,6.8753357,3.4,3.4753356,6.8850975,3.4,3.4850974,6.593325,3.3714285,3.2218966,6.495251,3.3428574,3.1523938,6.8977923,3.3142858,3.5835066,6.056808,3.2857144,2.7710936,7.225773,3.257143,3.9686298,6.459989,3.2285717,3.2314174,6.5268764,3.2,3.3268764,7.2891498,3.3,3.9891498,6.046256,3.4,2.646256,5.96159,3.5,2.4615898,6.9745746,3.6,3.3745747,6.3353133,3.6999998,2.6353135,6.14419,3.8000002,2.3441896,6.621838,3.9,2.721838,6.310223,3.7714286,2.5387945,5.780578,3.6428573,2.1377208
75,7.4850903,3.1,4.3850904,6.6325283,3.2,3.4325283,7.0587606,3.3,3.7587607,6.4751983,3.4,3.0751982,7.340518,3.4,3.940518,6.691827,3.4,3.2918267,6.920516,3.4,3.520516,7.4266515,3.4,4.0266514,6.7535458,3.4,3.3535457,6.94507,3.4,3.5450697,6.8470535,3.4,3.4470534,6.861,3.3714285,3.4895716,6.573849,3.3428574,3.2309918,6.4736934,3.3142858,3.1594076,6.8781934,3.2857144,3.592479,6.036327,3.257143,2.7791839,7.1966543,3.2285717,3.9680827,6.439985,3.2,3.2399848,6.504494,3.3,3.2044942,7.2702227,3.4,3.8702226,6.029541,3.5,2.529541,5.94607,3.6,2.3460703,6.9566402,3.6999998,3.2566404,6.315558,3.8000002,2.5155578,6.128874,3.9,2.2288737,6.6032553,3.7714286,2.8318267,6.2903123,3.6428573,2.647455,5.76708,3.5142856,2.2527943
76,7.4865913,3.2,4.2865915,6.629395,3.3,3.329395,7.0565248,3.4,3.6565247,6.472595,3.4,3.0725951,7.3477745,3.4,3.9477744,6.695581,3.4,3.2955809,6.918705,3.4,3.518705,7.420349,3.4,4.020349,6.75841,3.4,3.35841,6.9476857,3.4,3.5476856,6.84483,3.3714285,3.4734015,6.8577137,3.3428574,3.5148563,6.5733047,3.3142858,3.259019,6.4744883,3.2857144,3.1887739,6.88203,3.257143,3.624887,6.0358186,3.2285717,2.807247,7.190547,3.2,3.990547,6.4346223,3.3,3.1346223,6.5054684,3.4,3.1054683,7.271353,3.5,3.7713528,6.0281286,3.6,2.4281287,5.944821,3.6999998,2.244821,6.957653,3.8000002,3.1576529,6.3152447,3.9,2.4152446,6.132156,3.7714286,2.3607273,6.5978904,3.6428573,2.955033,6.282273,3.5142856,2.7679873,5.76568,3.3857143,2.3799655
77,7.510462,3.3,4.2104616,6.646306,3.4,3.246306,7.071903,3.4,3.6719031,6.488098,3.4,3.088098,7.3767457,3.4,3.9767456,6.7179594,3.4,3.3179593,6.938514,3.4,3.5385141,7.4344006,3.4,4.0344005,6.7837806,3.4,3.3837805,6.9705,3.3714285,3.5990715,6.8642545,3.3428574,3.521397,6.8732,3.3142858,3.5589142,6.5925364,3.2857144,3.306822,6.49473,3.257143,3.237587,6.9054174,3.2285717,3.6768458,6.0515966,3.2,2.8515966,7.2067976,3.3,3.9067976,6.445079,3.4,3.0450788,6.528179,3.5,3.0281792,7.2909665,3.6,3.6909666,6.0421357,3.6999998,2.342136,5.95962,3.8000002,2.1596198,6.9764023,3.9,3.0764022,6.3340077,3.7714286,2.5625792,6.15192,3.6428573,2.5090625,6.6076655,3.5142856,3.09338,6.2896175,3.3857143,2.9039032,5.779185,3.257143,2.5220418
78,7.54713,3.4,4.14713,6.6746435,3.4,3.2746434,7.0968285,3.4,3.6968284,6.515747,3.4,3.115747,7.418035,3.4,4.018035,6.75261,3.4,3.35261,6.9723716,3.4,3.5723715,7.4630585,3.4,4.0630584,6.821189,3.3714285,3.4497604,7.006689,3.3428574,3.6638317,6.898229,3.3142858,3.5839434,6.9018855,3.2857144,3.6161711,6.6277056,3.257143,3.3705626,6.5284023,3.2285717,3.2998307,6.9420114,3.2,3.7420113,6.0777283,3.3,2.7777283,7.2398996,3.4,3.8398995,6.467979,3.5,2.967979,6.566892,3.6,2.9668922,7.3241453,3.6999998,3.6241455,6.068222,3.8000002,2.2682219,5.987476,3.9,2.0874758,7.0084944,3.7714286,3.2370658,6.3675594,3.6428573,2.7247021,6.1837583,3.5142856,2.6694727,6.630062,3.3857143,3.2443478,6.3104486,3.257143,3.0533056,5.805965,3.1285715,2.6773934
79,7.584406,3.4,4.184406,6.703757,3.4,3.3037567,7.1220183,3.4,3.7220182,6.5459256,3.4,3.1459255,7.45986,3.4,4.0598598,6.789573,3.4,3.389573,7.0084133,3.4,3.6084132,7.495627,3.3714285,4.1241984,6.8591027,3.3428574,3.5162454,7.0450034,3.3142858,3.7307177,6.935647,3.2857144,3.6499326,6.933964,3.257143,3.6768208,6.6683,3.2285717,3.4397285,6.5650043,3.2,3.3650043,6.981443,3.3,3.681443,6.105251,3.4,2.7052507,7.2786856,3.5,3.7786856,6.494365,3.6,2.8943653,6.6103106,3.6999998,2.9103107,7.3609815,3.8000002,3.5609813,6.097758,3.9,2.1977577,6.019755,3.7714286,2.2483263,7.0445333,3.6428573,3.401676,6.4059405,3.5142856,2.891655,6.218336,3.3857143,2.8326218,6.65677,3.257143,3.3996272,6.336542,3.1285715,3.2079706,5.837996,2.9999998,2.8379962
80,7.604713,3.4,4.204713,6.7187543,3.4,3.3187542,7.1340947,3.4,3.7340946,6.5633917,3.4,3.1633916,7.4845552,3.4,4.084555,6.8127904,3.4,3.4127903,7.028407,3.3714285,3.6569786,7.514037,3.3428574,4.17118,6.880163,3.3142858,3.5658774,7.066882,3.2857144,3.7811677,6.9584427,3.257143,3.7012997,6.953436,3.2285717,3.7248642,6.6949215,3.2,3.4949214,6.5873427,3.3,3.2873428,7.006538,3.4,3.6065378,6.1202674,3.5,2.6202674,7.3041286,3.6,3.7041287,6.508775,3.6999998,2.8087754,6.639356,3.8000002,2.839356,7.3840394,3.9,3.4840393,6.1154494,3.7714286,2.3440208,6.0409117,3.6428573,2.3980544,7.0678806,3.5142856,3.553595,6.43125,3.3857143,3.0455358,6.2391496,3.257143,2.9820065,6.67275,3.1285715,3.5441785,6.3523264,2.9999998,3.3523266,5.8593307,3.1428573,2.7164733
81,7.605527,3.4,4.205527,6.718504,3.4,3.3185039,7.1327925,3.4,3.7327924,6.563652,3.4,3.163652,7.4890766,3.4,4.0890765,6.8176746,3.3714285,3.4462461,7.0272737,3.3428574,3.6844163,7.512962,3.3142858,4.198676,6.88139,3.2857144,3.5956757,7.0680213,3.257143,3.8108783,6.9615664,3.2285717,3.7329948,6.9545293,3.2,3.7545292,6.698252,3.3,3.3982522,6.590219,3.4,3.190219,7.0115213,3.5,3.5115213,6.1199675,3.6,2.5199676,7.3082156,3.6999998,3.6082158,6.5049486,3.8000002,2.7049484,6.646481,3.9,2.746481,7.386575,3.7714286,3.6151466,6.1154137,3.6428573,2.4725564,6.043458,3.5142856,2.5291724,7.072103,3.3857143,3.6863887,6.435489,3.257143,3.1783462,6.2405725,3.1285715,3.112001,6.6716585,2.9999998,3.6716588,6.3495846,3.1428573,3.2067273,5.861488,3.2857144,2.5757735
82,7.6017923,3.4,4.2017922,6.7161183,3.4,3.3161182,7.130764,3.4,3.730764,6.5575123,3.4,3.1575122,7.488041,3.3714285,4.1166124,6.815301,3.3428574,3.4724436,7.018166,3.3142858,3.7038803,7.504988,3.2857144,4.2192736,6.877023,3.257143,3.6198802,7.0625224,3.2285717,3.8339508,6.9577045,3.2,3.7577045,6.947578,3.3,3.647578,6.6886945,3.4,3.2886944,6.5852895,3.5,3.0852895,7.0075955,3.6,3.4075956,6.115114,3.6999998,2.4151144,7.3020334,3.8000002,3.5020332,6.492308,3.9,2.592308,6.6425405,3.7714286,2.8711119,7.379658,3.6428573,3.736801,6.106648,3.5142856,2.5923624,6.0356026,3.3857143,2.6498883,7.06716,3.257143,3.810017,6.428777,3.1285715,3.3002057,6.233175,2.9999998,3.233175,6.6619744,3.1428573,3.519117,6.336229,3.2857144,3.0505145,5.8522105,3.4285715,2.423639
83,7.602904,3.4,4.2029037,6.718907,3.4,3.3189068,7.134239,3.4,3.734239,6.5537343,3.3714285,3.1823058,7.49043,3.3428574,4.1475725,6.814531,3.3142858,3.500245,7.0113883,3.2857144,3.725674,7.500198,3.257143,4.243055,6.8762527,3.2285717,3.647681,7.060289,3.2,3.8602889,6.956474,3.3,3.6564739,6.9421344,3.4,3.5421343,6.6785865,3.5,3.1785865,6.582349,3.6,2.982349,7.004485,3.6999998,3.3044853,6.113359,3.8000002,2.3133588,7.297109,3.9,3.397109,6.4809246,3.7714286,2.709496,6.638465,3.6428573,2.9956076,7.373978,3.5142856,3.8596926,6.098295,3.3857143,2.712581,6.027401,3.257143,2.770258,7.062663,3.1285715,3.9340916,6.422016,2.9999998,3.4220164,6.2264247,3.1428573,3.0835674,6.6530805,3.2857144,3.367366,6.32301,3.4285715,2.8944385,5.8418803,3.5714285,2.2704518
84,7.6146045,3.4,4.2146044,6.7312703,3.4,3.3312702,7.146375,3.3714285,3.7749467,6.55856,3.3428574,3.2157025,7.501278,3.3142858,4.186992,6.822134,3.2857144,3.5364196,7.014212,3.257143,3.757069,7.5060887,3.2285717,4.2775173,6.8847513,3.2,3.6847513,7.0681586,3.3,3.7681587,6.965116,3.4,3.565116,6.945387,3.5,3.445387,6.6784787,3.6,3.0784788,6.589186,3.6999998,2.8891864,7.0100083,3.8000002,3.2100081,6.1202135,3.9,2.2202134,7.3027177,3.7714286,3.531289,6.4791727,3.6428573,2.8363154,6.6433163,3.5142856,3.1290307,7.37821,3.3857143,3.9924958,6.098242,3.257143,2.8410988,6.0274835,3.1285715,2.898912,7.0662017,2.9999998,4.066202,6.4242,3.1428573,3.2813427,6.2278686,3.2857144,2.9421542,6.65297,3.4285715,3.2243984,6.319287,3.5714285,2.7478583,5.83988,3.7142856,2.1255944
85,7.641641,3.4,4.241641,6.757156,3.3714285,3.3857274,7.170133,3.3428574,3.8272758,6.5769258,3.3142858,3.26264,7.525007,3.2857144,4.239292,6.844187,3.257143,3.5870438,7.0324206,3.2285717,3.803849,7.5289803,3.2,4.3289804,6.907476,3.3,3.607476,7.0923696,3.4,3.6923695,6.990193,3.5,3.490193,6.9629607,3.6,3.3629608,6.697033,3.6999998,2.997033,6.6126747,3.8000002,2.8126745,7.031206,3.9,3.131206,6.1405025,3.7714286,2.3690739,7.3261003,3.6428573,3.683243,6.493609,3.5142856,2.9793234,6.664963,3.3857143,3.2792485,7.3997107,3.257143,4.1425676,6.1133685,3.1285715,2.984797,6.0427413,2.9999998,3.0427415,7.0843086,3.1428573,3.9414513,6.4427276,3.2857144,3.1570132,6.2443438,3.4285715,2.8157723,6.6681833,3.5714285,3.0967548,6.332101,3.7142856,2.6178153,5.8540606,3.8571427,1.996918
86,7.6811233,3.3714285,4.309695,6.79378,3.3428574,3.4509225,7.202851,3.3142858,3.888565,6.6069903,3.2857144,3.321276,7.5591455,3.257143,4.3020024,6.8792014,3.2285717,3.6506298,7.0640993,3.2,3.8640993,7.5669928,3.3,4.2669926,6.942052,3.4,3.5420518,7.131128,3.5,3.6311278,7.0300655,3.6,3.4300656,6.993096,3.6999998,3.293096,6.733366,3.8000002,2.9333658,6.6514006,3.9,2.7514005,7.0668764,3.7714286,3.2954478,6.1724825,3.6428573,2.5296252,7.36525,3.5142856,3.8509645,6.5230465,3.3857143,3.1373322,6.7023506,3.257143,3.4452076,7.4371943,3.1285715,4.308623,6.143094,2.9999998,3.1430943,6.0723624,3.1428573,2.929505,7.1158657,3.2857144,3.8301513,6.476576,3.4285715,3.0480044,6.275061,3.5714285,2.7036326,6.6976614,3.7142856,2.9833758,6.3605943,3.8571427,2.5034516,5.884195,4.0,1.8841949
87,7.7173643,3.3428574,4.374507,6.8271227,3.3142858,3.512837,7.231693,3.2857144,3.9459784,6.636733,3.257143,3.37959,7.588653,3.2285717,4.3600817,6.913469,3.2,3.7134688,7.095777,3.3,3.795777,7.6057553,3.4,4.205755,6.973808,3.5,3.4738078,7.168746,3.6,3.568746,7.0699115,3.6999998,3.3699117,7.0236177,3.8000002,3.2236176,6.773706,3.9,2.8737059,6.691201,3.7714286,2.9197726,7.1031823,3.6428573,3.460325,6.2037973,3.5142856,2.6895118,7.405572,3.3857143,4.0198574,6.5562835,3.257143,3.2991405,6.7409425,3.1285715,3.612371,7.4769554,2.9999998,4.4769554,6.175907,3.1428573,3.0330498,6.1050115,3.2857144,2.819297,7.14802,3.4285715,3.7194483,6.5129414,3.5714285,2.9415128,6.3073444,3.7142856,2.5930588,6.729995,3.8571427,2.872852,6.3941154,4.0,2.3941154,5.919225,3.9285715,1.9906538
88,7.732601,3.3142858,4.4183154,6.8416867,3.2857144,3.5559723,7.2427664,3.257143,3.9856234,6.6522017,3.2285717,3.42363,7.596341,3.2,4.3963413,6.9305153,3.3,3.6305153,7.111198,3.4,3.7111979,7.6285763,3.5,4.1285763,6.9861503,3.6,3.3861504,7.186489,3.6999998,3.4864893,7.0915194,3.8000002,3.2915192,7.040212,3.9,3.140212,6.8005233,3.7714286,3.0290947,6.714641,3.6428573,3.0717838,7.1228733,3.5142856,3.6085877,6.2201724,3.3857143,2.834458,7.42925,3.257143,4.1721067,6.579887,3.1285715,3.4513154,6.76254,2.9999998,3.76254,7.502047,3.1428573,4.35919,6.1976433,3.2857144,2.911929,6.126296,3.4285715,2.6977246,7.165185,3.5714285,3.5937564,6.535705,3.7142856,2.8214195,6.3257403,3.8571427,2.4685977,6.751527,4.0,2.7515268,6.41945,3.9285715,2.4908783,5.94453,3.8571427,2.0873873
89,7.7114196,3.2857144,4.425705,6.823907,3.257143,3.5667639,7.2234483,3.2285717,3.9948766,6.6412954,3.2,3.4412954,7.5678353,3.3,4.2678356,6.9162526,3.4,3.5162525,7.09541,3.5,3.5954099,7.6209393,3.6,4.0209394,6.9643497,3.6999998,3.26435,7.1688986,3.8000002,3.3688984,7.0784945,3.9,3.1784945,7.0300536,3.7714286,3.258625,6.7979093,3.6428573,3.155052,6.7061834,3.5142856,3.1918979,7.1101403,3.3857143,3.724426,6.209679,3.257143,2.952536,7.4206586,3.1285715,4.292087,6.582056,2.9999998,3.5820563,6.7506795,3.1428573,3.6078222,7.4973855,3.2857144,4.211671,6.1962385,3.4285715,2.767667,6.1237264,3.5714285,2.5522978,7.154163,3.7142856,3.4398773,6.5303307,3.8571427,2.673188,6.316589,4.0,2.3165889,6.7507267,3.9285715,2.8221552,6.425163,3.8571427,2.56802,5.947049,3.7857141,2.161335
90,7.6435084,3.257143,4.3863654,6.7636547,3.2285717,3.535083,7.1626964,3.2,3.9626963,6.596609,3.3,3.2966092,7.495952,3.4,4.095952,6.8635287,3.5,3.3635287,7.038584,3.6,3.4385843,7.573488,3.6999998,3.8734884,6.8981404,3.8000002,3.0981402,7.108889,3.9,3.208889,7.021247,3.7714286,3.2498183,6.9847646,3.6428573,3.3419073,6.757258,3.5142856,3.2429724,6.6567407,3.3857143,3.2710264,7.055797,3.257143,3.798654,6.1653314,3.1285715,3.0367599,7.3716507,2.9999998,4.3716507,6.55508,3.1428573,3.4122226,6.696035,3.2857144,3.4103205,7.4544973,3.4285715,4.0259256,6.165296,3.5714285,2.5938675,6.091724,3.7142856,2.3774383,7.108939,3.8571427,3.2517965,6.4892607,4.0,2.4892607,6.2718625,3.9285715,2.343291,6.7211394,3.8571427,2.8639967,6.405227,3.7857141,2.619513,5.920792,3.7142856,2.2065065
91,7.528086,3.2285717,4.299515,6.6587534,3.2,3.4587533,7.0559683,3.3,3.7559683,6.5181084,3.4,3.1181083,7.3841963,3.5,3.8841963,6.774995,3.6,3.174995,6.941408,3.6999998,3.2414083,7.4844747,3.8000002,3.6844745,6.7863083,3.9,2.8863082,7.0097504,3.7714286,3.2383218,6.9214244,3.6428573,3.278567,6.9043503,3.5142856,3.3900647,6.6812525,3.3857143,3.2955382,6.5675216,3.257143,3.3103786,6.9621725,3.1285715,3.833601,6.086829,2.9999998,3.0868294,7.2857094,3.1428573,4.142852,6.4973707,3.2857144,3.2116563,6.6011906,3.4285715,3.172619,7.3746953,3.5714285,3.8032668,6.1050982,3.7142856,2.3908126,6.033958,3.8571427,2.1768153,7.0329404,4.0,3.0329404,6.415571,3.9285715,2.4869998,6.192074,3.8571427,2.3349311,6.6625934,3.7857141,2.8768792,6.360152,3.7142856,2.6458662,5.869109,3.6428573,2.2262518
92,7.405482,3.2,4.2054815,6.545158,3.3,3.245158,6.9379287,3.4,3.5379286,6.435328,3.5,2.935328,7.2720456,3.6,3.6720457,6.6845193,3.6999998,2.9845195,6.8410096,3.8000002,3.0410094,7.387624,3.9,3.4876237,6.668016,3.7714286,2.8965874,6.9082556,3.6428573,3.2653983,6.818,3.5142856,3.3037143,6.819675,3.3857143,3.4339607,6.60484,3.257143,3.3476968,6.4742947,3.1285715,3.3457232,6.867129,2.9999998,3.867129,6.0022583,3.1428573,2.859401,7.199475,3.2857144,3.9137604,6.433658,3.4285715,3.0050867,6.5049276,3.5714285,2.933499,7.2919135,3.7142856,3.577628,6.040732,3.8571427,2.1835892,5.9773803,4.0,1.9773803,6.957206,3.9285715,3.0286343,6.342424,3.8571427,2.4852812,6.1090136,3.7857141,2.3232994,6.5992723,3.7142856,2.8849866,6.311615,3.6428573,2.6687577,5.8186355,3.5714285,2.247207
93,7.3322897,3.3,4.0322895,6.4756584,3.4,3.0756583,6.862613,3.5,3.3626132,6.3880067,3.6,2.7880068,7.2098284,3.6999998,3.5098286,6.6355195,3.8000002,2.8355193,6.7842817,3.9,2.8842816,7.3314953,3.7714286,3.5600667,6.5987263,3.6428573,2.955869,6.851302,3.5142856,3.3370166,6.7612505,3.3857143,3.3755362,6.7714286,3.257143,3.5142856,6.5690284,3.1285715,3.4404569,6.4238033,2.9999998,3.4238036,6.818171,3.1428573,3.6753137,5.9519444,3.2857144,2.66623,7.1557937,3.4285715,3.7272222,6.3982673,3.5714285,2.8268387,6.454803,3.7142856,2.7405174,7.2499576,3.8571427,3.3928149,6.005991,4.0,2.005991,5.951555,3.9285715,2.0229833,6.9193897,3.8571427,3.062247,6.3084745,3.7857141,2.5227604,6.0649314,3.7142856,2.3506458,6.564155,3.6428573,2.9212978,6.286134,3.5714285,2.7147052,5.798451,3.5,2.298451
94,7.299439,3.4,3.8994389,6.4430494,3.5,2.9430494,6.82454,3.6,3.2245402,6.368167,3.6999998,2.668167,7.1856318,3.8000002,3.3856316,6.617957,3.9,2.717957,6.7599244,3.7714286,2.9884958,7.3074045,3.6428573,3.6645472,6.5688114,3.5142856,3.0545259,6.8282475,3.3857143,3.4425333,6.7395077,3.257143,3.4823647,6.7511725,3.1285715,3.622601,6.56079,2.9999998,3.5607903,6.4055157,3.1428573,3.2626584,6.8026385,3.2857144,3.5169241,5.9296327,3.4285715,2.5010612,7.142027,3.5714285,3.5705984,6.3840594,3.7142856,2.6697738,6.438366,3.8571427,2.5812232,7.2376146,4.0,3.2376146,5.993117,3.9285715,2.0645454,5.946191,3.8571427,2.0890481,6.908774,3.7857141,3.1230597,6.3008113,3.7142856,2.5865257,6.049759,3.6428573,2.4069016,6.550578,3.5714285,2.9791496,6.276539,3.5,2.7765388,5.7973065,3.4,2.3973064
95,7.2933364,3.5,3.7933364,6.4348307,3.6,2.8348308,6.8119845,3.6999998,3.1119847,6.3659687,3.8000002,2.5659685,7.184627,3.9,3.284627,6.6197124,3.7714286,2.8482838,6.755375,3.6428573,3.1125176,7.303866,3.5142856,3.7895803,6.5641184,3.3857143,3.178404,6.8263397,3.257143,3.5691967,6.7388706,3.1285715,3.610299,6.7484922,2.9999998,3.7484925,6.567806,3.1428573,3.4249485,6.406804,3.2857144,3.1210897,6.8064737,3.4285715,3.3779023,5.9260316,3.5714285,2.354603,7.145399,3.7142856,3.4311135,6.3833723,3.8571427,2.5262296,6.4415555,4.0,2.4415555,7.2428675,3.9285715,3.314296,5.9937725,3.8571427,2.1366298,5.952027,3.7857141,2.1663127,6.9136972,3.7142856,3.1994116,6.3073707,3.6428573,2.6645133,6.0517125,3.5714285,2.480284,6.5506153,3.5,3.0506153,6.2770214,3.4,2.8770213,5.8057356,3.3,2.5057356
96,7.3081107,3.6,3.7081108,6.4451303,3.6999998,2.7451305,6.8190117,3.8000002,3.0190115,6.37793,3.9,2.47793,7.2004085,3.7714286,3.4289799,6.6367993,3.6428573,2.993942,6.76637,3.5142856,3.2520843,7.3168507,3.3857143,3.9311364,6.5787764,3.257143,3.3216333,6.8410654,3.1285715,3.712494,6.754464,2.9999998,3.7544644,6.75968,3.1428573,3.6168225,6.587375,3.2857144,3.3016608,6.423695,3.4285715,2.9951236,6.8254437,3.5714285,3.2540152,5.9378543,3.7142856,2.2235687,7.1619253,3.8571427,3.3047826,6.3948402,4.0,2.3948402,6.4600077,3.9285715,2.5314362,7.2626033,3.8571427,3.4054606,6.0063596,3.7857141,2.2206454,5.967173,3.7142856,2.2528875,6.9306054,3.6428573,3.287748,6.3251395,3.5714285,2.753711,6.0673475,3.5,2.5673475,6.5624475,3.4,3.1624475,6.2874355,3.3,2.9874356,5.8224454,3.2,2.6224453
97,7.338096,3.6999998,3.6380963,6.468375,3.8000002,2.668375,6.8397174,3.9,2.9397173,6.4007277,3.7714286,2.6292992,7.22732,3.6428573,3.584463,6.6659484,3.5142856,3.1516628,6.7893353,3.3857143,3.403621,7.3424897,3.257143,4.0853467,6.60754,3.1285715,3.4789686,6.8685446,2.9999998,3.8685448,6.7824206,3.1428573,3.6395633,6.78149,3.2857144,3.4957755,6.6178937,3.4285715,3.1893222,6.453128,3.5714285,2.8816993,6.8565774,3.7142856,3.1422918,5.961942,3.8571427,2.1047995,7.1885257,4.0,3.1885257,6.4172277,3.9285715,2.4886563,6.4906473,3.8571427,2.6335046,7.29448,3.7857141,3.5087657,6.029638,3.7142856,2.3153522,5.990637,3.6428573,2.3477795,6.9569764,3.5714285,3.3855479,6.352094,3.5,2.8520942,6.0941663,3.4,2.6941662,6.58463,3.3,3.28463,6.3075075,3.2,3.1075075,5.8472376,3.1,2.7472377
98,7.3728294,3.8000002,3.5728292,6.4951696,3.9,2.5951695,6.8644032,3.7714286,3.0929747,6.427415,3.6428573,2.7845576,7.255582,3.5142856,3.7412963,6.7000546,3.3857143,3.3143404,6.8169513,3.257143,3.5598083,7.3728585,3.1285715,4.244287,6.6409426,2.9999998,3.6409428,6.900732,3.1428573,3.7578747,6.8150015,3.2857144,3.529287,6.8073926,3.4285715,3.3788211,6.654207,3.5714285,3.0827787,6.4883504,3.7142856,2.7740648,6.8932495,3.8571427,3.0361068,5.991487,4.0,1.991487,7.218613,3.9285715,3.2900417,6.4460855,3.8571427,2.5889428,6.526667,3.7857141,2.740953,7.33231,3.7142856,3.6180246,6.059118,3.6428573,2.4162605,6.018658,3.5714285,2.4472296,6.987104,3.5,3.487104,6.382938,3.4,2.9829378,6.1263704,3.3,2.8263705,6.612783,3.2,3.412783,6.3338876,3.1,3.2338877,5.8773484,2.9999998,2.8773487
99,7.3962746,3.9,3.4962745,6.511611,3.7714286,2.7401824,6.8793797,3.6428573,3.2365224,6.4465995,3.5142856,2.932314,7.2705765,3.3857143,3.8848622,6.7265058,3.257143,3.4693627,6.83682,3.1285715,3.7082486,7.3948975,2.9999998,4.3948975,6.664191,3.1428573,3.5213335,6.9238067,3.2857144,3.6380923,6.8392305,3.4285715,3.410659,6.826419,3.5714285,3.2549903,6.685425,3.7142856,2.9711392,6.5170517,3.8571427,2.659909,6.9231033,4.0,2.9231033,6.014781,3.9285715,2.0862095,7.2406125,3.8571427,3.3834698,6.4722095,3.7857141,2.6864953,6.5555534,3.7142856,2.8412678,7.3643117,3.6428573,3.7214544,6.0853105,3.5714285,2.513882,6.042884,3.5,2.5428839,7.0105286,3.4,3.6105285,6.4072943,3.3,3.1072943,6.15317,3.2,2.95317,6.6380005,3.1,3.5380006,6.3584223,2.9999998,3.3584225,5.9051833,2.9,3.0051832
100,7.3954263,3.7714286,3.6239977,6.506563,3.6428573,2.8637059,6.8742547,3.5142856,3.3599691,6.448644,3.3857143,3.0629299,7.26112,3.257143,4.003977,6.7335825,3.1285715,3.605011,6.8377533,2.9999998,3.8377535,7.3977084,3.1428573,4.2548513,6.6649184,3.2857144,3.379204,6.925772,3.4285715,3.4972007,6.8439064,3.5714285,3.2724779,6.828836,3.7142856,3.1145504,6.7004714,3.8571427,2.8433287,6.5277357,4.0,2.5277357,6.934012,3.9285715,3.0054405,6.0213065,3.8571427,2.1641638,7.2441826,3.7857141,3.4584684,6.48638,3.7142856,2.7720945,6.565467,3.6428573,2.9226096,7.3792896,3.5714285,3.807861,6.098739,3.5,2.5987391,6.0547724,3.4,2.6547723,7.0178304,3.3,3.7178304,6.415266,3.2,3.215266,6.164473,3.1,3.0644732,6.6515284,2.9999998,3.6515286,6.372393,2.9,3.472393,5.9222383,2.8000002,3.1222382
101,7.3687434,3.6428573,3.725886,6.479036,3.5142856,2.9647503,6.8486595,3.3857143,3.4629452,6.4315915,3.257143,3.1744485,7.227223,3.1285715,4.0986514,6.71769,2.9999998,3.7176902,6.8164606,3.1428573,3.6736033,7.379346,3.2857144,4.0936317,6.6410375,3.4285715,3.212466,6.9042506,3.5714285,3.332822,6.8264356,3.7142856,3.11215,6.812092,3.8571427,2.9549491,6.694364,4.0,2.694364,6.5165825,3.9285715,2.588011,6.9212437,3.8571427,3.064101,6.0082083,3.7857141,2.2224941,7.226595,3.7142856,3.5123093,6.4844832,3.6428573,2.841626,6.552204,3.5714285,2.9807756,7.3730826,3.5,3.8730826,6.095353,3.4,2.695353,6.050495,3.3,2.7504952,7.0063934,3.2,3.8063934,6.403463,3.1,3.303463,6.1566887,2.9999998,3.156689,6.6495266,2.9,3.7495265,6.3713593,2.8000002,3.5713592,5.923602,2.9571428,2.9664593
102,7.327858,3.5142856,3.8135724,6.439918,3.3857143,3.0542037,6.8133574,3.257143,3.5562143,6.402571,3.1285715,3.2739997,7.1813235,2.9999998,4.181324,6.6860375,3.1428573,3.5431802,6.780197,3.2857144,3.4944828,7.348203,3.4285715,3.9196317,6.6028614,3.5714285,3.0314329,6.8684955,3.7142856,3.1542099,6.7946854,3.8571427,2.9375427,6.7826767,4.0,2.7826767,6.6709294,3.9285715,2.742358,6.4898567,3.8571427,2.632714,6.8907285,3.7857141,3.1050143,5.982241,3.7142856,2.2679555,7.1946034,3.6428573,3.5517461,6.4694257,3.5714285,2.8979971,6.5218706,3.5,3.0218706,7.3508053,3.4,3.9508052,6.078597,3.3,2.778597,6.0328617,3.2,2.8328617,6.981973,3.1,3.8819733,6.3772225,2.9999998,3.3772228,6.134807,2.9,3.234807,6.6347237,2.8000002,3.8347235,6.3569694,2.9571428,3.3998265,5.9102483,3.1142857,2.7959626
103,7.2868805,3.3857143,3.9011662,6.4025316,3.257143,3.1453886,6.78097,3.1285715,3.6523986,6.370747,2.9999998,3.3707473,7.137966,3.1428573,3.9951088,6.649518,3.2857144,3.3638036,6.7396126,3.4285715,3.311041,7.3147383,3.5714285,3.7433097,6.5637703,3.7142856,2.8494847,6.8307614,3.8571427,2.9736187,6.7591305,4.0,2.7591305,6.7496495,3.9285715,2.821078,6.6375995,3.8571427,2.7804568,6.457043,3.7857141,2.671329,6.8527756,3.7142856,3.13849,5.9528575,3.6428573,2.3100002,7.1576076,3.5714285,3.586179,6.4466286,3.5,2.9466286,6.484212,3.4,3.0842118,7.3207,3.3,4.0207005,6.0546417,3.2,2.8546417,6.00735,3.1,2.90735,6.9527802,2.9999998,3.9527805,6.344853,2.9,3.4448528,6.1067586,2.8000002,3.3067584,6.6122036,2.9571428,3.6550608,6.3332005,3.1142857,3.2189147,5.8862224,3.2714286,2.6147938
104,7.259231,3.257143,4.002088,6.3785043,3.1285715,3.2499328,6.7608266,2.9999998,3.7608268,6.346451,3.1428573,3.2035935,7.110838,3.2857144,3.8251235,6.621339,3.4285715,3.1927674,6.7086263,3.5714285,3.1371977,7.2895555,3.7142856,3.57527,6.5371428,3.8571427,2.68,6.8039575,4.0,2.8039575,6.732503,3.9285715,2.8039315,6.724136,3.8571427,2.8669932,6.6078277,3.7857141,2.8221135,6.43071,3.7142856,2.7164242,6.8223543,3.6428573,3.179497,5.9302263,3.5714285,2.3587978,7.128522,3.5,3.628522,6.425414,3.4,3.025414,6.4534574,3.3,3.1534574,7.295145,3.2,4.095145,6.0330467,3.1,2.9330468,5.9843225,2.9999998,2.9843228,6.929984,2.9,4.029984,6.3186793,2.8000002,3.5186791,6.083701,2.9571428,3.1265583,6.5906553,3.1142857,3.4763696,6.308505,3.2714286,3.0370765,5.8619604,3.4285715,2.433389
105,7.2527566,3.1285715,4.124185,6.3734603,2.9999998,3.3734605,6.7568192,3.1428573,3.613962,6.337328,3.2857144,3.0516136,7.1065135,3.4285715,3.677942,6.6108794,3.5714285,3.039451,6.6976204,3.7142856,2.9833348,7.280068,3.8571427,3.4229252,6.5309386,4.0,2.5309386,6.7958117,3.9285715,2.8672402,6.7239704,3.8571427,2.8668277,6.714209,3.7857141,2.928495,6.5938787,3.7142856,2.8795931,6.420907,3.6428573,2.7780497,6.811244,3.5714285,3.2398155,5.9217014,3.5,2.4217014,7.116893,3.4,3.7168927,6.415077,3.3,3.1150773,6.4411077,3.2,3.2411077,7.284925,3.1,4.184925,6.022691,2.9999998,3.022691,5.9733324,2.9,3.0733323,6.9218574,2.8000002,4.121857,6.3083706,2.9571428,3.3512278,6.075006,3.1142857,2.9607203,6.5789356,3.2714286,3.307507,6.2927723,3.4285715,2.8642008,5.848526,3.5857143,2.2628117
106,7.2636285,2.9999998,4.263629,6.3836904,3.1428573,3.240833,6.7665935,3.2857144,3.480879,6.341056,3.4285715,2.9124844,7.1204605,3.5714285,3.549032,6.6153774,3.7142856,2.9010918,6.7030745,3.8571427,2.8459318,7.284268,4.0,3.284268,6.54171,3.9285715,2.6131384,6.8034334,3.8571427,2.9462907,6.73074,3.7857141,2.945026,6.7170415,3.7142856,3.0027559,6.593349,3.6428573,2.9504917,6.4254537,3.5714285,2.8540251,6.8161607,3.5,3.3161607,5.925451,3.4,2.5254507,7.1193767,3.3,3.8193767,6.4144425,3.2,3.2144425,6.444657,3.1,3.344657,7.2879863,2.9999998,4.2879868,6.0226483,2.9,3.1226482,5.973044,2.8000002,3.1730437,6.92661,2.9571428,3.9694672,6.31122,3.1142857,3.1969345,6.079381,3.2714286,2.8079524,6.5766773,3.4285715,3.1481059,6.285472,3.5857143,2.6997576,5.845013,3.742857,2.1021562
107,7.290104,3.1428573,4.1472464,6.4070377,3.2857144,3.1213233,6.788653,3.4285715,3.3600814,6.356838,3.5714285,2.7854097,7.1505384,3.7142856,3.4362528,6.6343536,3.8571427,2.777211,6.723337,4.0,2.7233372,7.302003,3.9285715,3.3734314,6.5676017,3.8571427,2.710459,6.826998,3.7857141,3.041284,6.752235,3.7142856,3.0379493,6.7317004,3.6428573,3.088843,6.6064124,3.5714285,3.0349839,6.444352,3.5,2.9443521,6.836048,3.4,3.436048,5.94143,3.3,2.6414301,7.1351337,3.2,3.9351337,6.4240375,3.1,3.3240376,6.4636335,2.9999998,3.4636338,7.30462,2.9,4.4046197,6.034033,2.8000002,3.2340326,5.984478,2.9571428,3.0273352,6.9445605,3.1142857,3.8302748,6.3268924,3.2714286,3.0554638,6.097206,3.4285715,2.6686347,6.5852356,3.5857143,2.9995213,6.288213,3.742857,2.5453558,5.8528047,3.9,1.9528046
108,7.327961,3.2857144,4.042247,6.439551,3.4285715,3.0109794,6.81945,3.5714285,3.2480214,6.381549,3.7142856,2.6672633,7.1917725,3.8571427,3.3346298,6.6647897,4.0,2.6647897,6.754616,3.9285715,2.8260443,7.330219,3.8571427,3.473076,6.6040754,3.7857141,2.8183613,6.863753,3.7142856,3.1494672,6.7849727,3.6428573,3.1421154,6.7556925,3.5714285,3.184264,6.6307697,3.5,3.1307697,6.4747024,3.4,3.0747023,6.8674498,3.3,3.5674498,5.9673715,3.2,2.7673714,7.1613564,3.1,4.0613565,6.4424753,2.9999998,3.4424756,6.4947643,2.9,3.5947642,7.3322086,2.8000002,4.5322084,6.05551,2.9571428,3.0983672,6.0064096,3.1142857,2.892124,6.973123,3.2714286,3.7016945,6.3525963,3.4285715,2.9240248,6.125789,3.5857143,2.5400748,6.6036086,3.742857,2.8607516,6.3008695,3.9,2.4008694,5.870842,3.8857143,1.9851277
109,7.373065,3.4285715,3.9444935,6.477748,3.5714285,2.9063194,6.856379,3.7142856,3.1420934,6.4125724,3.8571427,2.5554297,7.239418,4.0,3.239418,6.7033,3.9285715,2.7747285,6.7930098,3.8571427,2.935867,7.366421,3.7857141,3.580707,6.6471024,3.7142856,2.9328167,6.910253,3.6428573,3.2673957,6.8251867,3.5714285,3.2537582,6.7865744,3.5,3.2865744,6.663807,3.4,3.2638068,6.513078,3.3,3.2130783,6.906408,3.2,3.7064078,6.000777,3.1,2.9007769,7.19537,2.9999998,4.1953707,6.4683213,2.9,3.5683212,6.5345545,2.8000002,3.7345543,7.367911,2.9571428,4.410768,6.085163,3.1142857,2.9708774,6.0367565,3.2714286,2.765328,7.0097113,3.4285715,3.5811398,6.385507,3.5857143,2.7997928,6.16239,3.742857,2.4195333,6.6305847,3.9,2.7305846,6.3228726,3.8857143,2.4371583,5.897427,3.8714287,2.0259984
110,7.4181433,3.5714285,3.8467147,6.5160003,3.7142856,2.8017147,6.89438,3.8571427,3.0372374,6.4447355,4.0,2.4447355,7.283521,3.9285715,3.3549497,6.743265,3.8571427,2.8861225,6.832233,3.7857141,3.0465188,7.404195,3.7142856,3.6899092,6.6894627,3.6428573,3.0466053,6.956876,3.5714285,3.3854473,6.8649607,3.5,3.3649607,6.819688,3.4,3.4196877,6.6995835,3.3,3.3995836,6.552732,3.2,3.352732,6.9466066,3.1,3.8466067,6.036574,2.9999998,3.0365741,7.2306714,2.9,4.3306713,6.498194,2.8000002,3.698194,6.5756426,2.9571428,3.6184998,7.4057693,3.1142857,4.291484,6.117592,3.2714286,2.8461633,6.069495,3.4285715,2.6409237,7.0462213,3.5857143,3.460507,6.419074,3.742857,2.676217,6.2003303,3.9,2.3003302,6.661621,3.8857143,2.7759068,6.3514786,3.8714287,2.4800498,5.9274526,3.8571427,2.0703099
111,7.4952607,3.7142856,3.780975,6.5828257,3.8571427,2.725683,6.963642,4.0,2.9636421,6.4990253,3.9285715,2.570454,7.3543735,3.8571427,3.4972308,6.80573,3.7857141,3.0200157,6.8968577,3.7142856,3.1825721,7.467328,3.6428573,3.8244708,6.7603498,3.5714285,3.1889212,7.0282745,3.5,3.5282745,6.9280767,3.4,3.5280766,6.873809,3.3,3.573809,6.751716,3.2,3.551716,6.614727,3.1,3.514727,7.008162,2.9999998,4.0081625,6.0954003,2.9,3.1954002,7.284365,2.8000002,4.484365,6.5453067,2.9571428,3.5881639,6.638094,3.1142857,3.5238082,7.4634748,3.2714286,4.192046,6.166945,3.4285715,2.7383735,6.1150265,3.5857143,2.5293121,7.0986276,3.742857,3.3557706,6.4687324,3.9,2.5687323,6.258114,3.8857143,2.3723996,6.7085967,3.8714287,2.837168,6.3961997,3.8571427,2.539057,5.9677777,3.8428574,2.1249204
112,7.5691757,3.8571427,3.712033,6.6446342,4.0,2.6446342,7.028438,3.9285715,3.0998666,6.553657,3.8571427,2.6965144,7.4159503,3.7857141,3.6302361,6.8679204,3.7142856,3.1536348,6.9622836,3.6428573,3.3194263,7.530095,3.5714285,3.9586666,6.8281083,3.5,3.3281083,7.095596,3.4,3.6955957,6.987531,3.3,3.6875312,6.9294076,3.2,3.7294075,6.808251,3.1,3.708251,6.677883,2.9999998,3.6778834,7.070777,2.9,4.170777,6.155272,2.8000002,3.3552718,7.3361125,2.9571428,4.3789697,6.599277,3.1142857,3.4849913,6.7017426,3.2714286,3.430314,7.5241227,3.4285715,4.0955515,6.2208147,3.5857143,2.6351004,6.1645675,3.742857,2.4217105,7.148781,3.9,3.2487807,6.51925,3.8857143,2.6335356,6.3179264,3.8714287,2.4464977,6.7612433,3.8571427,2.9041007,6.4516945,3.8428574,2.6088371,6.014236,3.8285713,2.1856647
113,7.5724125,4.0,3.5724125,6.6430335,3.9285715,2.714462,7.028645,3.8571427,3.1715024,6.5618186,3.7857141,2.7761045,7.408309,3.7142856,3.6940234,6.87959,3.6428573,3.2367327,6.97269,3.5714285,3.4012616,7.541583,3.5,4.041583,6.830034,3.4,3.4300337,7.1049275,3.3,3.8049276,6.993909,3.2,3.7939088,6.941351,3.1,3.841351,6.830469,2.9999998,3.8304694,6.6946335,2.9,3.7946334,7.084458,2.8000002,4.2844577,6.1681876,2.9571428,3.2110448,7.3448462,3.1142857,4.2305603,6.624444,3.2714286,3.3530154,6.7181315,3.4285715,3.28956,7.54384,3.5857143,3.9581256,6.244452,3.742857,2.501595,6.188432,3.9,2.2884321,7.1592016,3.8857143,3.2734873,6.533424,3.8714287,2.6619952,6.3358774,3.8571427,2.4787347,6.785715,3.8428574,2.9428577,6.486676,3.8285713,2.658105,6.041047,3.8142858,2.2267613
114,7.470026,3.9285715,3.5414546,6.5512943,3.8571427,2.6941516,6.9349246,3.7857141,3.1492105,6.4958496,3.7142856,2.781564,7.3037963,3.6428573,3.660939,6.8111444,3.5714285,3.2397158,6.8945413,3.5,3.3945413,7.4702735,3.4,4.0702734,6.734085,3.3,3.4340851,7.0252366,3.2,3.8252366,6.916602,3.1,3.8166022,6.882615,2.9999998,3.8826153,6.7874837,2.9,3.8874836,6.633019,2.8000002,3.8330188,7.0171824,2.9571428,4.0600395,6.106313,3.1142857,2.9920275,7.285752,3.2714286,4.014323,6.592255,3.4285715,3.1636837,6.6557026,3.5857143,3.0699883,7.490182,3.742857,3.747325,6.2095113,3.9,2.3095112,6.1624694,3.8857143,2.276755,7.1056256,3.8714287,3.234197,6.4839454,3.8571427,2.6268027,6.2810917,3.8428574,2.4382343,6.756237,3.8285713,2.9276657,6.472292,3.8142858,2.6580062,6.02333,3.8000002,2.22333
115,7.307686,3.8571427,3.4505432,6.4083166,3.7857141,2.6226025,6.786876,3.7142856,3.0725906,6.3843894,3.6428573,2.741532,7.1447763,3.5714285,3.5733478,6.6922073,3.5,3.1922073,6.7624702,3.4,3.3624701,7.3442507,3.3,4.0442505,6.581915,3.2,3.3819149,6.890188,3.1,3.7901883,6.7853966,2.9999998,3.7853968,6.7807155,2.9,3.8807154,6.6977286,2.8000002,3.8977284,6.51883,2.9571428,3.561687,6.8969398,3.1142857,3.782654,5.997891,3.2714286,2.7264624,7.1832223,3.4285715,3.7546508,6.518958,3.5857143,2.9332438,6.543322,3.742857,2.800465,7.384756,3.9,3.484756,6.131629,3.8857143,2.2459147,6.101862,3.8714287,2.2304332,7.0102434,3.8571427,3.1531007,6.3897996,3.8428574,2.5469422,6.176911,3.8285713,2.3483396,6.688762,3.8142858,2.8744764,6.4201193,3.8000002,2.620119,5.9698696,3.6999998,2.2698698
116,7.116419,3.7857141,3.3307047,6.2392397,3.7142856,2.524954,6.6118746,3.6428573,2.9690173,6.2485414,3.5714285,2.6771128,6.957128,3.5,3.457128,6.545608,3.4,3.145608,6.600754,3.3,3.3007538,7.1859965,3.2,3.9859965,6.40129,3.1,3.30129,6.7251167,2.9999998,3.725117,6.623866,2.9,3.723866,6.6557355,2.8000002,3.8557353,6.579313,2.9571428,3.62217,6.374336,3.1142857,3.26005,6.74616,3.2714286,3.4747314,5.865333,3.4285715,2.4367616,7.0547614,3.5857143,3.469047,6.4211397,3.742857,2.6782827,6.4034023,3.9,2.5034022,7.248174,3.8857143,3.36246,6.0279694,3.8714287,2.1565406,6.0199995,3.8571427,2.1628568,6.8902636,3.8428574,3.0474062,6.267156,3.8285713,2.4385848,6.0443726,3.8142858,2.2300868,6.598847,3.8000002,2.7988467,6.3450775,3.6999998,2.6450777,5.8927927,3.6,2.2927928
117,7.0517497,3.7142856,3.337464,6.1811976,3.6428573,2.5383403,6.548232,3.5714285,2.9768035,6.2036586,3.5,2.7036586,6.8956194,3.4,3.4956193,6.4988704,3.3,3.1988704,6.545918,3.2,3.345918,7.133449,3.1,4.033449,6.340763,2.9999998,3.3407633,6.6729574,2.9,3.7729573,6.571687,2.8000002,3.771687,6.6158123,2.9571428,3.6586695,6.545906,3.1142857,3.4316204,6.3294706,3.2714286,3.058042,6.697878,3.4285715,3.2693064,5.821476,3.5857143,2.2357616,7.0176682,3.742857,3.2748113,6.3917227,3.9,2.4917226,6.3632236,3.8857143,2.4775093,7.2061663,3.8714287,3.3347375,5.9975233,3.8571427,2.1403806,6.0019255,3.8428574,2.159068,6.857046,3.8285713,3.0284748,6.2311273,3.8142858,2.4168415,6.003976,3.8000002,2.2039757,6.574603,3.6999998,2.8746033,6.3244624,3.6,2.7244625,5.8749704,3.5,2.3749704
118,7.019371,3.6428573,3.3765137,6.152393,3.5714285,2.5809643,6.5133824,3.5,3.0133824,6.183305,3.4,2.7833047,6.8673105,3.3,3.5673106,6.4801,3.2,3.2801,6.519807,3.1,3.419807,7.1110516,2.9999998,4.1110516,6.3118973,2.9,3.4118972,6.651393,2.8000002,3.8513927,6.5498977,2.9571428,3.5927548,6.599296,3.1142857,3.4850104,6.538675,3.2714286,3.2672462,6.3136144,3.4285715,2.885043,6.679087,3.5857143,3.0933728,5.801765,3.742857,2.058908,7.0066977,3.9,3.1066976,6.3830414,3.8857143,2.497327,6.351615,3.8714287,2.4801862,7.191903,3.8571427,3.3347604,5.989396,3.8428574,2.1465387,6.0033746,3.8285713,2.1748033,6.849018,3.8142858,3.0347323,6.22154,3.8000002,2.4215398,5.9905696,3.6999998,2.2905698,6.569732,3.6,2.9697323,6.321321,3.5,2.821321,5.8769374,3.4,2.4769373
119,6.9762287,3.5714285,3.4048002,6.1153526,3.5,2.6153526,6.469653,3.4,3.069653,6.156009,3.3,2.8560092,6.829753,3.2,3.6297529,6.4557395,3.1,3.3557396,6.4862447,2.9999998,3.486245,7.082294,2.9,4.182294,6.2742376,2.8000002,3.4742374,6.6224117,2.9571428,3.665269,6.5215845,3.1142857,3.4072988,6.576675,3.2714286,3.3052464,6.5284452,3.4285715,3.0998738,6.293349,3.5857143,2.7076344,6.655547,3.742857,2.9126902,5.7761273,3.9,1.8761272,6.990312,3.8857143,3.1045978,6.3708854,3.8714287,2.4994566,6.3348384,3.8571427,2.4776957,7.17275,3.8428574,3.3298926,5.9783416,3.8285713,2.1497703,6.002447,3.8142858,2.1881614,6.836564,3.8000002,3.0365639,6.209054,3.6999998,2.5090542,5.972943,3.6,2.372943,6.56093,3.5,3.0609298,6.316199,3.4,2.9161987,5.8785806,3.3,2.5785806
120,6.9250317,3.5,3.4250317,6.072315,3.4,2.6723151,6.4202704,3.3,3.1202705,6.123463,3.2,2.923463,6.785052,3.1,3.685052,6.427209,2.9999998,3.4272091,6.4470444,2.9,3.5470443,7.048916,2.8000002,4.2489157,6.2302933,2.9571428,3.2731504,6.588058,3.1142857,3.4737723,6.4881964,3.2714286,3.2167678,6.549052,3.4285715,3.1204803,6.5154266,3.5857143,2.9297123,6.2697005,3.742857,2.5268435,6.628171,3.9,2.7281709,5.7463365,3.8857143,1.8606222,6.96912,3.8714287,3.0976913,6.355755,3.8571427,2.4986122,6.313678,3.8428574,2.4708204,7.1496015,3.8285713,3.3210301,5.9648924,3.8142858,2.1506066,5.9990673,3.8000002,2.199067,6.820401,3.6999998,3.1204014,6.1938357,3.6,2.5938358,5.9521174,3.5,2.4521174,6.5489955,3.4,3.1489954,6.309294,3.3,3.0092943,5.8796806,3.2,2.6796806
121,6.8703985,3.4,3.4703984,6.026491,3.3,2.7264912,6.369185,3.2,3.169185,6.088609,3.1,2.9886093,6.7370896,2.9999998,3.7370899,6.396575,2.9,3.4965749,6.4053416,2.8000002,3.6053414,7.0134892,2.9571428,4.0563464,6.1839166,3.1142857,3.0696309,6.551495,3.2714286,3.2800665,6.451932,3.4285715,3.0233605,6.5188146,3.5857143,2.9331002,6.5003867,3.742857,2.7575297,6.2440114,3.9,2.3440113,6.598335,3.8857143,2.7126205,5.714872,3.8714287,1.8434432,6.944745,3.8571427,3.0876024,6.338878,3.8428574,2.4960208,6.289721,3.8285713,2.4611497,7.1240892,3.8142858,3.3098035,5.950001,3.8000002,2.1500006,5.993874,3.6999998,2.2938743,6.801988,3.6,3.2019882,6.17657,3.5,2.67657,5.9296794,3.4,2.5296793,6.535515,3.3,3.2355149,6.301489,3.2,3.1014888,5.880082,3.1,2.7800822
122,6.81386,3.3,3.51386,5.978811,3.2,2.7788107,6.317316,3.1,3.2173162,6.051738,2.9999998,3.051738,6.6874557,2.9,3.7874556,6.3637486,2.8000002,3.5637484,6.3615937,2.9571428,3.404451,6.975556,3.1142857,3.8612702,6.1360373,3.2714286,2.8646088,6.5133195,3.4285715,3.084748,6.4125233,3.5857143,2.826809,6.4861093,3.742857,2.7432523,6.481562,3.9,2.581562,6.215408,3.8857143,2.3296936,6.565442,3.8714287,2.6940134,5.6819386,3.8571427,1.824796,6.916422,3.8428574,3.0735645,6.319143,3.8285713,2.4905715,6.2624526,3.8142858,2.4481668,7.095095,3.8000002,3.295095,5.9327555,3.6999998,2.2327557,5.9860115,3.6,2.3860116,6.7808247,3.5,3.2808247,6.1558533,3.4,2.7558532,5.90499,3.3,2.6049902,6.5197415,3.2,3.3197415,6.2914724,3.1,3.1914725,5.8776875,2.9999998,2.8776877
123,6.755535,3.2,3.555535,5.9296093,3.1,2.8296094,6.2643633,2.9999998,3.2643635,6.0124254,2.9,3.1124253,6.6364007,2.8000002,3.8364005,6.3283844,2.9571428,3.3712416,6.3159256,3.1142857,3.20164,6.9344153,3.2714286,3.6629868,6.086397,3.4285715,2.6578257,6.4731426,3.5857143,2.8874283,6.3698235,3.742857,2.6269665,6.450992,3.9,2.550992,6.458159,3.8857143,2.5724447,6.183571,3.8714287,2.3121421,6.5294557,3.8571427,2.672313,5.6471605,3.8428574,1.8043032,6.883901,3.8285713,3.0553298,6.2960014,3.8142858,2.4817157,6.2316,3.8000002,2.4315996,7.0618663,3.6999998,3.3618665,5.912583,3.6,2.312583,5.974998,3.5,2.474998,6.756351,3.4,3.356351,6.131275,3.3,2.8312752,5.8773603,3.2,2.6773603,6.500741,3.1,3.400741,6.27839,2.9999998,3.2783902,5.8713574,2.9,2.9713573
124,6.6966205,3.1,3.5966206,5.8801427,2.9999998,2.880143,6.2111297,2.9,3.3111296,5.971948,2.8000002,3.171948,6.584905,2.9571428,3.6277623,6.29174,3.1142857,3.1774542,6.2698817,3.2714286,2.9984531,6.8917103,3.4285715,3.4631388,6.0361395,3.5857143,2.4504251,6.4319754,3.742857,2.6891184,6.325513,3.9,2.4255128,6.4149714,3.8857143,2.529257,6.432405,3.8714287,2.5609763,6.150243,3.8571427,2.2931,6.4920774,3.8428574,2.64922,5.6115274,3.8285713,1.7829561,6.8493314,3.8142858,3.0350456,6.271319,3.8000002,2.4713187,6.199068,3.6999998,2.4990683,7.026254,3.6,3.4262543,5.8909254,3.5,2.3909254,5.9622493,3.4,2.5622492,6.7300277,3.3,3.4300277,6.104867,3.2,2.904867,5.848247,3.1,2.7482471,6.479874,2.9999998,3.4798744,6.263776,2.9,3.3637757,5.862845,2.8000002,3.0628448
125,6.6392107,2.9999998,3.639211,5.832038,2.9,2.9320378,6.1593366,2.8000002,3.3593364,5.9323115,2.9571428,2.9751687,6.534876,3.1142857,3.4205902,6.255745,3.2714286,2.9843163,6.2255225,3.4285715,2.796951,6.8498745,3.5857143,3.2641602,5.9873796,3.742857,2.2445226,6.391952,3.9,2.491952,6.2818136,3.8857143,2.3960993,6.37986,3.8714287,2.5084312,6.4068546,3.8571427,2.549712,6.1175904,3.8428574,2.274733,6.455294,3.8285713,2.6267228,5.5767107,3.8142858,1.762425,6.815063,3.8000002,3.0150628,6.2471294,3.6999998,2.5471296,6.167288,3.6,2.567288,6.9906654,3.5,3.4906654,5.8696904,3.4,2.4696903,5.9497185,3.3,2.6497185,6.704004,3.2,3.5040038,6.078861,3.1,2.9788613,5.819787,2.9999998,2.8197873,6.459253,2.9,3.5592527,6.249598,2.8000002,3.4495978,5.8543377,2.7,3.1543376
126,6.586006,2.9,3.686006,5.7875695,2.8000002,2.9875693,6.1114917,2.9571428,3.1543489,5.895574,3.1142857,2.7812884,6.4888144,3.2714286,3.2173858,6.2224197,3.4285715,2.7938483,6.1850467,3.5857143,2.5993323,6.811284,3.742857,3.068427,5.942554,3.9,2.042554,6.3556285,3.8857143,2.4699142,6.2411933,3.8714287,2.3697646,6.3474913,3.8571427,2.4903486,6.3833666,3.8428574,2.5405092,6.087604,3.8285713,2.2590327,6.4210196,3.8142858,2.6067338,5.544587,3.8000002,1.744587,6.7832136,3.6999998,3.0832138,6.22496,3.6,2.62496,6.138272,3.5,2.6382718,6.957274,3.4,3.5572739,5.8504057,3.3,2.5504057,5.938811,3.2,2.7388108,6.6802406,3.1,3.5802407,6.0549636,2.9999998,3.0549638,5.7938414,2.9,2.8938413,6.4405637,2.8000002,3.6405635,6.2370324,2.7,3.5370324,5.8471103,2.6,3.2471104
127,6.537389,2.8000002,3.7373886,5.7465353,2.9571428,2.7893925,6.067549,3.1142857,2.9532635,5.8622093,3.2714286,2.5907807,6.447365,3.4285715,3.0187933,6.1920643,3.5857143,2.60635,6.1485467,3.742857,2.4056897,6.7762227,3.9,2.8762226,5.9020343,3.8857143,2.01632,6.3234453,3.8714287,2.4520166,6.203817,3.8571427,2.3466742,6.3179336,3.8428574,2.4750762,6.3621793,3.8285713,2.533608,6.0602884,3.8142858,2.2460027,6.389274,3.8000002,2.589274,5.5153685,3.6999998,1.8153687,6.753968,3.6,3.1539679,6.204792,3.5,2.704792,6.1122975,3.4,2.7122974,6.9264565,3.3,3.6264565,5.8332725,3.2,2.6332724,5.9299464,3.1,2.8299465,6.6592803,2.9999998,3.6592805,6.033365,2.9,3.1333647,5.770728,2.8000002,2.970728,6.4241734,2.7,3.7241733,6.226338,2.6,3.626338,5.8414774,2.5,3.3414774
128,6.4941306,2.9571428,3.5369878,5.7093873,3.1142857,2.5951016,6.0278773,3.2714286,2.7564487,5.8328977,3.4285715,2.4043262,6.411302,3.5857143,2.8255877,6.1654167,3.742857,2.4225597,6.116505,3.9,2.216505,6.7452984,3.8857143,2.859584,5.8666,3.8714287,1.9951713,6.29592,3.8571427,2.4387772,6.1703954,3.8428574,2.327538,6.291739,3.8285713,2.4631677,6.344151,3.8142858,2.5298653,6.0363135,3.8000002,2.2363133,6.3608766,3.6999998,2.6608768,5.489586,3.6,1.889586,6.728184,3.5,3.2281842,6.187212,3.4,2.787212,6.090377,3.3,2.790377,6.8991394,3.2,3.6991394,5.8189144,3.1,2.7189145,5.9239225,2.9999998,2.9239228,6.642,2.9,3.742,6.0147915,2.8000002,3.2147913,5.751232,2.7,3.051232,6.4107924,2.6,3.8107924,6.218009,2.5,3.718009,5.8381557,2.4,3.4381557
129,6.4554377,3.1142857,3.341152,5.6756415,3.2714286,2.404213,5.9917965,3.4285715,2.563225,5.807124,3.5857143,2.2214098,6.379781,3.742857,2.6369238,6.1420684,3.9,2.2420683,6.0883827,3.8857143,2.2026684,6.718056,3.8714287,2.8466275,5.835575,3.8571427,1.9784324,6.272172,3.8428574,2.4293146,6.14056,3.8285713,2.3119888,6.2687187,3.8142858,2.454433,6.3293376,3.8000002,2.5293374,6.0155296,3.6999998,2.3155298,6.335756,3.6,2.735756,5.4667807,3.5,1.9667807,6.7058277,3.4,3.3058276,6.1722603,3.3,2.8722603,6.072343,3.2,2.8723428,6.8751874,3.1,3.7751875,5.807208,2.9999998,2.8072083,5.920756,2.9,3.0207558,6.6281157,2.8000002,3.8281155,5.999285,2.7,3.2992852,5.7351036,2.6,3.1351037,6.4002376,2.5,3.9002376,6.212082,2.4,3.8120818,5.8372645,2.4571428,3.3801217
130,6.4195623,3.2714286,3.1481338,5.6442456,3.4285715,2.2156742,5.958133,3.5857143,2.3724189,5.7836065,3.742857,2.0407495,6.35101,3.9,2.4510098,6.1211195,3.8857143,2.2354052,6.0626855,3.8714287,2.1912568,6.6933513,3.8571427,2.8362086,5.8075433,3.8428574,1.9646859,6.250433,3.8285713,2.4218616,6.113264,3.8142858,2.2989783,6.247958,3.8000002,2.447958,6.3171635,3.6999998,2.6171637,5.9972796,3.6,2.3972797,6.313393,3.5,2.813393,5.445999,3.4,2.045999,6.686104,3.3,3.3861039,6.159356,3.2,2.959356,6.057395,3.1,2.957395,6.8538055,2.9999998,3.8538058,5.7975698,2.9,2.8975697,5.9198103,2.8000002,3.11981,6.6167426,2.7,3.9167426,5.9863014,2.6,3.3863015,5.7216024,2.5,3.2216024,6.391723,2.4,3.991723,6.207999,2.4571428,3.7508564,5.838469,2.5142858,3.3241832
131,6.386225,3.4285715,2.9576538,5.615557,3.5857143,2.0298429,5.9273257,3.742857,2.1844687,5.7621927,3.9,1.8621926,6.324544,3.8857143,2.4388297,6.1029925,3.8714287,2.2315638,6.0391974,3.8571427,2.1820548,6.6715665,3.8428574,2.8287091,5.7824492,3.8285713,1.9538779,6.2304735,3.8142858,2.4161878,6.088858,3.8000002,2.288858,6.229685,3.6999998,2.529685,6.3082414,3.6,2.7082415,5.9822164,3.5,2.4822164,6.2945275,3.4,2.8945274,5.427509,3.3,2.1275089,6.6694384,3.2,3.4694383,6.148951,3.1,3.0489511,6.0459256,2.9999998,3.0459259,6.835487,2.9,3.9354868,5.790507,2.8000002,2.9905066,5.9212418,2.7,3.2212417,6.608113,2.6,4.008113,5.976363,2.5,3.4763632,5.7112207,2.4,3.3112206,6.3855276,2.4571428,3.9283848,6.206133,2.5142858,3.691847,5.8423142,2.5714285,3.2708857
132,6.3564525,3.5857143,2.7707381,5.5907183,3.742857,1.8478613,5.900828,3.9,2.0008278,5.7436285,3.8857143,1.8579142,6.3011436,3.8714287,2.429715,6.088709,3.8571427,2.2315662,6.018622,3.8428574,2.1757646,6.653811,3.8285713,2.8252397,5.7611423,3.8142858,1.9468565,6.2132597,3.8000002,2.4132595,6.068432,3.6999998,2.368432,6.214712,3.6,2.6147122,6.3033447,3.5,2.8033447,5.971288,3.4,2.571288,6.280091,3.3,2.9800909,5.412273,3.2,2.212273,6.656792,3.1,3.5567923,6.141686,2.9999998,3.1416862,6.038703,2.9,3.1387029,6.8211923,2.8000002,4.021192,5.7867494,2.7,3.0867493,5.925386,2.6,3.325386,6.6029544,2.5,4.1029544,5.970121,2.4,3.5701208,5.7047315,2.4571428,3.2475886,6.382318,2.5142858,3.8680322,6.207041,2.5714285,3.6356122,5.849243,2.6285713,3.220672
133,6.3279185,3.742857,2.5850616,5.567455,3.9,1.6674547,5.876488,3.8857143,1.9907739,5.725942,3.8714287,1.8545134,6.278449,3.8571427,2.4213064,6.0759144,3.8428574,2.233057,5.9987664,3.8285713,2.170195,6.637507,3.8142858,2.8232212,5.740952,3.8000002,1.9409518,6.196879,3.6999998,2.496879,6.049569,3.6,2.4495692,6.20081,3.5,2.70081,6.2996473,3.4,2.8996472,5.9618945,3.3,2.6618946,6.2672496,3.2,3.0672495,5.3983703,3.1,2.2983704,6.645634,2.9999998,3.6456344,6.1352186,2.9,3.2352185,6.0327854,2.8000002,3.2327852,6.8082633,2.7,4.108263,5.784037,2.6,3.1840372,5.930109,2.5,3.430109,6.598832,2.4,4.198832,5.9649024,2.4571428,3.5077596,5.699379,2.5142858,3.1850932,6.380031,2.5714285,3.8086026,6.2087865,2.6285713,3.5802152,5.8570185,2.6857145,3.171304
134,6.2947717,3.9,2.3947716,5.5401235,3.8857143,1.6544092,5.84846,3.8714287,1.9770315,5.7043095,3.8571427,1.8471668,6.2510104,3.8428574,2.408153,6.0588994,3.8285713,2.230328,5.974649,3.8142858,2.1603632,6.616473,3.8000002,2.816473,5.7158146,3.6999998,2.0158148,6.1764216,3.6,2.5764217,6.026359,3.5,2.526359,6.1827955,3.4,2.7827954,6.2909374,3.3,2.9909375,5.948081,3.2,2.748081,6.24965,3.1,3.14965,5.380953,2.9999998,2.380953,6.6299334,2.9,3.7299333,6.124422,2.8000002,3.324422,6.021747,2.7,3.321747,6.790449,2.6,4.190449,5.7773523,2.5,3.2773523,5.931033,2.4,3.531033,6.5902114,2.4571428,4.1330686,5.9550657,2.5142858,3.44078,5.6891713,2.5714285,3.1177428,6.3738728,2.6285713,3.7453015,6.2071266,2.6857145,3.5214121,5.860986,2.742857,3.1181293
135,6.253136,3.8857143,2.3674219,5.504771,3.8714287,1.6333425,5.8124356,3.8571427,1.9552929,5.6756105,3.8428574,1.8327532,6.215485,3.8285713,2.3869138,6.0338845,3.8142858,2.2195988,5.943127,3.8000002,2.143127,6.5866823,3.6999998,2.8866825,5.681876,3.6,2.0818763,6.1486793,3.5,2.6486793,5.994955,3.4,2.594955,6.157303,3.3,2.857303,6.273438,3.2,3.073438,5.926035,3.1,2.826035,6.223296,2.9999998,3.2232964,5.35675,2.9,2.45675,6.605844,2.8000002,3.8058438,6.1060867,2.7,3.4060867,6.001595,2.6,3.401595,6.7638183,2.5,4.2638183,5.7635894,2.4,3.3635893,5.9257693,2.4571428,3.4686265,6.5737314,2.5142858,4.0594454,5.9373283,2.5714285,3.3658998,5.670362,2.6285713,3.0417907,6.360801,2.6857145,3.6750867,6.199528,2.742857,3.4566712,5.8585353,2.8000002,3.058535
136,6.201168,3.8714287,2.3297393,5.459627,3.8571427,1.6024845,5.7662516,3.8428574,1.9233942,5.6386075,3.8285713,1.8100362,6.1705008,3.8142858,2.356215,5.9995413,3.8000002,2.199541,5.9029703,3.6999998,2.2029705,6.546741,3.6,2.946741,5.637737,3.5,2.1377368,6.112164,3.4,2.712164,5.9539404,3.3,2.6539404,6.1232033,3.2,2.9232032,6.2464995,3.1,3.1464996,5.894694,2.9999998,2.894694,6.187181,2.9,3.287181,5.3244767,2.8000002,2.5244765,6.5722556,2.7,3.8722556,6.0794816,2.6,3.4794817,5.971327,2.5,3.4713268,6.7272882,2.4,4.327288,5.7420163,2.4571428,3.2848735,5.914186,2.5142858,3.3999002,6.548611,2.5714285,3.9771826,5.911262,2.6285713,3.2826908,5.6420417,2.6857145,2.9563272,6.3400173,2.742857,3.5971603,6.185697,2.8000002,3.385697,5.8496714,2.7857144,3.063957
137,6.1400127,3.8571427,2.28287,5.4059854,3.8428574,1.563128,5.7110586,3.8285713,1.8824873,5.5943236,3.8142858,1.7800379,6.1172543,3.8000002,2.317254,5.957396,3.6999998,2.2573962,5.8553815,3.6,2.2553816,6.4981947,3.5,2.9981947,5.5849957,3.4,2.1849957,6.0678716,3.3,2.7678716,5.9048405,3.2,2.7048404,6.0817866,3.1,2.9817867,6.212189,2.9999998,3.2121894,5.855952,2.9,2.9559517,6.143375,2.8000002,3.3433747,5.2853374,2.7,2.5853374,6.5306864,2.6,3.9306865,6.0462165,2.5,3.5462165,5.9328866,2.4,3.5328865,6.6826615,2.4571428,4.2255187,5.7142353,2.5142858,3.1999495,5.8977957,2.5714285,3.3263671,6.5165133,2.6285713,3.887942,5.8788214,2.6857145,3.193107,5.606135,2.742857,2.863278,6.3128295,2.8000002,3.5128293,6.166972,2.7857144,3.3812578,5.8362026,2.7714286,3.064774
138,6.07314,3.8428574,2.2302828,5.347159,3.8285713,1.5185876,5.6503353,3.8142858,1.8360496,5.545394,3.8000002,1.7453938,6.058924,3.6999998,2.3589244,5.9107113,3.6,2.3107114,5.803177,3.5,2.3031769,6.4443483,3.4,3.0443482,5.527194,3.3,2.227194,6.0186977,3.2,2.8186977,5.850929,3.1,2.7509289,6.035786,2.9999998,3.0357864,6.173629,2.9,3.2736287,5.813122,2.8000002,3.0131216,6.0953937,2.7,3.3953936,5.24218,2.6,2.64218,6.4840784,2.5,3.9840784,6.008933,2.4,3.608933,5.889699,2.4571428,3.4325562,6.6332464,2.5142858,4.1189604,5.682937,2.5714285,3.1115086,5.878711,2.6285713,3.25014,6.4804397,2.6857145,3.7947252,5.8428464,2.742857,3.0999894,5.5659556,2.8000002,2.7659554,6.281661,2.7857144,3.4959466,6.145326,2.7714286,3.3738976,5.82032,2.757143,3.063177
139,6.004093,3.8285713,2.1755219,5.2863626,3.8142858,1.4720769,5.5875483,3.8000002,1.7875481,5.49449,3.6999998,1.7944903,5.9986305,3.6,2.3986306,5.8623505,3.5,2.3623505,5.7492075,3.4,2.3492074,6.388274,3.3,3.0882742,5.4676604,3.2,2.2676604,5.967404,3.1,2.867404,5.7951956,2.9999998,2.7951958,5.98782,2.9,3.08782,6.133335,2.8000002,3.333335,5.768887,2.7,3.068887,6.0461454,2.6,3.4461455,5.197581,2.5,2.6975808,6.4351416,2.4,4.0351415,5.969917,2.4571428,3.512774,5.844639,2.5142858,3.330353,6.5819225,2.5714285,4.010494,5.650248,2.6285713,3.0216768,5.8584924,2.6857145,3.172778,6.442828,2.742857,3.6999712,5.8055906,2.8000002,3.0055904,5.524229,2.7857144,2.7385147,6.248616,2.7714286,3.4771876,6.1223154,2.757143,3.3651724,5.8035,2.742857,3.0606432
140,5.935995,3.8142858,2.1217093,5.226326,3.8000002,1.4263258,5.525589,3.6999998,1.8255892,5.4440084,3.6,1.8440084,5.939106,3.5,2.439106,5.814514,3.4,2.414514,5.6960106,3.3,2.3960106,6.332606,3.2,3.1326058,5.4091387,3.1,2.3091388,5.9164,2.9999998,2.9164002,5.7400804,2.9,2.8400803,5.940174,2.8000002,3.140174,6.093244,2.7,3.393244,5.7251964,2.6,3.1251965,5.9977636,2.5,3.4977636,5.153574,2.4,2.753574,6.3862367,2.4571428,3.9290938,5.9310303,2.5142858,3.4167445,5.7999473,2.5714285,3.2285187,6.530967,2.6285713,3.902396,5.6177425,2.6857145,2.932028,5.838341,2.742857,3.0954843,6.405532,2.8000002,3.6055317,5.768766,2.7857144,2.9830515,5.4829855,2.7714286,2.711557,6.215487,2.757143,3.458344,6.099224,2.742857,3.356367,5.786751,2.7285717,3.0581791
141,5.8723035,3.8000002,2.0723033,5.1699796,3.6999998,1.4699798,5.4674206,3.6,1.8674207,5.396813,3.5,1.8968129,5.8836007,3.4,2.4836006,5.7698393,3.3,2.4698393,5.646552,3.2,2.446552,6.280612,3.1,3.180612,5.354686,2.9999998,2.354686,5.868772,2.9,2.968772,5.6885757,2.8000002,2.8885756,5.8955264,2.7,3.1955264,6.0560393,2.6,3.4560394,5.6846213,2.5,3.1846213,5.952771,2.4,3.552771,5.112535,2.4571428,2.6553922,6.340436,2.5142858,3.8261502,5.894715,2.5714285,3.3232863,5.7584777,2.6285713,3.1299064,6.483335,2.6857145,3.7976205,5.5875797,2.742857,2.8447227,5.8202834,2.8000002,3.0202832,6.3711085,2.7857144,3.5853941,5.734823,2.7714286,2.9633946,5.444753,2.757143,2.6876101,6.1847606,2.742857,3.4419036,6.0781126,2.7285717,3.349541,5.7719274,2.7142859,3.0576415
142,5.815269,3.6999998,2.1152692,5.1191773,3.6,1.5191774,5.414804,3.5,1.914804,5.354914,3.4,1.9549141,5.8343406,3.3,2.5343406,5.7301736,3.2,2.5301735,5.6028624,3.1,2.5028625,6.2345963,2.9999998,3.2345965,5.3063035,2.9,2.4063034,5.8266354,2.8000002,3.0266352,5.6427183,2.7,2.9427183,5.8557806,2.6,3.2557807,6.0238056,2.5,3.5238056,5.649001,2.4,3.249001,5.9128985,2.4571428,3.4557557,5.0760727,2.5142858,2.561787,6.3000083,2.5714285,3.7285798,5.8628254,2.6285713,3.2342541,5.7222576,2.6857145,3.0365431,6.4412007,2.742857,3.6983438,5.5613923,2.8000002,2.761392,5.8059683,2.7857144,3.020254,6.3414154,2.7714286,3.5699868,5.7056766,2.757143,2.9485335,5.4112883,2.742857,2.6684313,6.158255,2.7285717,3.4296834,6.060731,2.7142859,3.346445,5.7605824,2.7,3.0605824
143,5.7653294,3.6,2.1653295,5.0743027,3.5,1.5743027,5.368058,3.4,1.9680581,5.3187256,3.3,2.0187256,5.791696,3.2,2.591696,5.695854,3.1,2.5958543,5.565329,2.9999998,2.5653293,6.194955,2.9,3.2949548,5.264333,2.8000002,2.4643326,5.7902,2.7,3.0902002,5.6028957,2.6,3.0028958,5.821313,2.5,3.321313,5.996996,2.4,3.5969958,5.6186676,2.4571428,3.1615248,5.8785143,2.5142858,3.3642285,5.044415,2.5714285,2.4729865,6.265463,2.6285713,3.6368916,5.835795,2.6857145,3.1500804,5.691715,2.742857,2.9488578,6.405023,2.8000002,3.605023,5.5394707,2.7857144,2.7537563,5.795629,2.7714286,3.0242004,6.3166895,2.757143,3.5595465,5.681705,2.742857,2.938848,5.3828697,2.7285717,2.654298,6.136217,2.7142859,3.4219313,6.047323,2.7,3.3473232,5.752927,2.6571429,3.095784
144,5.7212625,3.5,2.2212625,5.0343385,3.4,1.6343384,5.326138,3.3,2.026138,5.2871966,3.2,2.0871966,5.754395,3.1,2.654395,5.6658893,2.9999998,2.6658895,5.5327883,2.9,2.6327882,6.1603756,2.8000002,3.3603754,5.2276187,2.7,2.5276186,5.758173,2.6,3.158173,5.5680017,2.5,3.0680017,5.7911634,2.4,3.3911633,5.9745636,2.4571428,3.5174208,5.592616,2.5142858,3.0783303,5.848682,2.5714285,3.2772534,5.016637,2.6285713,2.3880656,6.235689,2.6857145,3.5499747,5.8127294,2.742857,3.0698724,5.665793,2.8000002,2.8657928,6.373727,2.7857144,3.5880125,5.5209103,2.7714286,2.7494817,5.788338,2.757143,3.0311952,6.295855,2.742857,3.552998,5.6618714,2.7285717,2.9332998,5.3584785,2.7142859,2.6441927,6.117651,2.7,3.417651,6.036965,2.6571429,3.379822,5.748038,2.6142857,3.133752
145,5.680905,3.4,2.2809048,4.9974966,3.3,1.6974967,5.2873282,3.2,2.0873282,5.258384,3.1,2.1583843,5.7202597,2.9999998,2.72026,5.6384616,2.9,2.7384615,5.503186,2.8000002,2.703186,6.1285577,2.7,3.4285576,5.1941495,2.6,2.5941496,5.7285132,2.5,3.2285132,5.536019,2.4,3.1360188,5.763571,2.4571428,3.306428,5.954422,2.5142858,3.4401362,5.5689974,2.5714285,2.9975688,5.821608,2.6285713,3.1930368,4.9911766,2.6857145,2.3054621,6.2085037,2.742857,3.4656467,5.791825,2.8000002,2.9918246,5.6424613,2.7857144,2.856747,6.34518,2.7714286,3.5737514,5.5040693,2.757143,2.7469263,5.7823715,2.742857,3.0395145,6.2770305,2.7285717,3.5484588,5.644162,2.7142859,2.9298763,5.336285,2.7,2.636285,6.100785,2.6571429,3.443642,6.0279603,2.6142857,3.4136746,5.7441998,2.5714285,3.1727712
146,5.642128,3.3,2.342128,4.9620495,3.2,1.7620494,5.2500377,3.1,2.1500378,5.2303796,2.9999998,2.2303798,5.6872225,2.9,2.7872224,5.6118464,2.8000002,2.8118463,5.4745517,2.7,2.7745516,6.09732,2.6,3.4973202,5.162026,2.5,2.662026,5.6994214,2.4,3.2994213,5.504995,2.4571428,3.047852,5.736803,2.5142858,3.2225173,5.934518,2.5714285,3.3630893,5.546026,2.6285713,2.917455,5.7955494,2.6857145,3.109835,4.9665613,2.742857,2.2237043,6.1817207,2.8000002,3.3817205,5.7712626,2.7857144,2.9855483,5.6197433,2.7714286,2.8483148,6.3172975,2.757143,3.5601544,5.4873834,2.742857,2.7445264,5.776074,2.7285717,3.0475023,6.258439,2.7142859,3.5441532,5.626623,2.7,2.926623,5.314573,2.6571429,2.65743,6.083967,2.6142857,3.4696815,6.0186887,2.5714285,3.4472601,5.7398105,2.5285714,3.211239
147,5.6034603,3.2,2.4034603,4.926841,3.1,1.8268409,5.21321,2.9999998,2.2132103,5.2018595,2.9,2.3018594,5.6538754,2.8000002,2.8538752,5.584883,2.7,2.8848832,5.4455366,2.6,2.8455367,6.0652337,2.5,3.5652337,5.1299357,2.4,2.7299356,5.66978,2.4571428,3.212637,5.4736357,2.5142858,2.9593499,5.709669,2.5714285,3.1382406,5.913456,2.6285713,3.2848847,5.5224814,2.6857145,2.836767,5.76934,2.742857,3.026483,4.9418116,2.8000002,2.1418114,6.15389,2.7857144,3.3681757,5.749773,2.7714286,2.9783444,5.5963016,2.757143,2.8391585,6.2886605,2.742857,3.5458035,5.4698076,2.7285717,2.741236,5.768365,2.7142859,3.054079,6.238901,2.7,3.538901,5.607917,2.6571429,2.950774,5.292175,2.6142857,2.677889,6.066113,2.5714285,3.4946845,6.0080485,2.5285714,3.4794772,5.733871,2.4857142,3.2481568
148,5.5641418,3.1,2.4641418,4.891297,2.9999998,1.8912971,5.1762953,2.9,2.2762952,5.1722584,2.8000002,2.3722582,5.6195946,2.7,2.9195945,5.557045,2.6,2.957045,5.4155593,2.5,2.9155593,6.031742,2.4,3.631742,5.0972133,2.4571428,2.6400704,5.6392007,2.5142858,3.124915,5.4414577,2.5714285,2.8700292,5.681626,2.6285713,3.0530546,5.8907394,2.6857145,3.205025,5.4978924,2.742857,2.7550354,5.7424626,2.8000002,2.9424624,4.9164634,2.7857144,2.130749,6.1245017,2.7714286,3.3530731,5.7268305,2.757143,2.9696875,5.571596,2.742857,2.8287392,6.258707,2.7285717,3.5301354,5.450937,2.7142859,2.736651,5.7589464,2.7,3.0589464,6.218013,2.6571429,3.56087,5.587579,2.6142857,2.973293,5.268608,2.5714285,2.6971796,6.0468388,2.5285714,3.5182674,5.995641,2.4857142,3.509927,5.7262034,2.442857,3.2833464
149,5.5248823,2.9999998,2.5248826,4.8560257,2.9,1.9560256,5.139867,2.8000002,2.3398666,5.142315,2.7,2.4423149,5.5851736,2.6,2.9851737,5.5290327,2.5,3.0290327,5.385322,2.4,2.985322,5.997768,2.4571428,3.540625,5.0645256,2.5142858,2.5502398,5.608527,2.5714285,3.0370986,5.409217,2.6285713,2.7806456,5.653321,2.6857145,2.9676063,5.8672214,2.742857,3.1243644,5.4729934,2.8000002,2.6729932,5.715532,2.7857144,2.9298174,4.89113,2.7714286,2.1197014,6.0944405,2.757143,3.3372974,5.7031655,2.742857,2.9603086,5.546368,2.7285717,2.8177965,6.2282925,2.7142859,3.5140066,5.431457,2.7,2.731457,5.7485576,2.6571429,3.0914147,6.1965737,2.6142857,3.582288,5.5664015,2.5714285,2.994973,5.244598,2.5285714,2.7160265,6.0269175,2.4857142,3.5412033,5.9822464,2.442857,3.5393894,5.7176127,2.4,3.3176126
150,5.487248,2.9,2.5872478,4.8223963,2.8000002,2.022396,5.105273,2.7,2.4052727,5.113431,2.6,2.513431,5.552119,2.5,3.0521188,5.502151,2.4,3.102151,5.35622,2.4571428,2.899077,5.9650154,2.5142858,3.4507296,5.0332646,2.5714285,2.461836,5.5791826,2.6285713,2.9506114,5.3783536,2.6857145,2.692639,5.626047,2.742857,2.8831902,5.8443785,2.8000002,3.0443783,5.449116,2.7857144,2.6634018,5.6897645,2.7714286,2.918336,4.8669543,2.757143,2.1098113,6.0653415,2.742857,3.3224845,5.6801744,2.7285717,2.9516027,5.5220766,2.7142859,2.8077908,6.198926,2.7,3.498926,5.412635,2.6571429,2.755492,5.7383385,2.6142857,3.1240528,6.1758814,2.5714285,3.6044528,5.5457582,2.5285714,3.0171869,5.221481,2.4857142,2.7357666,6.007612,2.442857,3.5647552,5.9690595,2.4,3.5690594,5.709197,2.4,3.309197
151,5.451724,2.8000002,2.6517239,4.7907753,2.7,2.0907753,5.0728416,2.6,2.4728417,5.086113,2.5,2.586113,5.520855,2.4,3.1208549,5.476773,2.4571428,3.01963,5.328695,2.5142858,2.814409,5.9340677,2.5714285,3.3626392,5.0038166,2.6285713,2.3752453,5.5515347,2.6857145,2.8658202,5.349288,2.742857,2.606431,5.6002917,2.8000002,2.8002915,5.822824,2.7857144,3.0371096,5.426658,2.7714286,2.6552296,5.6655,2.757143,2.9083571,4.8442364,2.742857,2.1013794,6.0378637,2.7285717,3.309292,5.6584654,2.7142859,2.9441795,5.49921,2.7,2.7992098,6.171167,2.6571429,3.514024,5.394911,2.6142857,2.780625,5.728751,2.5714285,3.1573226,6.1563745,2.5285714,3.627803,5.5261936,2.4857142,3.0404794,5.199703,2.442857,2.7568462,5.9894104,2.4,3.5894103,5.956627,2.4,3.5566268,5.7014217,2.4,3.3014216
152,5.4198923,2.7,2.7198923,4.762519,2.6,2.162519,5.0439487,2.5,2.5439487,5.0617228,2.4,2.6617227,5.492844,2.4571428,3.0357013,5.4541717,2.5142858,2.9398859,5.3041234,2.5714285,2.7326949,5.906573,2.6285713,3.2780015,4.977622,2.6857145,2.2919075,5.5269394,2.742857,2.7840824,5.323382,2.8000002,2.5233817,5.5773287,2.7857144,2.7916143,5.8039255,2.7714286,3.032497,5.406904,2.757143,2.6497612,5.6439347,2.742857,2.9010777,4.8240867,2.7285717,2.095515,6.01345,2.7142859,3.2991643,5.639409,2.7,2.939409,5.4791703,2.6571429,2.8220274,6.14649,2.6142857,3.5322044,5.3794627,2.5714285,2.8080342,5.7207985,2.5285714,3.1922271,6.1392765,2.4857142,3.6535623,5.5089936,2.442857,3.0661366,5.180586,2.4,2.7805858,5.973533,2.4,3.573533,5.9460645,2.4,3.5460644,5.695196,2.4,3.295196
153,5.3930354,2.6,2.7930355,4.7387495,2.5,2.2387495,5.0197153,2.4,2.6197152,5.0413632,2.4571428,2.5842204,5.469296,2.5142858,2.9550102,5.435362,2.5714285,2.8639333,5.283616,2.6285713,2.6550448,5.8838587,2.6857145,3.1981442,4.955858,2.742857,2.2130013,5.506434,2.8000002,2.7064338,5.3017163,2.7857144,2.516002,5.5581512,2.7714286,2.7867227,5.7886896,2.757143,3.0315466,5.3908787,2.742857,2.6480217,5.626026,2.7285717,2.8974545,4.8073845,2.7142859,2.0930986,5.993159,2.7,3.2931588,5.624069,2.6571429,2.9669263,5.4630475,2.6142857,2.8487618,6.1260476,2.5714285,3.554619,5.367172,2.5285714,2.8386004,5.715163,2.4857142,3.229449,6.1255374,2.442857,3.6826804,5.495137,2.4,3.0951371,5.165183,2.4,2.765183,5.9608755,2.4,3.5608754,5.9381614,2.4,3.5381613,5.691114,2.4,3.2911139
154,5.371278,2.5,2.8712778,4.7195625,2.4,2.3195624,5.000213,2.4571428,2.5430703,5.025123,2.5142858,2.5108373,5.450383,2.5714285,2.8789546,5.4204526,2.6285713,2.7918813,5.267288,2.6857145,2.5815737,5.866063,2.742857,3.1232061,4.938642,2.8000002,2.1386418,5.4901185,2.7857144,2.704404,5.284382,2.7714286,2.5129533,5.542829,2.757143,2.785686,5.7771606,2.742857,3.0343037,5.3787203,2.7285717,2.6501486,5.611861,2.7142859,2.8975754,4.7941856,2.7,2.0941856,5.9770026,2.6571429,3.3198597,5.6125135,2.6142857,2.9982278,5.45094,2.5714285,2.8795116,6.1099358,2.5285714,3.5813644,5.3581266,2.4857142,2.8724124,5.7118654,2.442857,3.2690084,6.1152425,2.4,3.7152424,5.484729,2.4,3.0847287,5.1536217,2.4,2.7536216,5.951472,2.4,3.5514717,5.932951,2.4,3.5329509,5.689144,2.4,3.289144
155,5.355771,2.4,2.955771,4.705909,2.4571428,2.248766,4.986301,2.5142858,2.4720151,5.0139227,2.5714285,2.4424942,5.4372263,2.6285713,2.808655,5.410518,2.6857145,2.7248037,5.2561264,2.742857,2.5132694,5.854274,2.8000002,3.0542736,4.9270334,2.7857144,2.141319,5.479132,2.7714286,2.7077036,5.2724676,2.757143,2.5153246,5.5322814,2.742857,2.7894244,5.770334,2.7285717,3.041762,5.3715296,2.7142859,2.6572437,5.602437,2.7,2.902437,4.7854123,2.6571429,2.1282694,5.965982,2.6142857,3.3516963,5.605631,2.5714285,3.0342023,5.4440007,2.5285714,2.9154294,6.099241,2.4857142,3.6135266,5.353312,2.442857,2.910455,5.711867,2.4,3.3118668,6.1094546,2.4,3.7094545,5.4786797,2.4,3.0786796,5.146941,2.4,2.746941,5.9463034,2.4,3.5463033,5.931243,2.4,3.5312428,5.6900506,2.4,3.2900505
156,5.346554,2.4571428,2.889411,4.6978517,2.5142858,2.1835659,4.9779572,2.5714285,2.4065287,5.007724,2.6285713,2.3791525,5.4299474,2.6857145,2.744233,5.405725,2.742857,2.662868,5.250126,2.8000002,2.4501257,5.848467,2.7857144,3.0627525,4.921071,2.7714286,2.1496425,5.4736676,2.757143,2.7165246,5.266144,2.742857,2.5232868,5.52655,2.7285717,2.7979782,5.768248,2.7142859,3.0539622,5.3694596,2.7,2.6694596,5.597898,2.6571429,2.9407551,4.7811646,2.6142857,2.166879,5.9602585,2.5714285,3.38883,5.6033397,2.5285714,3.0747683,5.4424453,2.4857142,2.956731,6.093974,2.442857,3.651117,5.352898,2.4,2.952898,5.7154875,2.4,3.3154874,6.108418,2.4,3.708418,5.4770446,2.4,3.0770445,5.145251,2.4,2.7452507,5.9454713,2.4,3.5454712,5.932975,2.4,3.5329747,5.6939406,2.4,3.2939405
157,5.34128,2.5142858,2.8269942,4.6933293,2.5714285,2.1219008,4.9730353,2.6285713,2.344464,5.004522,2.6857145,2.3188074,5.4263816,2.742857,2.6835246,5.404136,2.8000002,2.604136,5.247239,2.7857144,2.4615247,5.8461313,2.7714286,3.0747027,4.9185343,2.757143,2.1613913,5.471683,2.742857,2.728826,5.263316,2.7285717,2.5347445,5.5237765,2.7142859,2.8094907,5.768813,2.7,3.068813,5.370402,2.6571429,2.713259,5.5963464,2.6142857,2.9820607,4.779724,2.5714285,2.2082956,5.9577837,2.5285714,3.4292123,5.603579,2.4857142,3.1178648,5.4441357,2.442857,3.0012786,6.091856,2.4,3.691856,5.355068,2.4,2.955068,5.7212768,2.4,3.3212767,6.110321,2.4,3.710321,5.4778776,2.4,3.0778775,5.1465034,2.4,2.7465034,5.947148,2.4,3.5471478,5.9364233,2.4,3.5364232,5.6993303,2.3428571,3.3564732
158,5.335661,2.5714285,2.7642324,4.6887245,2.6285713,2.0601532,4.9679337,2.6857145,2.2822192,5.0006175,2.742857,2.2577605,5.422454,2.8000002,2.6224537,5.402062,2.7857144,2.6163476,5.243649,2.7714286,2.4722204,5.842836,2.757143,3.085693,4.9154267,2.742857,2.1725698,5.46918,2.7285717,2.7406085,5.2599893,2.7142859,2.5457034,5.52048,2.7,2.82048,5.7680845,2.6571429,3.1109416,5.370397,2.6142857,2.7561114,5.5942783,2.5714285,3.0228498,4.77786,2.5285714,2.2492888,5.9545817,2.4857142,3.4688675,5.602704,2.442857,3.159847,5.445005,2.4,3.0450048,6.088634,2.4,3.688634,5.3564215,2.4,2.9564214,5.726032,2.4,3.3260317,6.111489,2.4,3.7114887,5.477565,2.4,3.0775647,5.1469536,2.4,2.7469535,5.9477286,2.4,3.5477285,5.9383364,2.3428571,3.5954792,5.7032266,2.2857144,3.4175122
159,5.3234715,2.6285713,2.6949003,4.6786733,2.6857145,1.9929588,4.9573445,2.742857,2.2144876,4.990635,2.8000002,2.1906347,5.4120045,2.7857144,2.62629,5.393918,2.7714286,2.6224895,5.233934,2.757143,2.476791,5.831988,2.742857,3.0891309,4.905826,2.7285717,2.1772544,5.460127,2.7142859,2.745841,5.2501717,2.7,2.5501716,5.511574,2.6571429,2.854431,5.7602158,2.6142857,3.14593,5.3635674,2.5714285,2.7921388,5.586417,2.5285714,3.0578458,4.770725,2.4857142,2.2850106,5.944467,2.442857,3.50161,5.5954685,2.4,3.1954684,5.438752,2.4,3.038752,6.078108,2.4,3.6781077,5.3517265,2.4,2.9517264,5.7244954,2.4,3.3244953,6.1059995,2.4,3.7059994,5.4705863,2.4,3.0705862,5.140867,2.4,2.7408671,5.941716,2.3428571,3.598859,5.933987,2.2857144,3.6482728,5.7009563,2.2285714,3.472385
160,5.309181,2.6857145,2.6234667,4.6669664,2.742857,1.9241095,4.9453454,2.8000002,2.1453452,4.9783235,2.7857144,2.192609,5.3990207,2.7714286,2.627592,5.383024,2.757143,2.6258812,5.2217774,2.742857,2.4789205,5.817984,2.7285717,3.0894125,4.8936806,2.7142859,2.1793947,5.4482493,2.7,2.7482493,5.2376018,2.6571429,2.5804589,5.500358,2.6142857,2.8860724,5.7484894,2.5714285,3.1770608,5.353259,2.5285714,2.8246877,5.5758314,2.4857142,3.0901172,4.761349,2.442857,2.3184922,5.931115,2.4,3.531115,5.585186,2.4,3.185186,5.428775,2.4,3.0287747,6.0642343,2.4,3.6642342,5.343709,2.4,2.943709,5.718618,2.4,3.3186178,6.096783,2.4,3.696783,5.4599524,2.4,3.0599523,5.131442,2.3428571,2.788585,5.932151,2.2857144,3.6464365,5.925982,2.2285714,3.6974106,5.6943803,2.1714287,3.5229516
161,5.2985997,2.742857,2.5557427,4.658466,2.8000002,1.8584657,4.9366956,2.7857144,2.1509812,4.9690385,2.7714286,2.19761,5.389168,2.757143,2.6320248,5.3746924,2.742857,2.6318355,5.2127404,2.7285717,2.4841688,5.8073916,2.7142859,3.0931058,4.884666,2.7,2.184666,5.439251,2.6571429,2.782108,5.228027,2.6142857,2.6137412,5.491985,2.5714285,2.9205563,5.739277,2.5285714,3.2107055,5.345285,2.4857142,2.8595707,5.5677724,2.442857,3.1249154,4.7542925,2.4,2.3542924,5.9208198,2.4,3.5208197,5.5775604,2.4,3.1775603,5.4212475,2.4,3.0212474,6.053477,2.4,3.6534767,5.3375106,2.4,2.9375105,5.713777,2.4,3.313777,6.0895677,2.4,3.6895676,5.4515243,2.3428571,3.1086671,5.1242704,2.2857144,2.838556,5.9248095,2.2285714,3.696238,5.9197187,2.1714287,3.74829,5.6888456,2.1142857,3.57456
162,5.2940655,2.8000002,2.4940653,4.655196,2.7857144,1.8694818,4.933487,2.7714286,2.1620584,4.9650474,2.757143,2.2079043,5.3848786,2.742857,2.6420217,5.371206,2.7285717,2.6426342,5.2090764,2.7142859,2.4947906,5.803101,2.7,3.103101,4.8810616,2.6571429,2.2239187,5.4357457,2.6142857,2.82146,5.2239957,2.5714285,2.6525671,5.4887147,2.5285714,2.9601433,5.7354584,2.4857142,3.2497442,5.3421993,2.442857,2.8993423,5.564403,2.4,3.164403,4.7515364,2.4,2.3515363,5.9164295,2.4,3.5164294,5.575059,2.4,3.1750588,5.418736,2.4,3.018736,6.048671,2.4,3.6486707,5.335556,2.4,2.935556,5.7125554,2.4,3.3125553,6.0869627,2.3428571,3.7441056,5.4479566,2.2857144,3.1622422,5.1218133,2.2285714,2.893242,5.9222693,2.1714287,3.7508407,5.917842,2.1142857,3.8035562,5.686914,2.057143,3.629771
163,5.297245,2.7857144,2.5115306,4.6584716,2.7714286,1.887043,4.936764,2.757143,2.1796207,4.96808,2.742857,2.225223,5.387978,2.7285717,2.6594064,5.374485,2.7142859,2.6601992,5.2124233,2.7,2.5124233,5.8071947,2.6571429,3.1500518,4.884638,2.6142857,2.2703521,5.4395533,2.5714285,2.8681247,5.22746,2.5285714,2.6988885,5.492132,2.4857142,3.006418,5.7394533,2.442857,3.2965963,5.346099,2.4,2.9460988,5.567565,2.4,3.1675649,4.754626,2.4,2.3546257,5.920195,2.4,3.520195,5.5796266,2.4,3.1796265,5.4236026,2.4,3.0236025,6.0520635,2.4,3.6520634,5.339809,2.4,2.9398088,5.717424,2.3428571,3.3745668,6.091377,2.2857144,3.8056624,5.4515004,2.2285714,3.222929,5.126129,2.1714287,2.9547005,5.926678,2.1142857,3.8123925,5.9223013,2.057143,3.8651583,5.6910095,2.0,3.6910095
164,5.3022456,2.7714286,2.530817,4.6632237,2.757143,1.9060807,4.9415884,2.742857,2.1987314,4.9727764,2.7285717,2.2442048,5.39282,2.7142859,2.678534,5.379182,2.7,2.6791818,5.21747,2.6571429,2.5603273,5.81326,2.6142857,3.1989744,4.8898673,2.5714285,2.3184388,5.4449997,2.5285714,2.9164283,5.232523,2.4857142,2.7468088,5.497135,2.442857,3.0542781,5.7451262,2.4,3.3451262,5.351387,2.4,2.951387,5.5720673,2.4,3.1720672,4.7589407,2.4,2.3589406,5.9258323,2.4,3.5258322,5.585745,2.4,3.1857448,5.4300237,2.4,3.0300236,6.0572176,2.4,3.6572175,5.3452625,2.3428571,3.0024054,5.7235003,2.2857144,3.4377859,6.097296,2.2285714,3.8687248,5.456641,2.1714287,3.2852125,5.1318235,2.1142857,3.0175378,5.932606,2.057143,3.8754632,5.928208,2.0,3.9282079,5.6962714,2.0428572,3.6534142
165,5.3089094,2.757143,2.5517664,4.669295,2.742857,1.9264379,4.9478016,2.7285717,2.21923,4.978971,2.7142859,2.2646852,5.3992705,2.7,2.6992705,5.3851566,2.6571429,2.7280138,5.224067,2.6142857,2.6097815,5.8210735,2.5714285,3.249645,4.896605,2.5285714,2.3680336,5.4519176,2.4857142,2.9662035,5.2390294,2.442857,2.7961724,5.503529,2.4,3.103529,5.752265,2.4,3.352265,5.3579082,2.4,2.9579082,5.5777984,2.4,3.1777983,4.7643495,2.4,2.3643494,5.9331017,2.4,3.5331016,5.5931735,2.4,3.1931734,5.4378333,2.4,3.0378332,6.0639396,2.3428571,3.7210824,5.3517427,2.2857144,3.0660284,5.730604,2.2285714,3.5020328,6.104552,2.1714287,3.933123,5.4631944,2.1142857,3.3489087,5.1387267,2.057143,3.0815837,5.939839,2.0,3.939839,5.9353194,2.0428572,3.8924623,5.702527,2.0857143,3.6168127
166,5.3170214,2.742857,2.5741644,4.676521,2.7285717,1.9479492,4.955223,2.7142859,2.2409372,4.986471,2.7,2.2864711,5.4071126,2.6571429,2.7499697,5.3922696,2.6142857,2.777984,5.2320304,2.5714285,2.6606019,5.8303895,2.5285714,3.3018181,4.904661,2.4857142,2.418947,5.4600897,2.442857,3.0172327,5.2468424,2.4,2.8468423,5.5111156,2.4,3.1111155,5.7607007,2.4,3.3607006,5.365516,2.4,2.965516,5.5846753,2.4,3.1846752,4.770714,2.4,2.3707137,5.9417777,2.4,3.5417776,5.6017165,2.4,3.2017164,5.4468336,2.3428571,3.1039765,6.0720897,2.2857144,3.7863753,5.3590913,2.2285714,3.1305199,5.738529,2.1714287,3.5671005,6.112927,2.1142857,3.9986413,5.4709845,2.057143,3.4138415,5.1466694,2.0,3.1466694,5.9481516,2.0428572,3.9052944,5.9434185,2.0857143,3.8577042,5.7096515,2.1285715,3.58108
167,5.3265805,2.7285717,2.5980089,4.6849184,2.7142859,1.9706326,4.963861,2.7,2.263861,4.9952984,2.6571429,2.3381555,5.4163504,2.6142857,2.8020647,5.4005914,2.5714285,2.8291628,5.2413416,2.5285714,2.7127702,5.841244,2.4857142,3.35553,4.914059,2.442857,2.4712021,5.4695296,2.4,3.0695295,5.256049,2.4,2.856049,5.519894,2.4,3.119894,5.7705364,2.4,3.3705363,5.3743105,2.4,2.9743104,5.5928073,2.4,3.1928072,4.7780876,2.4,2.3780875,5.9519477,2.4,3.5519476,5.611427,2.3428571,3.2685697,5.45712,2.2857144,3.1714056,6.0817738,2.2285714,3.8532023,5.367407,2.1714287,3.1959782,5.7473736,2.1142857,3.6330879,6.122499,2.057143,4.0653563,5.480087,2.0,3.4800868,5.155731,2.0428572,3.112874,5.957608,2.0857143,3.871894,5.9525385,2.1285715,3.823967,5.717782,2.1714287,3.5463533
168,5.337222,2.7142859,2.6229362,4.694183,2.7,1.9941828,4.973373,2.6571429,2.31623,5.0051856,2.6142857,2.3909,5.426631,2.5714285,2.8552024,5.4099045,2.5285714,2.881333,5.2516975,2.4857142,2.7659833,5.8533163,2.442857,3.4104593,4.924488,2.4,2.524488,5.4799285,2.4,3.0799284,5.266424,2.4,2.866424,5.529621,2.4,3.129621,5.781631,2.4,3.381631,5.3841066,2.4,2.9841065,5.602021,2.4,3.2020211,4.786274,2.4,2.3862739,5.963407,2.3428571,3.62055,5.6221414,2.2857144,3.336427,5.468501,2.2285714,3.2399297,6.092784,2.1714287,3.9213552,5.3765574,2.1142857,3.2622716,5.757074,2.057143,3.699931,6.13309,2.0,4.13309,5.490341,2.0428572,3.447484,5.1657257,2.0857143,3.0800114,5.9680524,2.1285715,3.8394809,5.962561,2.1714287,3.7911325,5.726919,2.2142859,3.5126333
169,5.3484464,2.7,2.6484463,4.703923,2.6571429,2.0467803,4.9833593,2.6142857,2.3690736,5.015741,2.5714285,2.4443123,5.4374833,2.5285714,2.908912,5.4198503,2.4857142,2.9341362,5.2626805,2.442857,2.8198235,5.866165,2.4,3.466165,4.935517,2.4,2.5355167,5.490872,2.4,3.0908718,5.277582,2.4,2.877582,5.5399523,2.4,3.1399522,5.7936754,2.4,3.3936753,5.394574,2.4,2.994574,5.6119857,2.4,3.2119856,4.7949615,2.3428571,2.4521043,5.975786,2.2857144,3.6900718,5.6335716,2.2285714,3.4050002,5.4806013,2.1714287,3.3091726,6.1047378,2.1142857,3.990452,5.386302,2.057143,3.329159,5.7674108,2.0,3.7674108,6.144377,2.0428572,4.10152,5.501432,2.0857143,3.4157176,5.1763425,2.1285715,3.047771,5.979187,2.1714287,3.8077583,5.9732533,2.2142859,3.7589674,5.736889,2.2571428,3.479746
170,5.3595853,2.6571429,2.7024424,4.713563,2.6142857,2.0992773,4.9932337,2.5714285,2.4218051,5.0264106,2.5285714,2.4978392,5.4482894,2.4857142,2.9625752,5.429886,2.442857,2.9870288,5.2737155,2.4,2.8737154,5.8791523,2.4,3.4791522,4.946551,2.4,2.5465508,5.5017548,2.4,3.1017547,5.2889104,2.4,2.8889103,5.5503683,2.4,3.1503682,5.8061304,2.4,3.4061303,5.405178,2.4,3.005178,5.6221576,2.3428571,3.2793005,4.8036866,2.2857144,2.5179722,5.988478,2.2285714,3.7599068,5.6452312,2.1714287,3.4738026,5.4928327,2.1142857,3.378547,6.1170125,2.057143,4.05987,5.3962,2.0,3.3962002,5.777981,2.0428572,3.7351236,6.15585,2.0857143,4.0701356,5.5128736,2.1285715,3.3843021,5.1870947,2.1714287,3.015666,5.990524,2.2142859,3.776238,5.984219,2.2571428,3.7270763,5.7473354,2.3,3.4473355
171,5.3700085,2.6142857,2.7557228,4.722578,2.5714285,2.1511495,5.0024915,2.5285714,2.47392,5.036647,2.4857142,2.5509326,5.458477,2.442857,3.01562,5.439456,2.4,3.039456,5.284258,2.4,2.8842578,5.8916707,2.4,3.4916706,4.9570465,2.4,2.5570464,5.5120173,2.4,3.1120172,5.299748,2.4,2.8997478,5.5603743,2.4,3.1603742,5.818394,2.4,3.418394,5.415354,2.3428571,3.0724967,5.6319532,2.2857144,3.3462389,4.811982,2.2285714,2.5834107,6.000843,2.1714287,3.8294144,5.656626,2.1142857,3.5423405,5.5046053,2.057143,3.4474623,6.128925,2.0,4.128925,5.405796,2.0428572,3.362939,5.788332,2.0857143,3.7026176,6.1669855,2.1285715,4.038414,5.524134,2.1714287,3.3527055,5.1974964,2.2142859,2.9832106,6.0015707,2.2571428,3.744428,5.9950576,2.3,3.6950576,5.757794,2.3,3.457794
172,5.379906,2.5714285,2.8084776,4.7311554,2.5285714,2.202584,5.011334,2.4857142,2.5256197,5.046585,2.442857,2.603728,5.4682264,2.4,3.0682263,5.448711,2.4,3.0487108,5.2944546,2.4,2.8944545,5.9039345,2.4,3.5039344,4.9671745,2.4,2.5671744,5.521888,2.4,3.1218877,5.3101974,2.4,2.9101973,5.5701313,2.4,3.1701312,5.830568,2.3428571,3.4877107,5.4252505,2.2857144,3.1395361,5.6414504,2.2285714,3.412879,4.8200107,2.1714287,2.648582,6.01298,2.1142857,3.8986943,5.6679296,2.057143,3.6107867,5.516065,2.0,3.5160651,6.1405816,2.0428572,4.0977244,5.4152694,2.0857143,3.329555,5.798579,2.1285715,3.6700077,6.1779256,2.1714287,4.006497,5.535317,2.2142859,3.321031,5.207727,2.2571428,2.9505842,6.012498,2.3,3.712498,6.0059624,2.3,3.7059624,5.768329,2.3,3.4683292
173,5.3897963,2.5285714,2.861225,4.7397833,2.4857142,2.254069,5.0202837,2.442857,2.5774267,5.056568,2.4,2.656568,5.477955,2.4,3.0779548,5.457989,2.4,3.0579891,5.3047047,2.4,2.9047046,5.9163494,2.4,3.5163493,4.9773626,2.4,2.5773625,5.5318003,2.4,3.1318002,5.3206058,2.4,2.9206057,5.579987,2.3428571,3.23713,5.842827,2.2857144,3.5571125,5.435176,2.2285714,3.2066045,5.6509404,2.1714287,3.4795117,4.828111,2.1142857,2.7138255,6.02512,2.057143,3.9679768,5.6794276,2.0,3.6794276,5.5275135,2.0428572,3.4846563,6.152269,2.0857143,4.0665545,5.4248786,2.1285715,3.296307,5.808804,2.1714287,3.6373754,6.18888,2.2142859,3.974594,5.546573,2.2571428,3.2894304,5.2180834,2.3,2.9180834,6.023546,2.3,3.7235463,6.017122,2.3,3.7171218,5.7789183,2.3,3.4789183
174,5.4007387,2.4857142,2.9150245,4.7493787,2.442857,2.3065217,5.030285,2.4,2.6302848,5.0674105,2.4,2.6674104,5.488705,2.4,3.088705,5.4680934,2.4,3.0680933,5.315862,2.4,2.915862,5.929845,2.4,3.5298448,4.9885974,2.4,2.5885973,5.5426846,2.4,3.1426845,5.3318067,2.3428571,2.9889495,5.5906544,2.2857144,3.30494,5.8557715,2.2285714,3.6272001,5.445884,2.1714287,3.2744555,5.661142,2.1142857,3.5468562,4.837,2.057143,2.779857,6.0380225,2.0,4.0380225,5.6917257,2.0428572,3.6488686,5.5398293,2.0857143,3.454115,6.164748,2.1285715,4.0361767,5.4352355,2.1714287,3.2638068,5.819515,2.2142859,3.6052294,6.200604,2.2571428,3.9434612,5.558515,2.3,3.2585151,5.229331,2.3,2.929331,6.0353594,2.3,3.7353594,6.0289564,2.3,3.7289565,5.789882,2.3,3.4898822
175,5.413375,2.442857,2.9705179,4.760494,2.4,2.3604941,5.0418983,2.4,2.6418982,5.079619,2.4,2.6796188,5.5010943,2.4,3.1010942,5.4795365,2.4,3.0795364,5.3284826,2.4,2.9284825,5.9449935,2.4,3.5449934,5.00149,2.4,2.60149,5.5551257,2.3428571,3.2122686,5.3443522,2.2857144,3.0586379,5.602597,2.2285714,3.3740258,5.8698497,2.1714287,3.698421,5.457888,2.1142857,3.3436024,5.6725516,2.057143,3.6154087,4.847124,2.0,2.847124,6.0522056,2.0428572,4.0093484,5.705241,2.0857143,3.6195269,5.553599,2.1285715,3.4250274,6.1785407,2.1714287,4.007112,5.446731,2.2142859,3.2324452,5.8310933,2.2571428,3.5739505,6.213607,2.3,3.913607,5.571569,2.3,3.271569,5.241967,2.3,2.9419672,6.0483856,2.3,3.7483857,6.041752,2.3,3.741752,5.801514,2.3,3.5015142
176,5.4284415,2.4,3.0284414,4.773785,2.4,2.373785,5.0558147,2.4,2.6558146,5.093782,2.4,2.6937819,5.51579,2.4,3.11579,5.49291,2.4,3.0929098,5.343171,2.4,2.943171,5.9624767,2.4,3.5624766,5.016707,2.3428571,2.6738498,5.5697813,2.2857144,3.284067,5.358907,2.2285714,3.1303358,5.616379,2.1714287,3.44495,5.885618,2.1142857,3.7713325,5.4717636,2.057143,3.4146206,5.685752,2.0,3.685752,4.859005,2.0428572,2.8161478,6.0683007,2.0857143,3.9825864,5.7204876,2.1285715,3.591916,5.569453,2.1714287,3.398024,6.194296,2.2142859,3.98001,5.459847,2.2571428,3.2027042,5.843934,2.3,3.543934,6.228428,2.3,3.928428,5.5862174,2.3,3.2862175,5.2565513,2.3,2.9565513,6.063138,2.3,3.763138,6.0558968,2.3,3.7558968,5.814163,2.3,3.5141633
177,5.4463415,2.4,3.0463414,4.789631,2.4,2.3896308,5.0724335,2.4,2.6724334,5.1102357,2.4,2.7102356,5.5331316,2.4,3.1331315,5.5085387,2.4,3.1085386,5.36026,2.4,2.96026,5.9827304,2.3428571,3.6398733,5.0345883,2.2857144,2.748874,5.587009,2.2285714,3.3584375,5.3758607,2.1714287,3.204432,5.6323376,2.1142857,3.5180519,5.903414,2.057143,3.8462708,5.487846,2.0,3.487846,5.7010655,2.0428572,3.6582084,4.872947,2.0857143,2.7872329,6.0867248,2.1285715,3.9581532,5.7377906,2.1714287,3.566362,5.58774,2.2142859,3.373454,6.2123995,2.2571428,3.9552567,5.474859,2.3,3.1748593,5.8582726,2.3,3.5582726,6.2453966,2.3,3.9453967,5.6027603,2.3,3.3027604,5.2733994,2.3,2.9733994,6.079951,2.3,3.7799509,6.071647,2.3,3.7716472,5.8280606,2.3,3.5280607
178,5.4668384,2.4,3.0668383,4.807878,2.4,2.407878,5.091613,2.4,2.6916127,5.1287527,2.4,2.7287526,5.5528235,2.4,3.1528234,5.5261583,2.4,3.1261582,5.3795404,2.3428571,3.0366833,6.0055394,2.2857144,3.719825,5.0548677,2.2285714,2.8262963,5.6065288,2.1714287,3.4351,5.394976,2.1142857,3.2806904,5.650326,2.057143,3.5931828,5.922994,2.0,3.9229941,5.5058784,2.0428572,3.4630213,5.718267,2.0857143,3.6325526,4.888736,2.1285715,2.7601643,6.1073017,2.1714287,3.935873,5.756957,2.2142859,3.5426712,5.6081963,2.2571428,3.3510535,6.2325687,2.3,3.9325688,5.491536,2.3,3.1915362,5.8738885,2.3,3.5738885,6.264238,2.3,3.964238,5.6209626,2.3,3.3209627,5.292253,2.3,2.992253,6.0986333,2.3,3.7986333,6.0888276,2.3,3.7888277,5.8429794,2.3,3.5429795
179,5.489683,2.4,3.089683,4.8283367,2.4,2.4283366,5.1131363,2.4,2.7131362,5.149158,2.4,2.749158,5.574554,2.4,3.1745539,5.545541,2.3428571,3.2026837,5.400829,2.2857144,3.1151145,6.030725,2.2285714,3.8021536,5.0772696,2.1714287,2.9058409,5.628069,2.1142857,3.5137832,5.4160933,2.057143,3.3589504,5.670254,2.0,3.6702542,5.9442787,2.0428572,3.9014215,5.525671,2.0857143,3.4399567,5.737178,2.1285715,3.6086063,4.90618,2.1714287,2.7347512,6.1299553,2.2142859,3.9156694,5.77793,2.2571428,3.520787,5.6306186,2.3,3.3306186,6.254642,2.3,3.954642,5.50974,2.3,3.20974,5.8907003,2.3,3.5907004,6.284769,2.3,3.984769,5.6407104,2.3,3.3407104,5.3129196,2.3,3.0129197,6.119097,2.3,3.8190973,6.1074166,2.3,3.8074167,5.858871,2.3,3.558871
180,5.514301,2.4,3.1143007,4.8505216,2.4,2.4505215,5.1364756,2.4,2.7364755,5.1709886,2.4,2.7709885,5.597639,2.3428571,3.254782,5.5661926,2.2857144,3.2804782,5.423659,2.2285714,3.1950874,6.0577264,2.1714287,3.8862977,5.1011887,2.1142857,2.986903,5.6510243,2.057143,3.5938814,5.438777,2.0,3.438777,5.691764,2.0428572,3.6489067,5.9669237,2.0857143,3.8812094,5.5467744,2.1285715,3.4182029,5.7574115,2.1714287,3.5859828,4.924879,2.2142859,2.7105932,6.154238,2.2571428,3.8970954,5.8004007,2.3,3.5004008,5.654433,2.3,3.3544328,6.2782106,2.3,3.9782107,5.529097,2.3,3.2290971,5.9083138,2.3,3.6083138,6.3064375,2.3,4.0064373,5.661583,2.3,3.361583,5.334891,2.3,3.034891,6.1409454,2.3,3.8409455,6.127189,2.3,3.8271892,5.875477,2.3,3.575477
181,5.5400414,2.4,3.1400414,4.8737974,2.4,2.4737973,5.1609344,2.4,2.7609344,5.193751,2.3428571,2.8508937,5.6216035,2.2857144,3.335889,5.5876255,2.2285714,3.359054,5.4474707,2.1714287,3.276042,6.085956,2.1142857,3.9716704,5.1260486,2.057143,3.0689056,5.674858,2.0,3.674858,5.4624724,2.0428572,3.4196153,5.714313,2.0857143,3.6285987,5.9904604,2.1285715,3.861889,5.568725,2.1714287,3.3972964,5.778447,2.2142859,3.5641613,4.944363,2.2571428,2.6872203,6.1797056,2.3,3.8797057,5.823838,2.3,3.5238383,5.6792,2.3,3.3792002,6.3026934,2.3,4.002693,5.5492206,2.3,3.2492206,5.9266043,2.3,3.6266043,6.328951,2.3,4.0289507,5.683256,2.3,3.3832562,5.3577127,2.3,3.0577128,6.163778,2.3,3.8637779,6.1477933,2.3,3.8477933,5.8926044,2.3,3.5926044
182,5.5650153,2.4,3.1650152,4.896402,2.4,2.4964018,5.1846623,2.3428571,2.8418052,5.215914,2.2857144,2.9301994,5.64475,2.2285714,3.4161787,5.6083374,2.1714287,3.4369087,5.4706903,2.1142857,3.3564045,6.113508,2.057143,4.056365,5.150125,2.0,3.150125,5.697926,2.0428572,3.6550689,5.485549,2.0857143,3.3998346,5.736375,2.1285715,3.6078033,6.0134425,2.1714287,3.8420138,5.590054,2.2142859,3.3757682,5.7988334,2.2571428,3.5416906,4.9632616,2.3,2.6632617,6.2046905,2.3,3.9046905,5.846786,2.3,3.546786,5.7033453,2.3,3.4033453,6.326457,2.3,4.026457,5.568822,2.3,3.268822,5.944638,2.3,3.6446378,6.3509555,2.3,4.050956,5.7044163,2.3,3.4044163,5.3799047,2.3,3.0799048,6.1862297,2.3,3.8862298,6.1681156,2.3,3.8681157,5.9093986,2.3,3.6093986
183,5.5876226,2.4,3.1876225,4.9168715,2.3428571,2.5740144,5.2061787,2.2857144,2.9204643,5.2361407,2.2285714,3.0075693,5.6656046,2.1714287,3.494176,5.6270123,2.1142857,3.5127265,5.491949,2.057143,3.434806,6.1387115,2.0,4.1387115,5.171908,2.0428572,3.1290507,5.7188497,2.0857143,3.6331353,5.506617,2.1285715,3.3780456,5.7566094,2.1714287,3.5851808,6.0345407,2.2142859,3.8202548,5.609476,2.2571428,3.3523333,5.8173,2.3,3.5173,4.980402,2.3,2.680402,6.227659,2.3,3.9276593,5.867969,2.3,3.567969,5.7253942,2.3,3.4253943,6.3480735,2.3,4.048074,5.586783,2.3,3.286783,5.9614177,2.3,3.6614177,6.371145,2.3,4.071145,5.7238216,2.3,3.4238217,5.4001393,2.3,3.1001394,6.207022,2.3,3.9070222,6.187111,2.3,3.887111,5.9249754,2.3,3.6249754
184,5.606651,2.3428571,3.2637937,4.9341054,2.2857144,2.648391,5.2243466,2.2285714,2.9957752,5.253428,2.1714287,3.0819993,5.6831374,2.1142857,3.5688517,5.642703,2.057143,3.58556,5.5102186,2.0,3.5102186,6.1603255,2.0428572,4.1174684,5.1903143,2.0857143,3.1046,5.7366257,2.1285715,3.6080542,5.5246234,2.1714287,3.3531947,5.77397,2.2142859,3.5596843,6.052737,2.2571428,3.7955945,5.626038,2.3,3.3260381,5.832909,2.3,3.5329092,4.9949064,2.3,2.6949065,6.2474174,2.3,3.9474175,5.8863864,2.3,3.5863864,5.744244,2.3,3.4442441,6.3664737,2.3,4.066474,5.602245,2.3,3.302245,5.976186,2.3,3.6761858,6.388592,2.3,4.0885916,5.74056,2.3,3.44056,5.417457,2.3,3.1174572,6.22516,2.3,3.9251602,6.2039065,2.3,3.9039066,5.9386783,2.3,3.6386783
185,5.62133,2.2857144,3.3356154,4.9474397,2.2285714,2.7188683,5.2385225,2.1714287,3.0670938,5.2670527,2.1142857,3.152767,5.696716,2.057143,3.6395729,5.6547546,2.0,3.6547546,5.5248384,2.0428572,3.4819813,6.17749,2.0857143,4.091776,5.204687,2.1285715,3.0761156,5.7505884,2.1714287,3.5791597,5.538783,2.2142859,3.3244972,5.7877607,2.2571428,3.530618,6.067232,2.3,3.7672322,5.6390266,2.3,3.3390267,5.845021,2.3,3.5450208,5.0061817,2.3,2.7061818,6.26308,2.3,3.9630802,5.901281,2.3,3.601281,5.7591333,2.3,3.4591334,6.3808274,2.3,4.0808277,5.614562,2.3,3.314562,5.988264,2.3,3.6882641,6.402594,2.3,4.1025944,5.7539363,2.3,3.4539363,5.4311957,2.3,3.1311958,6.239875,2.3,3.939875,6.2177906,2.3,3.9177907,5.9498763,2.4,3.5498762
186,5.632326,2.2285714,3.4037547,4.9574785,2.1714287,2.7860498,5.2493405,2.1142857,3.1350548,5.2775483,2.057143,3.2204053,5.707049,2.0,3.707049,5.6637864,2.0428572,3.6209292,5.5363636,2.0857143,3.4506493,6.190853,2.1285715,4.0622816,5.2156835,2.1714287,3.0442548,5.761421,2.2142859,3.5471354,5.549694,2.2571428,3.2925513,5.798454,2.3,3.4984539,6.078535,2.3,3.7785351,5.6490226,2.3,3.3490226,5.854217,2.3,3.554217,5.014757,2.3,2.7147572,6.2751727,2.3,3.9751728,5.9130826,2.3,3.6130826,5.770632,2.3,3.4706318,6.3917494,2.3,4.091749,5.6242237,2.3,3.3242238,5.9980073,2.3,3.6980073,6.4136853,2.3,4.1136856,5.7644453,2.3,3.4644454,5.4419255,2.3,3.1419256,6.2515864,2.3,3.9515865,6.2291036,2.4,3.8291035,5.958922,2.5,3.458922
187,5.6405897,2.1714287,3.469161,4.965086,2.1142857,2.8508003,5.257692,2.057143,3.200549,5.285719,2.0,3.285719,5.7151966,2.0428572,3.6723394,5.6706786,2.0857143,3.5849643,5.545626,2.1285715,3.4170547,6.201437,2.1714287,4.0300083,5.2242813,2.2142859,3.0099955,5.7701015,2.2571428,3.5129588,5.558217,2.3,3.258217,5.806797,2.3,3.506797,6.087465,2.3,3.7874649,5.656875,2.3,3.3568752,5.8613153,2.3,3.5613153,5.021364,2.3,2.7213643,6.284635,2.3,3.984635,5.9224734,2.3,3.6224735,5.779719,2.3,3.479719,6.4001174,2.3,4.1001177,5.631958,2.3,3.331958,6.006132,2.3,3.7061322,6.4227977,2.3,4.122798,5.7729526,2.3,3.4729526,5.4505296,2.3,3.1505296,6.2610426,2.4,3.8610425,6.238424,2.5,3.7384238,5.9664483,2.6,3.3664484
188,5.646751,2.1142857,3.5324652,4.9708986,2.057143,2.9137557,5.264219,2.0,3.2642188,5.292086,2.0428572,3.249229,5.7216754,2.0857143,3.635961,5.6759796,2.1285715,3.547408,5.5532093,2.1714287,3.3817806,6.2098904,2.2142859,3.9956045,5.231085,2.2571428,2.973942,5.77713,2.3,3.4771302,5.564951,2.3,3.264951,5.8134036,2.3,3.5134037,6.0946603,2.3,3.7946603,5.6631227,2.3,3.3631227,5.866938,2.3,3.5669382,5.026476,2.3,2.726476,6.292096,2.3,3.9920962,5.930047,2.3,3.630047,5.7869587,2.3,3.4869587,6.4065843,2.3,4.1065845,5.638227,2.3,3.338227,6.012914,2.3,3.7129142,6.430349,2.3,4.130349,5.7799697,2.3,3.4799697,5.457546,2.4,3.0575461,6.268697,2.5,3.7686968,6.246159,2.6,3.6461592,5.9728417,2.7,3.2728417
189,5.652554,2.057143,3.595411,4.9765005,2.0,2.9765005,5.270527,2.0428572,3.2276697,5.2981086,2.0857143,3.2123942,5.728048,2.1285715,3.5994763,5.681135,2.1714287,3.5097065,5.560611,2.2142859,3.346325,6.2179713,2.2571428,3.9608285,5.2377167,2.3,2.9377167,5.7839785,2.3,3.4839785,5.5714593,2.3,3.2714593,5.819718,2.3,3.519718,6.1016574,2.3,3.8016574,5.6691904,2.3,3.3691905,5.872537,2.3,3.5725372,5.0313754,2.3,2.7313755,6.299199,2.3,3.9991992,5.937232,2.3,3.637232,5.7939296,2.3,3.4939296,6.412787,2.3,4.1127872,5.644288,2.3,3.344288,6.0193686,2.3,3.7193687,6.437668,2.3,4.1376677,5.7868686,2.4,3.3868685,5.464414,2.5,2.9644141,6.2758474,2.6,3.6758475,6.253422,2.7,3.5534217,5.9791017,2.8000002,3.1791015
190,5.6597924,2.0,3.6597924,4.9834113,2.0428572,2.9405541,5.2781324,2.0857143,3.192418,5.305354,2.1285715,3.1767826,5.735959,2.1714287,3.5645304,5.687697,2.2142859,3.473411,5.569392,2.2571428,3.3122494,6.2275114,2.3,3.9275115,5.245889,2.3,2.9458892,5.792213,2.3,3.492213,5.5793447,2.3,3.2793448,5.827208,2.3,3.527208,6.1101255,2.3,3.8101256,5.676615,2.3,3.3766153,5.8796244,2.3,3.5796244,5.0374093,2.3,2.7374094,6.3076863,2.3,4.0076866,5.9455514,2.3,3.6455514,5.8024035,2.3,3.5024035,6.4204893,2.3,4.120489,5.6515,2.3,3.3515003,6.02678,2.3,3.7267802,6.4463143,2.4,4.0463142,5.795169,2.5,3.2951689,5.472697,2.6,2.8726969,6.283997,2.7,3.583997,6.2614994,2.8000002,3.4614992,5.986457,2.9,3.0864568
191,5.6701846,2.0428572,3.6273274,4.9930534,2.0857143,2.907339,5.288509,2.1285715,3.1599374,5.3152704,2.1714287,3.1438417,5.7469354,2.2142859,3.5326495,5.697068,2.2571428,3.4399254,5.5809946,2.3,3.2809947,6.240158,2.3,3.9401581,5.2571616,2.3,2.9571617,5.8033366,2.3,3.5033367,5.5900846,2.3,3.2900846,5.8372045,2.3,3.5372045,6.121487,2.3,3.8214872,5.6867685,2.3,3.3867686,5.889527,2.3,3.589527,5.045836,2.3,2.745836,6.319086,2.3,4.019086,5.9563427,2.3,3.6563427,5.8139415,2.3,3.5139415,6.4312615,2.3,4.131262,5.661092,2.3,3.3610919,6.036277,2.4,3.6362767,6.4576044,2.5,3.9576044,5.806131,2.6,3.206131,5.4837627,2.7,2.7837627,6.294485,2.8000002,3.494485,6.2715764,2.9,3.3715763,5.995926,2.9999998,2.9959261
192,5.684978,2.0857143,3.5992637,5.0064154,2.1285715,2.8778439,5.3027105,2.1714287,3.1312819,5.3289137,2.2142859,3.1146278,5.762054,2.2571428,3.5049112,5.7102437,2.3,3.4102437,5.5963917,2.3,3.2963917,6.257038,2.3,3.9570382,5.272597,2.3,2.972597,5.818426,2.3,3.5184262,5.6047764,2.3,3.3047764,5.8505907,2.3,3.5505908,6.1366663,2.3,3.8366663,5.700605,2.3,3.400605,5.903139,2.3,3.6031392,5.0575557,2.3,2.7575557,6.334405,2.3,4.0344048,5.9704804,2.3,3.6704805,5.829544,2.3,3.529544,6.4462404,2.3,4.14624,5.673888,2.4,3.273888,6.0485725,2.5,3.5485725,6.472411,2.6,3.8724113,5.8205495,2.7,3.1205494,5.4985113,2.8000002,2.6985111,6.30821,2.9,3.4082098,6.2844276,2.9999998,3.284428,6.008116,3.057143,2.9509728
193,5.703817,2.1285715,3.5752454,5.0231895,2.1714287,2.8517609,5.32047,2.2142859,3.106184,5.3459167,2.2571428,3.088774,5.780936,2.3,3.4809358,5.726803,2.3,3.4268029,5.615174,2.3,3.3151739,6.277679,2.3,3.977679,5.2918158,2.3,2.9918158,5.837063,2.3,3.537063,5.62301,2.3,3.3230102,5.8669868,2.3,3.5669868,6.155097,2.3,3.855097,5.7176557,2.3,3.4176557,5.9200244,2.3,3.6200244,5.0722237,2.3,2.7722237,6.353154,2.3,4.053154,5.987471,2.3,3.6874712,5.848724,2.3,3.548724,6.4649057,2.4,4.0649056,5.6894507,2.5,3.1894507,6.06319,2.6,3.46319,6.4902434,2.7,3.7902434,5.837902,2.8000002,3.0379019,5.516488,2.9,2.616488,6.3247123,2.9999998,3.3247125,6.2995753,3.057143,3.2424324,6.0225034,3.1142857,2.9082177
194,5.725629,2.1714287,3.5542002,5.042496,2.2142859,2.8282104,5.3409214,2.2571428,3.0837786,5.3653264,2.3,3.0653265,5.8025336,2.3,3.5025337,5.7457733,2.3,3.4457734,5.636368,2.3,3.3363678,6.300972,2.3,4.000972,5.3137794,2.3,3.0137794,5.8582172,2.3,3.5582173,5.643789,2.3,3.3437889,5.8855343,2.3,3.5855343,6.175715,2.3,3.875715,5.7369456,2.3,3.4369457,5.939245,2.3,3.6392453,5.089021,2.3,2.7890213,6.3743105,2.3,4.0743103,6.0063925,2.3,3.7063925,5.8704014,2.4,3.4704013,6.4861317,2.5,3.9861317,5.706922,2.6,3.1069221,6.0792723,2.7,3.3792722,6.510114,2.8000002,3.710114,5.857208,2.9,2.9572077,5.536713,2.9999998,2.5367134,6.343079,3.057143,3.285936,6.3162045,3.1142857,3.2019188,6.0382266,3.1714284,2.8667982
195,5.748852,2.2142859,3.534566,5.0630584,2.2571428,2.8059156,5.362758,2.3,3.0627582,5.385856,2.3,3.0858562,5.825337,2.3,3.525337,5.765878,2.3,3.4658782,5.658687,2.3,3.3586872,6.325457,2.3,4.0254574,5.337008,2.3,3.037008,5.880528,2.3,3.580528,5.6658096,2.3,3.3658097,5.9051204,2.3,3.6051204,6.197296,2.3,3.8972962,5.75726,2.3,3.45726,5.959598,2.3,3.659598,5.1068597,2.3,2.8068597,6.3965306,2.3,4.096531,6.0261717,2.4,3.6261716,5.893134,2.5,3.393134,6.508554,2.6,3.908554,5.725261,2.7,3.0252612,6.095826,2.8000002,3.295826,6.5307374,2.9,3.6307373,5.8772945,2.9999998,2.8772948,5.5579157,3.057143,2.5007727,6.3622117,3.1142857,3.247926,6.3335085,3.1714284,3.16208,6.0544324,3.2285717,2.8258607
196,5.771693,2.2571428,3.5145504,5.0833464,2.3,2.7833464,5.384409,2.3,3.084409,5.406064,2.3,3.106064,5.8477144,2.3,3.5477145,5.785656,2.3,3.485656,5.680655,2.3,3.380655,6.3495092,2.3,4.049509,5.3598237,2.3,3.0598238,5.9024568,2.3,3.6024568,5.687552,2.3,3.387552,5.9244294,2.3,3.6244295,6.2184544,2.3,3.9184544,5.777201,2.3,3.4772012,5.979658,2.3,3.6796582,5.1244597,2.3,2.8244598,6.418397,2.4,4.018397,6.0455303,2.5,3.5455303,5.915384,2.6,3.315384,6.5305595,2.7,3.8305595,5.7432766,2.8000002,2.9432764,6.1118937,2.9,3.2118936,6.550839,2.9999998,3.5508392,5.8969245,3.057143,2.8397815,5.5786815,3.1142857,2.4643958,6.380909,3.1714284,3.2094805,6.35055,3.2285717,3.1219785,6.070234,3.2857144,2.7845194
197,5.792451,2.3,3.492451,5.101882,2.3,2.801882,5.4043617,2.3,3.1043618,5.4246044,2.3,3.1246045,5.868175,2.3,3.568175,5.8037295,2.3,3.5037296,5.7008853,2.3,3.4008853,6.3716297,2.3,4.0716295,5.3806934,2.3,3.0806935,5.922548,2.3,3.6225479,5.7075415,2.3,3.4075415,5.9422035,2.3,3.6422036,6.237918,2.3,3.937918,5.7954645,2.3,3.4954646,5.998063,2.3,3.6980631,5.14058,2.4,2.74058,6.4385905,2.5,3.9385905,6.0632544,2.6,3.4632545,5.9358063,2.7,3.2358062,6.5506396,2.8000002,3.7506394,5.7598224,2.9,2.8598223,6.1266627,2.9999998,3.126663,6.5693235,3.057143,3.5121806,5.915004,3.1142857,2.800718,5.5977187,3.1714284,2.4262903,6.398108,3.2285717,3.1695364,6.366433,3.2857144,3.0807188,6.084871,3.3428574,2.7420135
198,5.81016,2.3,3.5101602,5.117805,2.3,2.817805,5.4217677,2.3,3.1217678,5.440705,2.3,3.1407049,5.8858247,2.3,3.5858247,5.819268,2.3,3.5192683,5.7186007,2.3,3.4186008,6.3909745,2.3,4.090975,5.398711,2.3,3.0987113,5.9399858,2.3,3.6399858,5.7249074,2.3,3.4249074,5.9577346,2.3,3.6577346,6.254918,2.3,3.9549181,5.811259,2.3,3.5112588,6.013975,2.4,3.613975,5.1544847,2.5,2.6544847,6.456339,2.6,3.856339,6.078671,2.7,3.378671,5.953588,2.8000002,3.1535878,6.567907,2.9,3.6679068,5.774221,2.9999998,2.7742212,6.1396623,3.057143,3.0825193,6.58553,3.1142857,3.471244,5.9308734,3.1714284,2.759445,5.6142435,3.2285717,2.3856719,6.4132013,3.2857144,3.127487,6.380689,3.3428574,3.0378318,6.097866,3.4,2.697866
199,5.8246393,2.3,3.5246394,5.1309175,2.3,2.8309176,5.4364066,2.3,3.1364067,5.4541984,2.3,3.1541984,5.9005494,2.3,3.6005495,5.8320994,2.3,3.5320995,5.7336636,2.3,3.4336636,6.407387,2.3,4.1073866,5.413709,2.3,3.1137092,5.9546485,2.3,3.6546485,5.739434,2.3,3.4394338,5.9708714,2.3,3.6708715,6.269288,2.3,3.969288,5.824423,2.4,3.4244227,6.02719,2.5,3.5271902,5.165994,2.6,2.5659943,6.4714923,2.7,3.7714922,6.0916224,2.8000002,3.2916222,5.9686418,2.9,3.0686417,6.5821276,2.9999998,3.5821278,5.786328,3.057143,2.7291849,6.1508985,3.1142857,3.0366127,6.5994353,3.1714284,3.428007,5.944429,3.2285717,2.7158573,5.6281223,3.2857144,2.342408,6.4261255,3.3428574,3.0832682,6.393198,3.4,2.993198,6.109152,3.3,2.809152
200,5.836081,2.3,3.536081,5.141349,2.3,2.841349,5.4483895,2.3,3.1483896,5.4651814,2.3,3.1651814,5.912511,2.3,3.612511,5.842322,2.3,3.542322,5.7461905,2.3,3.4461906,6.4209385,2.3,4.1209383,5.4257956,2.3,3.1257956,5.9666796,2.3,3.6666796,5.751189,2.3,3.4511893,5.9816465,2.3,3.6816466,6.280967,2.4,3.8809671,5.83499,2.5,3.33499,6.0377626,2.6,3.4377627,5.175201,2.7,2.475201,6.484015,2.8000002,3.6840148,6.1021028,2.9,3.2021027,5.981013,2.9999998,2.981013,6.593342,3.057143,3.5361989,5.7961645,3.1142857,2.6818788,6.1603484,3.1714284,2.98892,6.611075,3.2285717,3.3825033,5.9556384,3.2857144,2.669924,5.6393967,3.3428574,2.2965393,6.4368863,3.4,3.0368862,6.4039125,3.3,3.1039126,6.118614,3.2,2.9186141
201,5.8452063,2.3,3.5452063,5.149758,2.3,2.849758,5.458353,2.3,3.158353,5.474152,2.3,3.1741521,5.92222,2.3,3.6222203,5.850475,2.3,3.550475,5.756705,2.3,3.4567049,6.432159,2.3,4.132159,5.4355173,2.3,3.1355174,5.97659,2.3,3.6765902,5.7607837,2.3,3.4607837,5.990511,2.4,3.5905108,6.2903595,2.5,3.7903595,5.8434463,2.6,3.2434464,6.0462737,2.7,3.3462737,5.1826143,2.8000002,2.3826141,6.4943027,2.9,3.5943027,6.110538,2.9999998,3.1105382,5.991083,3.057143,2.9339402,6.6021633,3.1142857,3.4878776,5.8041053,3.1714284,2.6326768,6.168068,3.2285717,2.9394963,6.620659,3.2857144,3.3349445,5.9647894,3.3428574,2.621932,5.6484585,3.4,2.2484584,6.4457617,3.3,3.1457617,6.4130363,3.2,3.2130363,6.1263676,3.1,3.0263677
202,5.853009,2.3,3.5530093,5.156983,2.3,2.856983,5.467103,2.3,3.167103,5.481935,2.3,3.181935,5.930642,2.3,3.6306422,5.857405,2.3,3.5574052,5.765947,2.3,3.465947,6.4420137,2.3,4.1420135,5.4438,2.3,3.1438,5.9852595,2.3,3.6852596,5.769098,2.4,3.3690977,5.998104,2.5,3.498104,6.2982297,2.6,3.6982298,5.850624,2.7,3.150624,6.053513,2.8000002,3.2535129,5.188963,2.9,2.2889628,6.503208,2.9999998,3.5032084,6.1176233,3.057143,3.0604804,5.9997745,3.1142857,2.8854887,6.609509,3.1714284,3.4380805,5.8108816,3.2285717,2.58231,6.1747065,3.2857144,2.888992,6.6290064,3.3428574,3.286149,5.9726524,3.4,2.5726523,5.6561475,3.3,2.3561475,6.453472,3.2,3.253472,6.421073,3.1,3.321073,6.1329813,2.9999998,3.1329815
203,5.859732,2.3,3.5597322,5.1632113,2.3,2.8632114,5.474786,2.3,3.1747859,5.4887915,2.3,3.1887915,5.9379945,2.3,3.6379945,5.8633995,2.3,3.5633996,5.774135,2.3,3.4741352,6.4508014,2.3,4.1508017,5.4509273,2.3,3.1509273,5.992944,2.4,3.5929437,5.7764244,2.5,3.2764244,6.0046287,2.6,3.4046288,6.305007,2.7,3.605007,5.856868,2.8000002,3.0568676,6.0597906,2.9,3.1597905,5.1944957,2.9999998,2.194496,6.511056,3.057143,3.453913,6.123725,3.1142857,3.0094392,6.007437,3.1714284,2.8360088,6.6158037,3.2285717,3.387232,5.8168225,3.2857144,2.5311081,6.180631,3.3428574,2.8377738,6.6364436,3.4,3.2364435,5.9795833,3.3,2.6795833,5.6628075,3.2,2.4628074,6.460345,3.1,3.360345,6.4283266,2.9999998,3.4283268,6.138882,2.9,3.238882
204,5.8656163,2.3,3.5656164,5.168699,2.3,2.8686988,5.48169,2.3,3.18169,5.4949665,2.3,3.1949666,5.944455,2.3,3.6444552,5.868694,2.3,3.5686939,5.781536,2.3,3.4815361,6.458837,2.3,4.1588373,5.4571514,2.4,3.0571513,5.99987,2.5,3.4998698,5.783051,2.6,3.183051,6.0103865,2.7,3.3103864,6.3110933,2.8000002,3.5110931,5.8624444,2.9,2.9624443,6.0653787,2.9999998,3.065379,5.199422,3.057143,2.142279,6.518163,3.1142857,3.4038775,6.1292324,3.1714284,2.957804,6.014304,3.2285717,2.7857325,6.6214046,3.2857144,3.3356903,5.8222117,3.3428574,2.4793544,6.1860437,3.4,2.7860436,6.6431317,3.3,3.3431318,5.9858737,3.2,2.7858737,5.6687336,3.1,2.5687337,6.4666343,2.9999998,3.4666345,6.435099,2.9,3.535099,6.144366,2.8000002,3.3443656
205,5.8701215,2.3,3.5701215,5.1729836,2.3,2.8729837,5.487355,2.3,3.1873553,5.500093,2.3,3.200093,5.9495206,2.3,3.6495206,5.872827,2.3,3.572827,5.7877836,2.3,3.4877837,6.4657226,2.4,4.0657225,5.462051,2.5,2.962051,6.0054965,2.6,3.4054966,5.788463,2.7,3.088463,6.015095,2.8000002,3.215095,6.316199,2.9,3.4161987,5.8669086,2.9999998,2.8669088,6.0698476,3.057143,3.0127046,5.20334,3.1142857,2.0890543,6.5241337,3.1714284,3.3527052,6.1339393,3.2285717,2.9053676,6.019919,3.2857144,2.7342045,6.6258936,3.3428574,3.2830362,5.826731,3.4,2.426731,6.190695,3.3,2.8906949,6.648687,3.2,3.4486868,5.99125,3.1,2.8912501,5.673599,2.9999998,2.673599,6.4720592,2.9,3.5720592,6.4412436,2.8000002,3.6412435,6.1492596,2.7,3.4492595
206,5.8725896,2.3,3.5725896,5.175508,2.3,2.875508,5.491253,2.3,3.191253,5.5036287,2.3,3.2036288,5.9525647,2.3,3.6525648,5.875138,2.3,3.5751379,5.7923927,2.4,3.3923926,6.4708843,2.5,3.9708843,5.465106,2.6,2.865106,6.009123,2.7,3.3091228,5.791884,2.8000002,2.9918838,6.0183806,2.9,3.1183805,6.319767,2.9999998,3.3197672,5.8695807,3.057143,2.8124378,6.07254,3.1142857,2.958254,5.2057056,3.1714284,2.0342772,6.52837,3.2285717,3.2997983,6.137464,3.2857144,2.8517497,6.0236697,3.3428574,2.6808124,6.628536,3.4,3.2285361,5.8298764,3.3,2.5298765,6.1941543,3.2,2.9941542,6.6525426,3.1,3.5525427,5.9951982,2.9999998,2.9951985,5.676895,2.9,2.776895,6.476191,2.8000002,3.6761909,6.446484,2.7,3.746484,6.153107,2.9571428,3.1959643
207,5.8738694,2.3,3.5738695,5.1769633,2.3,2.8769634,5.494099,2.3,3.1940992,5.506272,2.3,3.206272,5.954348,2.3,3.6543481,5.8762703,2.4,3.4762702,5.7961125,2.5,3.2961125,6.4751096,2.6,3.8751097,5.46714,2.7,2.7671402,6.011447,2.8000002,3.2114468,5.7939544,2.9,2.8939543,6.0209627,2.9999998,3.020963,6.3224764,3.057143,3.2653334,5.8710814,3.1142857,2.7567956,6.074064,3.1714284,2.9026353,5.2071376,3.2285717,1.9785659,6.531542,3.2857144,3.2458274,6.140504,3.3428574,2.7976465,6.026291,3.4,2.6262908,6.6300287,3.3,3.3300288,5.8322587,3.2,2.6322587,6.196937,3.1,3.0969372,6.655318,2.9999998,3.655318,5.9983115,2.9,3.0983114,5.6793065,2.8000002,2.8793063,6.4797,2.7,3.7797,6.4514604,2.9571428,3.4943175,6.156326,3.2142856,2.9420402
208,5.875366,2.3,3.5753663,5.178459,2.3,2.8784592,5.497025,2.3,3.197025,5.5092044,2.3,3.2092044,5.9563303,2.4,3.5563302,5.8773994,2.5,3.3773994,5.8001223,2.6,3.2001224,6.4797587,2.7,3.7797587,5.469568,2.8000002,2.6695676,6.0138297,2.9,3.1138296,5.7958283,2.9999998,2.7958286,6.0238724,3.057143,2.9667294,6.3254366,3.1142857,3.211151,5.8725686,3.1714284,2.7011402,6.0754657,3.2285717,2.846894,5.2086663,3.2857144,1.9229519,6.5348744,3.3428574,3.192017,6.144079,3.4,2.744079,6.029196,3.3,2.7291958,6.631555,3.2,3.431555,5.8349204,3.1,2.7349205,6.200162,2.9999998,3.2001622,6.658393,2.9,3.7583928,6.0017104,2.8000002,3.2017102,5.682072,2.7,2.982072,6.48373,2.9571428,3.526587,6.4571047,3.2142856,3.242819,6.159776,3.4714284,2.6883478
209,5.8778114,2.3,3.5778115,5.180671,2.3,2.8806713,5.5006976,2.3,3.2006977,5.5129433,2.4,3.1129432,5.9591866,2.5,3.4591866,5.8791947,2.6,3.2791948,5.805062,2.7,3.1050618,6.485327,2.8000002,3.6853266,5.4730625,2.9,2.5730624,6.0169497,2.9999998,3.01695,5.798212,3.057143,2.741069,6.027648,3.1142857,2.9133623,6.329187,3.1714284,3.1577585,5.8746567,3.2285717,2.646085,6.0774584,3.2857144,2.791744,5.2108617,3.3428574,1.8680043,6.5388494,3.4,3.1388493,6.148606,3.3,2.8486059,6.032939,3.2,2.832939,6.633763,3.1,3.533763,5.8382945,2.9999998,2.8382947,6.204021,2.9,3.304021,6.662209,2.8000002,3.8622088,6.0057926,2.7,3.3057926,5.6856904,2.9571428,2.7285476,6.48858,3.2142856,3.2742946,6.4636197,3.4714284,2.9921913,6.1637096,3.7285712,2.4351385
210,5.8822803,2.3,3.5822804,5.184617,2.3,2.884617,5.506131,2.4,3.106131,5.51827,2.5,3.01827,5.9639716,2.6,3.3639717,5.8825727,2.7,3.1825726,5.811761,2.8000002,3.0117607,6.49265,2.9,3.59265,5.478558,2.9999998,2.4785583,6.0217824,3.057143,2.9646394,5.802122,3.1142857,2.6878364,6.032983,3.1714284,2.8615544,6.3343678,3.2285717,3.105796,5.8781724,3.2857144,2.592458,6.0809507,3.3428574,2.7380934,5.214507,3.4,1.814507,6.5442653,3.3,3.2442653,6.154553,3.2,2.954553,6.038323,3.1,2.938323,6.6375074,2.9999998,3.6375077,5.842972,2.9,2.9429717,6.20882,2.8000002,3.4088197,6.6674376,2.7,3.9674375,6.0111465,2.9571428,3.0540037,5.6908784,3.2142856,2.4765928,6.4946694,3.4714284,3.023241,6.4712033,3.7285712,2.7426322,6.1683927,3.9857142,2.1826785
211,5.8886256,2.3,3.5886257,5.190162,2.4,2.790162,5.513115,2.5,3.013115,5.525036,2.6,2.925036,5.9706593,2.7,3.2706592,5.887509,2.8000002,3.0875087,5.8200603,2.9,2.9200602,6.5014777,2.9999998,3.501478,5.48591,3.057143,2.428767,6.0282054,3.1142857,2.9139197,5.807502,3.1714284,2.6360734,6.039662,3.2285717,2.8110902,6.340817,3.2857144,3.0551026,5.883037,3.3428574,2.5401797,6.085929,3.4,2.6859288,5.2194943,3.3,1.9194944,6.55104,3.2,3.3510401,6.161602,3.1,3.061602,6.045305,2.9999998,3.045305,6.642662,2.9,3.742662,5.8487806,2.8000002,3.0487804,6.2144723,2.7,3.5144722,6.674062,2.9571428,3.716919,6.0176725,3.2142856,2.803387,5.697504,3.4714284,2.2260756,6.501764,3.7285712,2.7731926,6.4794965,3.9857142,2.4937823,6.1737423,4.2428575,1.9308848
212,5.8966966,2.4,3.4966965,5.1972656,2.5,2.6972656,5.5216365,2.6,2.9216366,5.5330396,2.7,2.8330395,5.979047,2.8000002,3.1790466,5.893859,2.9,2.9938588,5.829775,2.9999998,2.829775,6.5115604,3.057143,3.4544175,5.494873,3.1142857,2.3805873,6.036053,3.1714284,2.8646247,5.8143063,3.2285717,2.5857346,6.0475082,3.2857144,2.7617939,6.34829,3.3428574,3.0054326,5.889087,3.4,2.489087,6.0923033,3.3,2.7923033,5.2256737,3.2,2.0256736,6.5590415,3.1,3.4590416,6.1694436,2.9999998,3.1694438,6.0536394,2.9,3.1536393,6.649048,2.8000002,3.8490477,5.8555098,2.7,3.1555097,6.220671,2.9571428,3.2635283,6.6817675,3.2142856,3.4674819,6.0251164,3.4714284,2.553688,5.7053185,3.7285712,1.9767473,6.5095434,3.9857142,2.5238292,6.488106,4.2428575,2.2452483,6.179485,4.5000005,1.6794844
213,5.9071646,2.5,3.4071646,5.206502,2.6,2.606502,5.532269,2.7,2.832269,5.542904,2.8000002,2.7429037,5.989635,2.9,3.089635,5.9022703,2.9999998,2.9022706,5.8414493,3.057143,2.7843063,6.5235806,3.1142857,3.4092948,5.5059447,3.1714284,2.3345163,6.045964,3.2285717,2.817392,5.8233986,3.2857144,2.5376842,6.057037,3.3428574,2.7141795,6.3575735,3.4,2.9575734,5.897059,3.3,2.597059,6.1007686,3.2,2.9007685,5.2335973,3.1,2.1335974,6.5690494,2.9999998,3.5690496,6.178713,2.9,3.2787127,6.063948,2.8000002,3.263948,6.657573,2.7,3.9575732,5.8637733,2.9571428,2.9066305,6.227935,3.2142856,3.0136492,6.6910744,3.4714284,3.219646,6.034104,3.7285712,2.3055327,5.7149067,3.9857142,1.7291925,6.518591,4.2428575,2.2757335,6.4975433,4.5000005,1.9975429,6.186266,4.4857144,1.7005515
214,5.9198027,2.6,3.3198028,5.217737,2.7,2.5177372,5.544917,2.8000002,2.744917,5.5544853,2.9,2.6544852,6.002096,2.9999998,3.0020964,5.9125566,3.057143,2.8554137,5.8548865,3.1142857,2.7406008,6.537462,3.1714284,3.3660338,5.5188904,3.2285717,2.2903187,6.0577326,3.2857144,2.7720182,5.834668,3.3428574,2.4918108,6.0681396,3.4,2.6681395,6.36863,3.3,3.06863,5.906844,3.2,2.706844,6.111173,3.1,3.0111732,5.243116,2.9999998,2.2431161,6.5810275,2.9,3.6810274,6.189413,2.8000002,3.3894129,6.076088,2.7,3.376088,6.6681666,2.9571428,3.7110238,5.873504,3.2142856,2.6592185,6.2361903,3.4714284,2.764762,6.7018247,3.7285712,2.9732535,6.0445614,3.9857142,2.0588472,5.726162,4.2428575,1.4833045,6.5289006,4.5000005,2.0289001,6.5077834,4.4857144,2.022069,6.1941237,4.471429,1.7226949
215,5.9348416,2.7,3.2348416,5.2312937,2.8000002,2.4312935,5.5599327,2.9,2.6599326,5.5679545,2.9999998,2.5679548,6.016462,3.057143,2.9593189,5.9248695,3.1142857,2.8105838,5.87026,3.1714284,2.6988313,6.553489,3.2285717,3.3249176,5.5339017,3.2857144,2.2481873,6.0714793,3.3428574,2.728622,5.848353,3.4,2.4483528,6.081088,3.3,2.781088,6.381695,3.2,3.1816947,5.9186487,3.1,2.8186488,6.123756,2.9999998,3.1237562,5.254432,2.9,2.354432,6.5951705,2.8000002,3.7951703,6.2018566,2.7,3.5018566,6.0901575,2.9571428,3.1330147,6.681102,3.2142856,3.4668162,5.8848605,3.4714284,2.4134321,6.2453713,3.7285712,2.5168002,6.7140226,3.9857142,2.7283084,6.056608,4.2428575,1.8137507,5.739264,4.5000005,1.2392635,6.540668,4.4857144,2.0549536,6.519016,4.471429,2.047587,6.2031145,4.457143,1.7459717
216,5.9529138,2.8000002,3.1529136,5.247595,2.9,2.3475947,5.5777526,2.9999998,2.5777528,5.5839453,3.057143,2.5268023,6.0335803,3.1142857,2.9192946,5.9397573,3.1714284,2.768329,5.888047,3.2285717,2.6594756,6.572534,3.2857144,3.2868197,5.5517373,3.3428574,2.20888,6.087892,3.4,2.687892,5.864912,3.3,2.564912,6.096335,3.2,2.896335,6.397317,3.1,3.297317,5.933039,2.9999998,2.9330394,6.1388535,2.9,3.2388535,5.268019,2.8000002,2.468019,6.6123223,2.7,3.9123223,6.2165465,2.9571428,3.2594037,6.10714,3.2142856,2.8928545,6.696851,3.4714284,3.2254224,5.8984303,3.7285712,2.1698592,6.2565227,3.9857142,2.2708085,6.72881,4.2428575,2.4859524,6.071015,4.5000005,1.5710144,5.754976,4.4857144,1.2692614,6.554784,4.471429,2.083355,6.5318527,4.457143,2.07471,6.213918,4.4428573,1.771061
217,5.9730725,2.9,3.0730724,5.265744,2.9999998,2.2657444,5.5974293,3.057143,2.5402863,5.6018167,3.1142857,2.487531,6.052702,3.1714284,2.8812735,5.9565687,3.2285717,2.727997,5.9076166,3.2857144,2.6219022,6.5939064,3.3428574,3.251049,5.5717163,3.4,2.1717162,6.106294,3.3,2.8062942,5.883558,3.2,2.6835577,6.113309,3.1,3.013309,6.415114,2.9999998,3.4151142,5.9494877,2.9,3.0494876,6.155861,2.8000002,3.3558607,5.283269,2.7,2.583269,6.6318707,2.9571428,3.674728,6.233103,3.2142856,3.0188172,6.126538,3.4714284,2.6551094,6.7148013,3.7285712,2.9862301,5.913764,3.9857142,1.9280498,6.2696214,4.2428575,2.026764,6.745884,4.5000005,2.2458835,6.0874925,4.4857144,1.601778,5.77283,4.471429,1.3014011,6.570995,4.457143,2.113852,6.5462184,4.4428573,2.1033611,6.226567,4.4285717,1.7979951
218,5.994916,2.9999998,2.9949162,5.285408,3.057143,2.228265,5.6186876,3.1142857,2.504402,5.6212482,3.1714284,2.4498198,6.073385,3.2285717,2.844813,5.974905,3.2857144,2.6891906,5.928705,3.3428574,2.5858479,6.6172304,3.4,3.2172303,5.593398,3.3,2.2933981,6.126417,3.2,2.926417,5.903969,3.1,2.803969,6.131761,2.9999998,3.1317613,6.434755,2.9,3.5347548,5.967669,2.8000002,3.1676688,6.174399,2.7,3.4743989,5.2998967,2.9571428,2.342754,6.65335,3.2142856,3.4390643,6.251316,3.4714284,2.7798877,6.147825,3.7285712,2.4192536,6.7346115,3.9857142,2.7488973,5.930626,4.2428575,1.6877685,6.2843204,4.5000005,1.7843199,6.764749,4.4857144,2.2790346,6.1056814,4.471429,1.6342525,5.7924256,4.457143,1.3352828,6.5889683,4.4428573,2.146111,6.562062,4.4285717,2.13349,6.2407885,4.4142857,1.8265028
219,6.0173163,3.057143,2.9601734,5.3054786,3.1142857,2.1911929,5.640374,3.1714284,2.4689457,5.6413693,3.2285717,2.4127977,6.094718,3.2857144,2.8090036,5.9938655,3.3428574,2.6510081,5.9504275,3.4,2.5504274,6.6414294,3.3,3.3414295,5.615797,3.2,2.415797,6.147358,3.1,3.047358,5.925129,2.9999998,2.9251292,6.1507707,2.9,3.2507706,6.4553757,2.8000002,3.6553755,5.9867024,2.7,3.2867024,6.1935363,2.9571428,3.2363935,5.3170896,3.2142856,2.102804,6.6757016,3.4714284,3.2042732,6.270376,3.7285712,2.541805,6.1700497,3.9857142,2.1843355,6.7553077,4.2428575,2.5124502,5.9482594,4.5000005,1.4482589,6.3001122,4.4857144,1.8143978,6.7847,4.471429,2.313271,6.1248193,4.457143,1.6676764,5.8129325,4.4428573,1.3700752,6.607963,4.4285717,2.1793914,6.5788236,4.4142857,2.164538,6.2561135,4.3999996,1.8561139
220,6.0383835,3.1142857,2.9240978,5.3242965,3.1714284,2.152868,5.660909,3.2285717,2.4323375,5.660424,3.2857144,2.3747098,6.114963,3.3428574,2.7721057,6.011669,3.4,2.611669,5.9711018,3.3,2.6711018,6.6644225,3.2,3.4644225,5.637097,3.1,2.537097,6.1672993,2.9999998,3.1672995,5.945054,2.9,3.045054,6.168706,2.8000002,3.3687057,6.4748635,2.7,3.7748635,6.00468,2.9571428,3.0475373,6.2115045,3.2142856,2.9972188,5.333305,3.4714284,1.8618765,6.6967583,3.7285712,2.968187,6.2884483,3.9857142,2.3027341,6.191139,4.2428575,1.9482818,6.7747574,4.5000005,2.274757,5.964973,4.4857144,1.4792585,6.3152695,4.471429,1.8438406,6.803814,4.457143,2.346671,6.1430225,4.4428573,1.7001653,5.8324914,4.4285717,1.4039197,6.626133,4.4142857,2.2118473,6.5949287,4.3999996,2.1949291,6.270812,4.285714,1.9850979
221,6.0576687,3.1714284,2.8862402,5.341455,3.2285717,2.1128833,5.679882,3.2857144,2.3941677,5.6779804,3.3428574,2.335123,6.1338234,3.4,2.7338233,6.0279064,3.3,2.7279065,5.99032,3.2,2.7903202,6.6856704,3.1,3.5856705,5.656863,2.9999998,2.6568635,6.185859,2.9,3.285859,5.9632764,2.8000002,3.1632762,6.185115,2.7,3.4851148,6.4926353,2.9571428,3.5354924,6.0211143,3.2142856,2.8068287,6.2278585,3.4714284,2.7564301,5.348155,3.7285712,1.6195838,6.7159677,3.9857142,2.7302535,6.3049393,4.2428575,2.0620818,6.2105536,4.5000005,1.7105532,6.792403,4.4857144,2.3066888,5.9803143,4.471429,1.5088854,6.3293333,4.457143,1.8721905,6.821635,4.4428573,2.3787775,6.159806,4.4285717,1.7312341,5.8506207,4.4142857,1.4363351,6.642918,4.3999996,2.2429185,6.609864,4.285714,2.32415,6.28439,4.1714287,2.1129613
222,6.074575,3.2285717,2.8460033,5.3563857,3.2857144,2.0706713,5.6966653,3.3428574,2.353808,5.69365,3.4,2.2936497,6.151073,3.3,2.851073,6.042212,3.2,2.842212,6.0076165,3.1,2.9076166,6.704783,2.9999998,3.7047832,5.674658,2.9,2.7746577,6.202733,2.8000002,3.4027328,5.979334,2.7,3.2793338,6.199527,2.9571428,3.242384,6.5083528,3.2142856,3.2940671,6.035624,3.4714284,2.5641956,6.2421627,3.7285712,2.5135915,5.3612275,3.9857142,1.3755133,6.7330775,4.2428575,2.49022,6.3194118,4.5000005,1.8194113,6.228046,4.4857144,1.7423315,6.8077583,4.471429,2.3363295,5.9940214,4.457143,1.5368786,6.342375,4.4428573,1.8995175,6.838139,4.4285717,2.4095674,6.1750445,4.4142857,1.7607589,5.8670273,4.3999996,1.4670277,6.6580667,4.285714,2.3723526,6.6233697,4.1714287,2.451941,6.29684,4.0571427,2.2396975
223,6.088085,3.2857144,2.8023708,5.368339,3.3428574,2.0254817,5.71045,3.4,2.31045,5.7066364,3.3,2.4066365,6.1657286,3.2,2.9657285,6.053868,3.1,2.953868,6.0222955,2.9999998,3.0222957,6.720897,2.9,3.820897,5.6895423,2.8000002,2.889542,6.217056,2.7,3.5170557,5.992499,2.9571428,3.035356,6.2113953,3.2142856,2.9971097,6.5215387,3.4714284,3.0501103,6.0475135,3.7285712,2.3189423,6.253848,3.9857142,2.2681339,5.371837,4.2428575,1.1289797,6.747425,4.5000005,2.2474246,6.3313437,4.4857144,1.8456292,6.2427497,4.471429,1.7713208,6.820127,4.457143,2.3629842,6.005527,4.4428573,1.5626698,6.3537774,4.4285717,1.9252057,6.852495,4.4142857,2.4382095,6.188191,4.3999996,1.7881913,5.8809733,4.285714,1.5952592,6.6708846,4.1714287,2.499456,6.635008,4.0571427,2.5778651,6.307835,3.9428573,2.3649778
224,6.0985937,3.3428574,2.7557364,5.377777,3.4,1.977777,5.7217226,3.3,2.4217227,5.71722,3.2,2.5172198,6.1780896,3.1,3.0780897,6.0631466,2.9999998,3.0631468,6.034645,2.9,3.134645,6.734386,2.8000002,3.9343858,5.701826,2.7,3.001826,6.2290463,2.9571428,3.2719035,6.003103,3.2142856,2.7888172,6.2210317,3.4714284,2.7496033,6.5323944,3.7285712,2.8038232,6.0569916,3.9857142,2.0712774,6.2632084,4.2428575,2.020351,5.380235,4.5000005,0.8802347,6.75935,4.4857144,2.2736354,6.340941,4.471429,1.8695121,6.254869,4.457143,1.7977262,6.8297625,4.4428573,2.3869052,6.015002,4.4285717,1.5864301,6.3634496,4.4142857,1.9491639,6.864804,4.3999996,2.4648042,6.1994133,4.285714,1.9136992,5.89265,4.1714287,1.7212214,6.6814585,4.0571427,2.6243157,6.644791,3.9428573,2.7019339,6.31732,3.8285713,2.4887486
225,6.1061673,3.4,2.7061672,5.3847113,3.3,2.0847113,5.7304373,3.2,2.5304372,5.7254896,3.1,2.6254897,6.188227,2.9999998,3.1882274,6.070134,2.9,3.170134,6.0446916,2.8000002,3.2446914,6.745318,2.7,4.0453176,5.711619,2.9571428,2.754476,6.2386103,3.2142856,3.0243247,6.011118,3.4714284,2.5396895,6.228484,3.7285712,2.499913,6.540995,3.9857142,2.555281,6.0640655,4.2428575,1.821208,6.270322,4.5000005,1.7703214,5.3864436,4.4857144,0.9007292,6.769,4.471429,2.2975712,6.348251,4.457143,1.891108,6.264589,4.4428573,1.8217316,6.836726,4.4285717,2.4081545,6.022419,4.4142857,1.6081333,6.3715277,4.3999996,1.971528,6.875256,4.285714,2.589542,6.2088346,4.1714287,2.037406,5.9021378,4.0571427,1.844995,6.68991,3.9428573,2.7470527,6.652734,3.8285713,2.8241625,6.3253703,3.7142856,2.6110847
226,6.1117444,3.3,2.8117445,5.3899946,3.2,2.1899946,5.7375135,3.1,2.6375136,5.7321634,2.9999998,2.7321637,6.1968255,2.9,3.2968254,6.075471,2.8000002,3.2754707,6.053184,2.7,3.353184,6.7544894,2.9571428,3.7973466,5.7196946,3.2142856,2.505409,6.2464085,3.4714284,2.77498,6.017263,3.7285712,2.2886918,6.2344723,3.9857142,2.248758,6.5479126,4.2428575,2.3050551,6.0693426,4.5000005,1.5693421,6.2758183,4.4857144,1.7901039,5.3910766,4.471429,0.9196477,6.777104,4.457143,2.319961,6.3538837,4.4428573,1.9110265,6.272602,4.4285717,1.8440304,6.8417096,4.4142857,2.427424,6.0282717,4.3999996,1.628272,6.3783355,4.285714,2.0926213,6.884304,4.1714287,2.7128754,6.2169476,4.0571427,2.1598048,5.909993,3.9428573,1.9671359,6.696795,3.8285713,2.8682237,6.6593113,3.7142856,2.9450257,6.3322034,3.6,2.7322035
227,6.117487,3.2,2.917487,5.3954005,3.1,2.2954006,5.7447066,2.9999998,2.7447069,5.7391477,2.9,2.8391476,6.2057796,2.8000002,3.4057794,6.0810366,2.7,3.3810365,6.062004,2.9571428,3.1048613,6.764028,3.2142856,3.5497425,5.7279725,3.4714284,2.256544,6.254446,3.7285712,2.5258749,6.0236197,3.9857142,2.0379055,6.2407274,4.2428575,1.99787,6.555157,4.5000005,2.0551567,6.0747705,4.4857144,1.589056,6.2815156,4.471429,1.8100867,5.3958235,4.457143,0.93868065,6.785685,4.4428573,2.3428278,6.359671,4.4285717,1.9310994,6.2809277,4.4142857,1.866642,6.8469043,4.3999996,2.4469047,6.034256,4.285714,1.7485418,6.3854814,4.1714287,2.2140527,6.893752,4.0571427,2.8366094,6.225516,3.9428573,2.2826586,5.9180293,3.8285713,2.089458,6.7039223,3.7142856,2.9896367,6.666216,3.6,3.066216,6.3393655,3.757143,2.5822225
228,6.123667,3.1,3.0236669,5.40118,2.9999998,2.40118,5.752279,2.9,2.8522787,5.746611,2.8000002,2.946611,6.215289,2.7,3.515289,6.0870295,2.9571428,3.1298866,6.071331,3.2142856,2.8570454,6.774133,3.4714284,3.3027048,5.7366686,3.7285712,2.0080974,6.2629423,3.9857142,2.277228,6.030398,4.2428575,1.7875404,6.2473803,4.5000005,1.7473798,6.562808,4.4857144,2.0770936,6.080538,4.471429,1.6091089,6.2875905,4.457143,1.8304477,5.400878,4.4428573,0.9580207,6.7948465,4.4285717,2.3662748,6.365721,4.4142857,1.9514356,6.289743,4.3999996,1.8897433,6.852478,4.285714,2.5667639,6.040506,4.1714287,1.8690772,6.3930387,4.0571427,2.335896,6.9037375,3.9428573,2.9608803,6.234604,3.8285713,2.4060326,5.9263954,3.7142856,2.2121098,6.7114234,3.6,3.1114235,6.673525,3.757143,2.9163818,6.3468647,3.9142857,2.432579
229,6.130293,2.9999998,3.1302931,5.407397,2.9,2.5073967,5.760317,2.8000002,2.9603167,5.7544146,2.7,3.0544145,6.225048,2.9571428,3.2679052,6.093346,3.2142856,2.8790605,6.0811076,3.4714284,2.6096792,6.784587,3.7285712,3.0560157,5.7456098,3.9857142,1.7598956,6.2717032,4.2428575,2.0288458,6.0375443,4.5000005,1.5375438,6.2544146,4.4857144,1.7687001,6.570641,4.471429,2.0992122,6.086536,4.457143,1.6293931,6.29401,4.4428573,1.8511529,5.4062414,4.4285717,0.9776697,6.8043175,4.4142857,2.3900318,6.3719606,4.3999996,1.971961,6.29875,4.285714,2.0130358,6.858321,4.1714287,2.6868925,6.0468926,4.0571427,1.9897499,6.400572,3.9428573,2.4577146,6.913757,3.8285713,3.0851855,6.243842,3.7142856,2.5295565,5.934827,3.6,2.334827,6.71905,3.757143,2.961907,6.6810985,3.9142857,2.7668128,6.354315,4.071429,2.282886
230,6.13684,2.9,3.2368398,5.4135914,2.8000002,2.6135912,5.768345,2.7,3.0683448,5.762007,2.9571428,2.8048644,6.2340994,3.2142856,3.0198138,6.0995083,3.4714284,2.62808,6.090843,3.7285712,2.362272,6.794611,3.9857142,2.8088968,5.7540846,4.2428575,1.5112271,6.280032,4.5000005,1.7800317,6.0446143,4.4857144,1.5588999,6.2614584,4.471429,1.7900295,6.578219,4.457143,2.121076,6.09235,4.4428573,1.6494927,6.3004637,4.4285717,1.871892,5.411551,4.4142857,0.99726534,6.8132133,4.3999996,2.4132137,6.3781514,4.285714,2.0924373,6.3070984,4.1714287,2.1356697,6.8641596,4.0571427,2.8070168,6.0530324,3.9428573,2.1101751,6.4072976,3.8285713,2.5787263,6.922675,3.7142856,3.2083895,6.2525167,3.6,2.6525168,5.9426503,3.757143,2.1855073,6.7261906,3.9142857,2.811905,6.688768,4.071429,2.6173391,6.3612156,4.228572,2.1326437
231,6.1421824,2.8000002,3.3421822,5.418624,2.7,2.7186239,5.775175,2.9571428,2.8180323,5.768435,3.2142856,2.5541494,6.2412763,3.4714284,2.7698479,6.1044993,3.7285712,2.3759282,6.0994763,3.9857142,2.1137621,6.8029356,4.2428575,2.5600781,5.760886,4.5000005,1.2608857,6.286806,4.4857144,1.8010917,6.050543,4.471429,1.579114,6.267501,4.457143,1.810358,6.5844812,4.4428573,2.141624,6.096944,4.4285717,1.6683722,6.305881,4.4142857,1.8915954,5.4159465,4.3999996,1.0159469,6.820437,4.285714,2.5347228,6.383394,4.1714287,2.211965,6.313678,4.0571427,2.256535,6.8688927,3.9428573,2.9260354,6.058101,3.8285713,2.2295299,6.4125257,3.7142856,2.69824,6.9294696,3.6,3.3294697,6.259568,3.757143,2.5024252,5.9487944,3.9142857,2.0345087,6.731974,4.071429,2.6605453,6.695807,4.228572,2.467235,6.366836,4.3857145,1.9811215
232,6.145594,2.7,3.445594,5.421807,2.9571428,2.464664,5.7800813,3.2142856,2.5657957,5.773139,3.4714284,2.3017106,6.2460704,3.7285712,2.5174992,6.107756,3.9857142,2.122042,6.106364,4.2428575,1.8635063,6.8089433,4.5000005,2.3089428,5.765501,4.4857144,1.2797866,6.2914166,4.471429,1.8199878,6.0546966,4.457143,1.5975537,6.2718806,4.4428573,1.8290234,6.5888987,4.4285717,2.160327,6.099806,4.4142857,1.6855202,6.3097043,4.3999996,1.9097047,5.418879,4.285714,1.1331649,6.8254538,4.1714287,2.654025,6.3871236,4.0571427,2.3299809,6.318109,3.9428573,2.3752518,6.871883,3.8285713,3.0433116,6.061625,3.7142856,2.3473394,6.4160995,3.6,2.8160996,6.9339333,3.757143,3.1767902,6.264595,3.9142857,2.3503094,5.9528656,4.071429,1.8814368,6.736046,4.228572,2.507474,6.7016444,4.3857145,2.31593,6.370987,4.542857,1.8281298
233,6.1469927,2.9571428,3.1898499,5.423151,3.2142856,2.2088654,5.783158,3.4714284,2.3117294,5.776043,3.7285712,2.0474718,6.2484736,3.9857142,2.2627594,6.109142,4.2428575,1.8662844,6.11141,4.5000005,1.6114097,6.812683,4.4857144,2.3269687,5.7679305,4.471429,1.2965016,6.2938414,4.457143,1.8366985,6.0569534,4.4428573,1.6140962,6.274503,4.4285717,1.8459315,6.5912995,4.4142857,2.1770139,6.100816,4.3999996,1.7008162,6.311761,4.285714,2.0260468,5.420254,4.1714287,1.2488256,6.8281903,4.0571427,2.7710476,6.3892574,3.9428573,2.4464002,6.320278,3.8285713,2.4917068,6.872952,3.7142856,3.1586664,6.0635123,3.6,2.4635124,6.417863,3.757143,2.6607199,6.936037,3.9142857,3.0217514,6.267534,4.071429,2.196105,5.9548383,4.228572,1.7262664,6.7383313,4.3857145,2.3526168,6.706106,4.542857,2.163249,6.373508,4.7,1.6735082
234,6.1470637,3.2142856,2.9327781,5.423326,3.4714284,1.9518976,5.785038,3.7285712,2.0564668,5.777841,3.9857142,1.7921269,6.2494273,4.2428575,2.0065699,6.109276,4.5000005,1.6092753,6.1153154,4.4857144,1.629601,6.815163,4.471429,2.3437343,5.7690706,4.457143,1.3119278,6.294882,4.4428573,1.8520246,6.0579557,4.4285717,1.629384,6.2760353,4.4142857,1.8617496,6.5925236,4.3999996,2.192524,6.1006355,4.285714,1.8149214,6.3126073,4.1714287,2.1411786,5.420595,4.0571427,1.3634524,6.829676,3.9428573,2.886819,6.3905144,3.8285713,2.561943,6.3211813,3.7142856,2.6068957,6.872733,3.6,3.2727332,6.064446,3.757143,2.307303,6.4187045,3.9142857,2.5044188,6.936938,4.071429,2.865509,6.2693233,4.228572,2.0407515,5.955661,4.3857145,1.5699463,6.739697,4.542857,2.1968398,6.7097125,4.7,2.0097127,6.3751593,4.6285715,1.7465878
235,6.1466317,3.4714284,2.6752033,5.42303,3.7285712,1.6944587,5.7864337,3.9857142,1.8007195,5.779239,4.2428575,1.5363817,6.2496457,4.5000005,1.7496452,6.108758,4.4857144,1.6230435,6.1187873,4.471429,1.6473584,6.817204,4.457143,2.3600612,5.769702,4.4428573,1.3268447,6.2952175,4.4285717,1.8666458,6.058341,4.4142857,1.6440554,6.2772007,4.3999996,1.8772011,6.5932775,4.285714,2.3075633,6.099856,4.1714287,1.9284272,6.312805,4.0571427,2.2556624,5.4204736,3.9428573,1.4776163,6.8306556,3.8285713,3.0020843,6.3916364,3.7142856,2.6773508,6.3215237,3.6,2.7215238,6.8719335,3.757143,3.1147904,6.065008,3.9142857,2.1507225,6.419131,4.071429,2.347702,6.937267,4.228572,2.708695,6.270587,4.3857145,1.8848724,5.95601,4.542857,1.4131527,6.740817,4.7,2.0408173,6.713074,4.6285715,2.0845027,6.3763833,4.557143,1.8192401
236,6.1469517,3.7285712,2.4183805,5.4233947,3.9857142,1.4376805,5.788473,4.2428575,1.5456157,5.7811713,4.5000005,1.2811708,6.2501493,4.4857144,1.7644348,6.108527,4.471429,1.6370983,6.122817,4.457143,1.6656742,6.8197913,4.4428573,2.376934,5.7709203,4.4285717,1.3423486,6.2957473,4.4142857,1.8814616,6.059131,4.3999996,1.6591315,6.27894,4.285714,1.993226,6.5943937,4.1714287,2.422965,6.099332,4.0571427,2.0421891,6.313337,3.9428573,2.3704796,5.4207444,3.8285713,1.5921731,6.8319464,3.7142856,3.1176608,6.3934135,3.6,2.7934136,6.3221235,3.757143,2.5649805,6.8715787,3.9142857,2.957293,6.065861,4.071429,1.9944324,6.4193907,4.228572,2.1908188,6.93762,4.3857145,2.5519056,6.2719812,4.542857,1.7291241,5.956715,4.7,1.2567153,6.742279,4.6285715,2.1137075,6.7166457,4.557143,2.1595025,6.3774695,4.4857144,1.8917551
237,6.1500916,3.9857142,2.1643775,5.4261036,4.2428575,1.1832461,5.792855,4.5000005,1.2928543,5.7854095,4.4857144,1.299695,6.2532907,4.471429,1.7818618,6.1102743,4.457143,1.6531315,6.1290016,4.4428573,1.6861444,6.8250413,4.4285717,2.3964696,5.77482,4.4142857,1.3605342,6.2984495,4.3999996,1.8984499,6.061986,4.285714,1.7762718,6.2826653,4.1714287,2.1112366,6.597331,4.0571427,2.5401883,6.100612,3.9428573,2.157755,6.3155904,3.8285713,2.487019,5.4228845,3.7142856,1.7085989,6.8355894,3.6,3.2355895,6.3971195,3.757143,2.6399765,6.3251333,3.9142857,2.4108477,6.873233,4.071429,2.801804,6.068441,4.228572,1.839869,6.4212294,4.3857145,2.0355148,6.9402895,4.542857,2.3974323,6.2751837,4.7,1.5751839,5.95964,4.6285715,1.3310685,6.745781,4.557143,2.1886377,6.7214956,4.4857144,2.2357812,6.3795986,4.4142857,1.965313
238,6.156837,4.2428575,1.9139795,5.431844,4.5000005,0.93184376,5.8002176,4.4857144,1.3145032,5.7927094,4.471429,1.3212805,6.2599897,4.457143,1.8028469,6.1149216,4.4428573,1.6720643,6.138131,4.4285717,1.7095594,6.8338327,4.4142857,2.419547,5.7823067,4.3999996,1.382307,6.3042793,4.285714,2.0185652,6.067792,4.1714287,1.8963633,6.2891064,4.0571427,2.2319636,6.603138,3.9428573,2.6602807,6.1046686,3.8285713,2.2760973,6.320523,3.7142856,2.6062372,5.427609,3.6,1.8276091,6.8425136,3.757143,3.0853705,6.4035172,3.9142857,2.4892316,6.3316,4.071429,2.2601714,6.8779197,4.228572,2.6493478,6.073529,4.3857145,1.6878142,6.425577,4.542857,1.88272,6.9462886,4.7,2.2462888,6.281195,4.6285715,1.6526237,5.965722,4.557143,1.4085789,6.752146,4.4857144,2.2664313,6.7283783,4.4142857,2.3140926,6.383754,4.3428574,2.0408964
239,6.168048,4.5000005,1.6680474,5.4414744,4.4857144,0.95576,5.811483,4.471429,1.340054,5.803691,4.457143,1.3465481,6.270913,4.4428573,1.8280559,6.1231923,4.4285717,1.6946206,6.150971,4.4142857,1.7366853,6.8468227,4.3999996,2.4468231,5.793996,4.285714,1.5082817,6.314078,4.1714287,2.1426492,6.0774884,4.0571427,2.0203457,6.298925,3.9428573,2.3560677,6.6124825,3.8285713,2.7839112,6.1122565,3.7142856,2.397971,6.3289204,3.6,2.7289205,5.435574,3.757143,1.678431,6.85333,3.9142857,2.9390445,6.4131317,4.071429,2.341703,6.3420258,4.228572,2.1134539,6.8864784,4.3857145,2.500764,6.0817122,4.542857,1.5388551,6.432583,4.7,1.732583,6.955846,4.6285715,2.3272743,6.2904944,4.557143,1.7333512,5.9754925,4.4857144,1.489778,6.761654,4.4142857,2.3473682,6.7376943,4.3428574,2.394837,6.3902307,4.2714286,2.118802
240,6.183649,4.4857144,1.6979346,5.4548955,4.471429,0.9834666,5.826488,4.457143,1.3693452,5.818333,4.4428573,1.3754759,6.2860923,4.4285717,1.8575206,6.135211,4.4142857,1.7209253,6.1675286,4.3999996,1.767529,6.863932,4.285714,2.578218,5.8098555,4.1714287,1.6384268,6.3279223,4.0571427,2.2707796,6.091196,3.9428573,2.1483388,6.312055,3.8285713,2.4834838,6.6255255,3.7142856,2.9112399,6.1235375,3.6,2.5235376,6.3409615,3.757143,2.5838184,5.4468174,3.9142857,1.5325317,6.8680263,4.071429,2.7965975,6.425944,4.228572,2.197372,6.3564677,4.3857145,1.9707532,6.89907,4.542857,2.3562126,6.093082,4.7,1.3930821,6.442382,4.6285715,1.8138103,6.969055,4.557143,2.411912,6.303208,4.4857144,1.8174934,5.98904,4.4142857,1.5747542,6.774272,4.3428574,2.4314146,6.749466,4.2714286,2.4780374,6.3993063,4.2,2.1993065
241,6.201242,4.471429,1.7298131,5.4700766,4.457143,1.0129337,5.843277,4.4428573,1.4004197,5.8344,4.4285717,1.4058285,6.303122,4.4142857,1.8888364,6.148836,4.3999996,1.7488365,6.1856337,4.285714,1.8999195,6.8824806,4.1714287,2.711052,5.8274975,4.0571427,1.7703547,6.3434277,3.9428573,2.4005704,6.106572,3.8285713,2.2780008,6.3264847,3.7142856,2.612199,6.6397853,3.6,3.0397854,6.1362734,3.757143,2.3791304,6.3546133,3.9142857,2.4403276,5.459442,4.071429,1.3880134,6.8839755,4.228572,2.6554036,6.4397097,4.3857145,2.0539951,6.3723474,4.542857,1.8294902,6.9132366,4.7,2.2132368,6.1055307,4.6285715,1.4769592,6.452768,4.557143,1.8956246,6.983308,4.4857144,2.4975934,6.3169827,4.4142857,1.9026971,6.0039725,4.3428574,1.6611152,6.7876706,4.2714286,2.516242,6.7617426,4.2,2.5617428,6.4089336,4.3285713,2.0803623
242,6.2200465,4.457143,1.7629037,5.4863453,4.4428573,1.043488,5.8611765,4.4285717,1.4326048,5.851227,4.4142857,1.4369411,6.321255,4.3999996,1.9212556,6.163437,4.285714,1.8777227,6.2046432,4.1714287,2.0332146,6.9016614,4.0571427,2.8445187,5.846197,3.9428573,1.9033399,6.35985,3.8285713,2.5312786,6.122952,3.7142856,2.4086664,6.341609,3.6,2.741609,6.6546507,3.757143,2.8975077,6.149846,3.9142857,2.2355604,6.369303,4.071429,2.2978745,5.472846,4.228572,1.2442741,6.9005084,4.3857145,2.5147939,6.453809,4.542857,1.9109516,6.3889723,4.7,1.6889725,6.9283056,4.6285715,2.299734,6.1184726,4.557143,1.5613294,6.4632363,4.4857144,1.9775219,6.9979253,4.4142857,2.5836396,6.3312325,4.3428574,1.9883752,6.019632,4.2714286,1.7482033,6.8012304,4.2,2.6012306,6.773988,4.3285713,2.4454165,6.4186816,4.457143,1.9615388
243,6.2397113,4.4428573,1.796854,5.503337,4.4285717,1.0747652,5.879846,4.4142857,1.4655604,5.868696,4.3999996,1.4686966,6.340395,4.285714,2.0546808,6.1788645,4.1714287,2.0074358,6.2243447,4.0571427,2.167202,6.9214764,3.9428573,2.978619,5.865819,3.8285713,2.0372477,6.37714,3.7142856,2.6628544,6.140133,3.6,2.540133,6.3572717,3.757143,2.6001287,6.670204,3.9142857,2.7559185,6.1641946,4.071429,2.0927658,6.384825,4.228572,2.1562533,5.4868584,4.3857145,1.1011438,6.917762,4.542857,2.3749046,6.468279,4.7,1.7682791,6.4064946,4.6285715,1.7779231,6.9441557,4.557143,2.3870125,6.131967,4.4857144,1.6462526,6.474276,4.4142857,2.0599904,7.0132766,4.3428574,2.6704192,6.346161,4.2714286,2.0747323,6.0360956,4.2,1.8360958,6.8152037,4.3285713,2.4866323,6.786423,4.457143,2.3292804,6.4289565,4.5857143,1.8432422
244,6.258825,4.4285717,1.8302531,5.519901,4.4142857,1.1056151,5.898138,4.3999996,1.4981384,5.885748,4.285714,1.6000338,6.3592267,4.1714287,2.187798,6.1940737,4.0571427,2.136931,6.2437754,3.9428573,2.300918,6.9408097,3.8285713,3.1122384,5.8851466,3.7142856,2.170861,6.394191,3.6,2.794191,6.1570187,3.757143,2.3998756,6.37266,3.9142857,2.4583745,6.6857357,4.071429,2.614307,6.1783776,4.228572,1.9498057,6.400251,4.3857145,2.0145364,5.5005507,4.542857,0.9576936,6.934768,4.7,2.2347684,6.4824414,4.6285715,1.8538699,6.42383,4.557143,1.8666868,6.959765,4.4857144,2.4740505,6.1452584,4.4142857,1.7309728,6.4852586,4.3428574,2.1424012,7.028449,4.2714286,2.7570205,6.3610144,4.2,2.1610146,6.052422,4.3285713,1.7238507,6.828866,4.457143,2.3717232,6.7986283,4.5857143,2.212914,6.439395,4.714286,1.7251091
245,6.277194,4.4142857,1.8629084,5.535945,4.3999996,1.1359453,5.916032,4.285714,1.6303177,5.902201,4.1714287,1.7307725,6.3775463,4.0571427,2.3204036,6.2088294,3.9428573,2.2659721,6.2627325,3.8285713,2.4341612,6.9595594,3.7142856,3.2452738,5.9039836,3.6,2.3039837,6.4107943,3.757143,2.6536512,6.1733875,3.9142857,2.2591019,6.387652,4.071429,2.3162231,6.7009254,4.228572,2.4723535,6.19213,4.3857145,1.8064156,6.415309,4.542857,1.8724518,5.5137734,4.7,0.81377363,6.9513364,4.6285715,2.3227649,6.4961114,4.557143,1.9389682,6.440686,4.4857144,1.9549718,6.9748163,4.4142857,2.5605307,6.1581397,4.3428574,1.8152823,6.4958816,4.2714286,2.224453,7.043241,4.2,2.8432412,6.3755302,4.3285713,2.046959,6.068375,4.457143,1.6112323,6.8420486,4.5857143,2.2563343,6.81044,4.714286,2.0961542,6.449675,4.8428574,1.6068177
246,6.2944264,4.3999996,1.8944268,5.5510807,4.285714,1.2653666,5.933068,4.1714287,1.7616391,5.9178023,4.0571427,1.8606596,6.3950653,3.9428573,2.452208,6.222854,3.8285713,2.3942828,6.2808566,3.7142856,2.566571,6.9774637,3.6,3.3774638,5.922018,3.757143,2.164875,6.4266076,3.9142857,2.512322,6.188857,4.071429,2.1174283,6.4019675,4.228572,2.1733956,6.7155066,4.3857145,2.329792,6.205137,4.542857,1.6622796,6.4296904,4.7,1.7296906,5.526277,4.6285715,0.89770555,6.9672585,4.557143,2.4101152,6.5090747,4.4857144,2.0233603,6.4568763,4.4142857,2.0425906,6.988999,4.3428574,2.6461415,6.17038,4.2714286,1.8989515,6.506157,4.2,2.306157,7.057626,4.3285713,2.7290545,6.3895445,4.457143,1.9324017,6.083711,4.5857143,1.4979968,6.854697,4.714286,2.1404114,6.821784,4.8428574,1.9789267,6.4597178,4.9714284,1.4882894
247,6.3103027,4.285714,2.0245886,5.565136,4.1714287,1.3937073,5.9490905,4.0571427,1.8919477,5.932293,3.9428573,1.9894357,6.4114647,3.8285713,2.5828934,6.2358274,3.7142856,2.5215418,6.297868,3.6,2.6978679,6.994195,3.757143,3.237052,5.9389195,3.9142857,2.024634,6.441296,4.071429,2.3698673,6.203132,4.228572,1.9745603,6.4153767,4.3857145,2.0296621,6.7290463,4.542857,2.1861892,6.217044,4.7,1.5170441,6.4430575,4.6285715,1.814486,5.537813,4.557143,0.98067,6.982239,4.4857144,2.4965243,6.5210056,4.4142857,2.10672,6.472027,4.3428574,2.1291695,7.0019293,4.2714286,2.7305007,6.1816597,4.2,1.9816599,6.5157194,4.3285713,2.187148,7.071181,4.457143,2.614038,6.4026613,4.5857143,1.816947,6.098018,4.714286,1.3837323,6.8664846,4.8428574,2.0236273,6.832366,4.9714284,1.8609376,6.469068,5.1,1.3690681
248,6.32616,4.1714287,2.1547313,5.579142,4.0571427,1.5219994,5.9650564,3.9428573,2.0221992,5.946867,3.8285713,2.1182957,6.42793,3.7142856,2.7136443,6.248931,3.6,2.648931,6.31493,3.757143,2.557787,7.0110316,3.9142857,3.096746,5.9558315,4.071429,1.8844028,6.4561033,4.228572,2.2275314,6.217553,4.3857145,1.8318386,6.428898,4.542857,1.8860407,6.742831,4.7,2.0428314,6.2290916,4.6285715,1.6005201,6.4565544,4.557143,1.8994112,5.549409,4.4857144,1.0636945,6.997531,4.4142857,2.5832453,6.533029,4.3428574,2.1901717,6.4874253,4.2714286,2.2159967,7.0150084,4.2,2.8150086,6.1930842,4.3285713,1.8645129,6.5256433,4.457143,2.0685005,7.085039,4.5857143,2.4993248,6.416011,4.714286,1.701725,6.1124444,4.8428574,1.269587,6.8785114,4.9714284,1.907083,6.8432055,5.1,1.7432055,6.4787736,4.8857145,1.5930591
249,6.3415575,4.0571427,2.2844148,5.592702,3.9428573,1.6498446,5.980552,3.8285713,2.1519809,5.96111,3.7142856,2.2468245,6.444074,3.6,2.8440742,6.2617726,3.757143,2.5046296,6.331618,3.9142857,2.4173322,7.027474,4.071429,2.9560452,5.972282,4.228572,1.74371,6.470636,4.3857145,2.0849214,6.2317133,4.542857,1.6888561,6.4420586,4.7,1.7420588,6.7563457,4.6285715,2.1277742,6.2408667,4.557143,1.6837234,6.4697814,4.4857144,1.984067,5.5607057,4.4142857,1.14642,7.0126314,4.3428574,2.669774,6.544649,4.2714286,2.2732205,6.502598,4.2,2.302598,7.027756,4.3285713,2.699185,6.204277,4.457143,1.7471342,6.5355477,4.5857143,1.9498334,7.0987577,4.714286,2.384472,6.4291544,4.8428574,1.586297,6.126548,4.9714284,1.1551194,6.890319,5.1,1.790319,6.85385,4.8857145,1.9681354,6.4884396,4.6714287,1.8170109
250,6.3563504,3.9428573,2.4134932,5.6056404,3.8285713,1.7770691,5.9953823,3.7142856,2.2810967,5.974959,3.6,2.374959,6.4599304,3.757143,2.7027874,6.274272,3.9142857,2.3599863,6.347784,4.071429,2.2763553,7.0435367,4.228572,2.8149648,5.988178,4.3857145,1.6024632,6.4849534,4.542857,1.9420962,6.245507,4.7,1.545507,6.454666,4.6285715,1.8260946,6.769485,4.557143,2.2123418,6.252321,4.4857144,1.7666063,6.482562,4.4142857,2.0682764,5.5716224,4.3428574,1.228765,7.027515,4.2714286,2.7560863,6.5557714,4.2,2.3557715,6.5175567,4.3285713,2.1889853,7.0400586,4.457143,2.5829158,6.2152567,4.5857143,1.6295424,6.545645,4.714286,1.8313594,7.1125107,4.8428574,2.2696533,6.44215,4.9714284,1.4707217,6.140341,5.1,1.0403409,6.901971,4.8857145,2.0162563,6.864302,4.6714287,2.1928735,6.498187,4.457143,2.0410442
251,6.370104,3.8285713,2.5415325,5.6176615,3.7142856,1.9033759,6.0092297,3.6,2.4092298,5.988135,3.757143,2.2309918,6.475168,3.9142857,2.5608826,6.286117,4.071429,2.2146883,6.3632145,4.228572,2.1346426,7.05902,4.3857145,2.6733055,6.0031714,4.542857,1.4603143,6.4988384,4.7,1.7988386,6.2586412,4.6285715,1.6300697,6.4664893,4.557143,1.9093461,6.782084,4.4857144,2.2963696,6.263219,4.4142857,1.8489332,6.4945946,4.3428574,2.1517372,5.5819025,4.2714286,1.3104739,7.04197,4.2,2.84197,6.5662565,4.3285713,2.2376852,6.5319996,4.457143,2.0748568,7.0515966,4.5857143,2.4658823,6.225875,4.714286,1.511589,6.55582,4.8428574,1.7129626,7.1260953,4.9714284,2.154667,6.4548693,5.1,1.3548694,6.1536,4.8857145,1.2678857,6.913308,4.6714287,2.2418795,6.874508,4.457143,2.417365,6.508001,4.2428575,2.2651434
252,6.3829503,3.7142856,2.6686647,5.6290007,3.6,2.0290008,6.022341,3.757143,2.2651978,6.0007153,3.9142857,2.0864296,6.489858,4.071429,2.4184294,6.29734,4.228572,2.068768,6.378013,4.3857145,1.9922986,7.074104,4.542857,2.5312467,6.017377,4.7,1.3173771,6.512339,4.6285715,1.8837676,6.271178,4.557143,1.7140346,6.4776483,4.4857144,1.9919338,6.794132,4.4142857,2.3798466,6.2735863,4.3428574,1.9307289,6.505922,4.2714286,2.2344933,5.591621,4.2,1.3916211,7.0560274,4.3285713,2.727456,6.5762053,4.457143,2.1190624,6.545889,4.5857143,1.9601746,7.062395,4.714286,2.3481092,6.236155,4.8428574,1.3932977,6.565906,4.9714284,1.5944777,7.1394424,5.1,2.0394425,6.4673214,4.8857145,1.5816069,6.166357,4.6714287,1.4949284,6.92431,4.457143,2.4671674,6.884476,4.2428575,2.6416187,6.5177326,4.0285716,2.489161
253,6.394724,3.6,2.794724,5.639547,3.757143,1.8824039,6.0345764,3.9142857,2.1202908,6.0125813,4.071429,1.9411526,6.503773,4.228572,2.2752013,6.3077397,4.3857145,1.9220252,6.3920746,4.542857,1.8492174,7.0886474,4.7,2.3886476,6.030653,4.6285715,1.4020815,6.525195,4.557143,1.9680519,6.282883,4.4857144,1.7971687,6.488088,4.4142857,2.0738025,6.805493,4.3428574,2.4626355,6.2832065,4.2714286,2.0117779,6.516358,4.2,2.316358,5.6006327,4.3285713,1.2720613,7.0695295,4.457143,2.6123867,6.5856066,4.5857143,1.9998922,6.55902,4.714286,1.8447342,7.072272,4.8428574,2.2294145,6.2459407,4.9714284,1.2745123,6.5757427,5.1,1.4757428,7.1523423,4.8857145,2.2666278,6.4793625,4.6714287,1.8079338,6.1784277,4.457143,1.7212849,6.9348655,4.2428575,2.692008,6.894168,4.0285716,2.8655963,6.527219,3.8142858,2.712933
254,6.4052043,3.757143,2.6480613,5.64915,3.9142857,1.7348642,6.0458264,4.071429,1.9743977,6.0235386,4.228572,1.7949667,6.516548,4.3857145,2.1308336,6.3169737,4.542857,1.7741165,6.4052234,4.7,1.7052236,7.102395,4.6285715,2.4738235,6.0427713,4.557143,1.4856281,6.5369897,4.4857144,2.0512753,6.2934175,4.4142857,1.8791318,6.497734,4.3428574,2.1548767,6.815894,4.2714286,2.5444655,6.291716,4.2,2.0917163,6.5255833,4.3285713,2.197012,5.6086926,4.457143,1.1515498,7.082246,4.5857143,2.4965315,6.5943747,4.714286,1.8800888,6.571073,4.8428574,1.7282157,7.080897,4.9714284,2.1094685,6.2549524,5.1,1.1549525,6.5850425,4.8857145,1.699328,7.1644373,4.6714287,2.4930086,6.4906745,4.457143,2.0335317,6.189522,4.2428575,1.9466643,6.944788,4.0285716,2.9162164,6.9034505,3.8142858,3.0891647,6.536111,3.6,2.936111
255,6.415227,3.9142857,2.5009413,5.6584435,4.071429,1.5870147,6.0567546,4.228572,1.8281827,6.0343766,4.3857145,1.6486621,6.52886,4.542857,1.9860029,6.3256845,4.7,1.6256847,6.4182644,4.6285715,1.7896929,7.116211,4.557143,2.5590677,6.054538,4.4857144,1.5688233,6.5483956,4.4142857,2.13411,6.303507,4.3428574,1.9606495,6.507339,4.2714286,2.2359104,6.8261867,4.2,2.6261868,6.299791,4.3285713,1.9712195,6.5342355,4.457143,2.0770926,5.6164002,4.5857143,1.0306859,7.094954,4.714286,2.3806682,6.6033955,4.8428574,1.7605381,6.582835,4.9714284,1.6114068,7.0891156,5.1,1.9891157,6.263879,4.8857145,1.3781643,6.594491,4.6714287,1.9230623,7.1764455,4.457143,2.7193027,6.501972,4.2428575,2.2591147,6.200415,4.0285716,2.1718435,6.9548883,3.8142858,3.1406026,6.913112,3.6,3.3131123,6.545051,3.7857141,2.759337
256,6.425393,4.071429,2.3539643,5.667954,4.228572,1.4393821,6.0679374,4.3857145,1.6822228,6.0455847,4.542857,1.5027275,6.541273,4.7,1.8412733,6.334318,4.6285715,1.7057467,6.431652,4.557143,1.8745089,7.1306963,4.4857144,2.6449819,6.0665946,4.4142857,1.652309,6.559906,4.3428574,2.2170486,6.313557,4.2714286,2.0421286,6.517393,4.2,2.3173933,6.836795,4.3285713,2.5082235,6.3078313,4.457143,1.8506885,6.54272,4.5857143,1.9570055,5.624199,4.714286,0.90991306,7.1081233,4.8428574,2.265266,6.6131287,4.9714284,1.6417003,6.5948195,5.1,1.4948196,7.097377,4.8857145,2.2116623,6.27311,4.6714287,1.6016812,6.604426,4.457143,2.147283,7.1889143,4.2428575,2.9460568,6.513652,4.0285716,2.4850802,6.2116385,3.8142858,2.3973527,6.965658,3.6,3.3656583,6.9234953,3.7857141,3.1377811,6.554269,3.9714284,2.5828404
257,6.4364033,4.228572,2.2078314,5.6782827,4.3857145,1.2925682,6.0800385,4.542857,1.5371814,6.0575523,4.7,1.3575525,6.5542397,4.6285715,1.9256682,6.3433275,4.557143,1.7861843,6.4458294,4.4857144,1.960115,7.1461635,4.4142857,2.7318778,6.07947,4.3428574,1.7366128,6.571862,4.2714286,2.3004336,6.323989,4.2,2.123989,6.528296,4.3285713,2.1997247,6.8479133,4.457143,2.3907704,6.316169,4.5857143,1.7304544,6.5514994,4.714286,1.8372135,5.632511,4.8428574,0.7896538,7.1219654,4.9714284,2.150537,6.623784,5.1,1.5237842,6.6072907,4.8857145,1.7215762,7.106078,4.6714287,2.4346495,6.2828193,4.457143,1.8256764,6.6146655,4.2428575,2.371808,7.2019134,4.0285716,3.1733418,6.525791,3.8142858,2.7115054,6.223453,3.6,2.6234531,6.977151,3.7857141,3.1914368,6.9345937,3.9714284,2.9631653,6.5635834,4.157143,2.4064403
258,6.448359,4.3857145,2.0626445,5.6894164,4.542857,1.1465592,6.092993,4.7,1.392993,6.070122,4.6285715,1.4415503,6.56752,4.557143,2.010377,6.352756,4.4857144,1.8670416,6.460652,4.4142857,2.0463662,7.1620693,4.3428574,2.819212,6.093034,4.2714286,1.8216052,6.5839806,4.2,2.3839808,6.3347774,4.3285713,2.006206,6.5399103,4.457143,2.0827675,6.8593116,4.5857143,2.2735972,6.3247466,4.714286,1.6104608,6.56075,4.8428574,1.7178926,5.6413317,4.9714284,0.6699033,7.1359563,5.1,2.0359564,6.635059,4.8857145,1.7493443,6.61989,4.6714287,1.9484615,7.1153364,4.457143,2.6581936,6.2926955,4.2428575,2.049838,6.6245193,4.0285716,2.5959477,7.214698,3.8142858,3.400412,6.5379624,3.6,2.9379625,6.2354712,3.7857141,2.449757,6.988781,3.9714284,3.0173526,6.9459805,4.157143,2.7888374,6.572485,4.3428574,2.2296276
259,6.460988,4.542857,1.9181309,5.700923,4.7,1.0009232,6.106261,4.6285715,1.4776893,6.0830216,4.557143,1.5258784,6.580783,4.4857144,2.0950685,6.3624105,4.4142857,1.9481249,6.4758244,4.3428574,2.132967,7.177792,4.2714286,2.9063635,6.106822,4.2,1.9068222,6.595914,4.3285713,2.2673426,6.345694,4.457143,1.8885512,6.551886,4.5857143,1.9661717,6.8707104,4.714286,2.1564245,6.333291,4.8428574,1.4904337,6.570261,4.9714284,1.5988326,5.6504164,5.1,0.55041647,7.149742,4.8857145,2.2640276,6.6465516,4.6714287,1.9751229,6.6322865,4.457143,2.1751437,7.12493,4.2428575,2.8820724,6.3024445,4.0285716,2.2738729,6.633781,3.8142858,2.8194952,7.226831,3.6,3.626831,6.549775,3.7857141,2.764061,6.247249,3.9714284,2.2758207,7.0001364,4.157143,2.8429933,6.9573526,4.3428574,2.6144953,6.580782,4.5285716,2.0522103
260,6.473909,4.7,1.7739091,5.7123857,4.6285715,1.0838141,6.1193647,4.557143,1.5622215,6.095996,4.4857144,1.6102815,6.593834,4.4142857,2.1795483,6.3721004,4.3428574,2.029243,6.4910564,4.2714286,2.2196279,7.1929946,4.2,2.9929948,6.1205306,4.3285713,1.7919593,6.6074276,4.457143,2.1502848,6.3565216,4.5857143,1.7708073,6.563869,4.714286,1.8495831,6.8819537,4.8428574,2.0390964,6.3416505,4.9714284,1.3702221,6.5798593,5.1,1.4798594,5.659505,4.8857145,0.77379036,7.1631274,4.6714287,2.4916987,6.657939,4.457143,2.2007961,6.6443624,4.2428575,2.401505,7.1346507,4.0285716,3.106079,6.311869,3.8142858,2.4975834,6.642489,3.6,3.042489,7.2382755,3.7857141,3.4525614,6.5611334,3.9714284,2.589705,6.258633,4.157143,2.10149,7.0110474,4.3428574,2.66819,6.9684653,4.5285716,2.4398937,6.5885515,4.714286,1.8742657
261,6.486632,4.6285715,1.8580604,5.7234583,4.557143,1.1663151,6.132036,4.4857144,1.6463218,6.1085563,4.4142857,1.6942706,6.606247,4.3428574,2.2633896,6.381396,4.2714286,2.1099672,6.5058227,4.2,2.3058228,7.207204,4.3285713,2.8786325,6.133665,4.457143,1.6765223,6.6181035,4.5857143,2.0323892,6.366859,4.714286,1.6525731,6.575369,4.8428574,1.7325115,6.8924537,4.9714284,1.9210253,6.3494067,5.1,1.2494068,6.589138,4.8857145,1.7034235,5.668215,4.6714287,0.9967861,7.175563,4.457143,2.71842,6.668629,4.2428575,2.4257717,6.6555066,4.0285716,2.626935,7.144008,3.8142858,3.3297224,6.3205056,3.6,2.7205057,6.650015,3.7857141,2.8643007,7.2484646,3.9714284,3.2770362,6.571563,4.157143,2.4144197,6.269108,4.3428574,1.9262505,7.0209284,4.5285716,2.4923568,6.97875,4.714286,2.2644644,6.5952797,4.9,1.6952796
262,6.499675,4.557143,1.9425316,5.734728,4.4857144,1.2490134,6.144841,4.4142857,1.7305555,6.1211605,4.3428574,1.7783031,6.6187587,4.2714286,2.34733,6.390812,4.2,2.190812,6.520705,4.3285713,2.192134,7.2211194,4.457143,2.7639766,6.1468596,4.5857143,1.5611453,6.628635,4.714286,1.9143491,6.377293,4.8428574,1.5344357,6.5868573,4.9714284,1.6154289,6.9027824,5.1,1.8027825,6.3571234,4.8857145,1.4714088,6.598618,4.6714287,1.9271894,5.676957,4.457143,1.2198143,7.187806,4.2428575,2.9449487,6.67901,4.0285716,2.6504383,6.666436,3.8142858,2.8521504,7.1534457,3.6,3.5534458,6.328836,3.7857141,2.5431218,6.656904,3.9714284,2.6854758,7.258137,4.157143,3.100994,6.5817266,4.3428574,2.2388692,6.279317,4.5285716,1.7507453,7.0302835,4.714286,2.3159976,6.98848,4.9,2.08848,6.601477,5.1142855,1.4871917
263,6.512993,4.4857144,2.0272784,5.7462106,4.4142857,1.3319249,6.1577945,4.3428574,1.8149371,6.1337533,4.2714286,1.8623247,6.6312447,4.2,2.4312449,6.40031,4.3285713,2.0717387,6.53568,4.457143,2.078537,7.2346807,4.5857143,2.6489663,6.160032,4.714286,1.445746,6.6389694,4.8428574,1.7961121,6.387859,4.9714284,1.4164305,6.5983214,5.1,1.4983215,6.912914,4.8857145,2.0271993,6.364814,4.6714287,1.6933851,6.6083155,4.457143,2.1511726,5.6857,4.2428575,1.4428425,7.1998105,4.0285716,3.171239,6.6890693,3.8142858,2.8747835,6.6771193,3.6,3.0771194,7.16295,3.7857141,3.377236,6.336842,3.9714284,2.3654137,6.6630707,4.157143,2.5059276,7.2671666,4.3428574,2.9243093,6.5915594,4.5285716,2.0629878,6.289198,4.714286,1.5749121,7.039037,4.9,2.1390371,6.997618,5.1142855,1.8833327,6.6070986,5.328572,1.2785268
264,6.527124,4.4142857,2.1128383,5.7584777,4.3428574,1.4156203,6.1714296,4.2714286,1.900001,6.146736,4.2,1.9467363,6.6440434,4.3285713,2.3154721,6.4103384,4.457143,1.9531956,6.5512447,4.5857143,1.9655304,7.248384,4.714286,2.5340981,6.1737003,4.8428574,1.330843,6.6495113,4.9714284,1.678083,6.3991294,5.1,1.2991295,6.6102505,4.8857145,1.724536,6.9233913,4.6714287,2.2519627,6.373026,4.457143,1.9158831,6.618788,4.2428575,2.3759303,5.6948795,4.0285716,1.6663079,7.212,3.8142858,3.3977141,6.699315,3.6,3.0993152,6.6880393,3.7857141,2.9023252,7.1730876,3.9714284,3.2016592,6.344938,4.157143,2.1877947,6.6687117,4.3428574,2.3258543,7.275832,4.5285716,2.7472606,6.601449,4.714286,1.8871632,6.2992363,4.9,1.3992362,7.0475807,5.1142855,1.9332952,7.0064754,5.328572,1.6779037,6.612462,5.5428567,1.0696054
265,6.5442824,4.3428574,2.201425,5.7734394,4.2714286,1.5020108,6.1877565,4.2,1.9877567,6.1621566,4.3285713,1.8335853,6.659723,4.457143,2.20258,6.4228024,4.5857143,1.8370881,6.5692577,4.714286,1.8549719,7.2648625,4.8428574,2.4220052,6.1902337,4.9714284,1.2188053,6.662679,5.1,1.5626793,6.413131,4.8857145,1.5274167,6.6242957,4.6714287,1.952867,6.936047,4.457143,2.4789042,6.3836555,4.2428575,2.140798,6.631634,4.0285716,2.6030626,5.7062283,3.8142858,1.8919425,7.226816,3.6,3.6268163,6.7114577,3.7857141,2.9257436,6.7017217,3.9714284,2.7302933,7.185696,4.157143,3.028553,6.355002,4.3428574,2.0121446,6.6760325,4.5285716,2.147461,7.2869506,4.714286,2.5726647,6.6134653,4.9,1.7134652,6.3117347,5.1142855,1.1974492,7.058102,5.328572,1.7295303,7.0165906,5.5428567,1.4737339,6.6192293,5.7571425,0.8620868
266,6.5649056,4.2714286,2.293477,5.791452,4.2,1.5914521,6.2070994,4.3285713,1.8785281,6.1805944,4.457143,1.7234516,6.678865,4.5857143,2.0931506,6.43833,4.714286,1.7240443,6.59034,4.8428574,1.7474828,7.284948,4.9714284,2.3135195,6.2103367,5.1,1.1103368,6.6792297,4.8857145,1.7935152,6.430465,4.6714287,1.7590365,6.641054,4.457143,2.1839113,6.9519024,4.2428575,2.709045,6.3974833,4.0285716,2.3689117,6.6475143,3.8142858,2.8332286,5.7202754,3.6,2.1202755,7.245129,3.7857141,3.459415,6.726385,3.9714284,2.7549567,6.719155,4.157143,2.5620117,7.201572,4.3428574,2.8587146,6.3678503,4.5285716,1.8392787,6.686193,4.714286,1.9719071,7.3016233,4.9,2.4016232,6.6285896,5.1142855,1.5143042,6.3276396,5.328572,0.9990678,7.071633,5.5428567,1.5287762,7.0289283,5.7571425,1.2717857,6.628564,5.9714284,0.6571355
267,6.5891113,4.2,2.3891115,5.8126483,4.3285713,1.484077,6.2297072,4.457143,1.7725644,6.2021317,4.5857143,1.6164174,6.7014103,4.714286,1.9871244,6.4569616,4.8428574,1.6141043,6.6146307,4.9714284,1.6432023,7.308754,5.1,2.208754,6.2340465,4.8857145,1.3483319,6.6993184,4.6714287,2.0278897,6.451313,4.457143,1.9941702,6.660684,4.2428575,2.4178267,6.971094,4.0285716,2.9425225,6.4146314,3.8142858,2.6003456,6.6664805,3.6,3.0664806,5.737127,3.7857141,1.9514127,7.267001,3.9714284,3.2955728,6.7443185,4.157143,2.5871754,6.74036,4.3428574,2.3975024,7.220849,4.5285716,2.6922774,6.383676,4.714286,1.6693902,6.699223,4.9,1.799223,7.3197865,5.1142855,2.205501,6.646814,5.328572,1.3182421,6.3470454,5.5428567,0.8041887,7.0882874,5.7571425,1.3311448,7.043706,5.9714284,1.0722775,6.64054,6.1857142,0.45482588
268,6.616608,4.3285713,2.2880368,5.836654,4.457143,1.3795114,6.255072,4.5857143,1.6693578,6.226687,4.714286,1.5124011,6.7272544,4.8428574,1.884397,6.478628,4.9714284,1.5071998,6.642078,5.1,1.542078,7.3361664,4.8857145,2.4504519,6.2611485,4.6714287,1.5897198,6.722918,4.457143,2.2657752,6.475583,4.2428575,2.2327256,6.6830893,4.0285716,2.6545177,6.993801,3.8142858,3.1795154,6.4351015,3.6,2.8351016,6.6884723,3.7857141,2.9027581,5.7566743,3.9714284,1.7852459,7.2923956,4.157143,3.1352525,6.7653503,4.3428574,2.422493,6.7653394,4.5285716,2.2367678,7.24353,4.714286,2.529244,6.4025955,4.9,1.5025954,6.7154984,5.1142855,1.601213,7.3416142,5.328572,2.0130424,6.668292,5.5428567,1.1254354,6.370013,5.7571425,0.6128707,7.1081977,5.9714284,1.1367693,7.061192,6.1857142,0.8754778,6.6555805,6.3999996,0.2555809
269,6.6443443,4.457143,2.1872015,5.860842,4.5857143,1.2751279,6.280636,4.714286,1.56635,6.2514896,4.8428574,1.4086323,6.753339,4.9714284,1.7819104,6.5005565,5.1,1.4005566,6.6697454,4.8857145,1.7840309,7.3639593,4.6714287,2.6925306,6.2885923,4.457143,1.8314495,6.7469277,4.2428575,2.5040703,6.50019,4.0285716,2.4716182,6.705694,3.8142858,2.8914084,7.0168886,3.6,3.4168887,6.455979,3.7857141,2.6702647,6.7107186,3.9714284,2.7392902,5.7765207,4.157143,1.6193776,7.3181086,4.3428574,2.9752512,6.786801,4.5285716,2.2582293,6.7907867,4.714286,2.076501,7.2665505,4.9,2.3665504,6.421977,5.1142855,1.3076916,6.7323303,5.328572,1.4037585,7.363998,5.5428567,1.8211412,6.690102,5.7571425,0.93295956,6.3935065,5.9714284,0.42207813,7.128626,6.1857142,0.9429116,7.0790586,6.3999996,0.679059,6.671126,5.985714,0.68541193
270,6.672279,4.5857143,2.0865645,5.885103,4.714286,1.1708174,6.3062696,4.8428574,1.4634123,6.2765093,4.9714284,1.3050809,6.779727,5.1,1.6797271,6.522666,4.8857145,1.6369514,6.697638,4.6714287,2.0262094,7.392081,4.457143,2.934938,6.3163137,4.2428575,2.0734563,6.7713366,4.0285716,2.742765,6.525064,3.8142858,2.7107782,6.7284465,3.6,3.1284466,7.0402937,3.7857141,3.2545795,6.4771624,3.9714284,2.505734,6.733115,4.157143,2.575972,5.7965665,4.3428574,1.4537091,7.3441005,4.5285716,2.8155289,6.808561,4.714286,2.094275,6.8166294,4.9,1.9166293,7.2898083,5.1142855,2.1755228,6.441777,5.328572,1.1132054,6.7497034,5.5428567,1.2068467,7.386906,5.7571425,1.6297636,6.712239,5.9714284,0.7408104,6.417452,6.1857142,0.23173761,7.149488,6.3999996,0.74948835,7.0972543,5.985714,1.1115403,6.6871266,5.571429,1.1156979
271,6.700626,4.714286,1.98634,5.9095163,4.8428574,1.066659,6.331989,4.9714284,1.3605604,6.302088,5.1,1.2020879,6.8070507,4.8857145,1.9213362,6.54526,4.6714287,1.8738313,6.7260756,4.457143,2.2689328,7.420966,4.2428575,3.1781087,6.3446565,4.0285716,2.3160849,6.7966924,3.8142858,2.9824066,6.5504775,3.6,2.9504776,6.7515464,3.7857141,2.9658322,7.064416,3.9714284,3.0929875,6.4989185,4.157143,2.3417754,6.755876,4.3428574,2.4130187,5.816987,4.5285716,1.2884154,7.370911,4.714286,2.6566253,6.8308544,4.9,1.9308543,6.843367,5.1142855,1.7290816,7.313577,5.328572,1.9850054,6.4623365,5.5428567,0.91947985,6.7683296,5.7571425,1.0111871,7.4110665,5.9714284,1.4396381,6.735299,6.1857142,0.54958487,6.442298,6.3999996,0.042298317,7.171204,5.985714,1.1854901,7.116125,5.571429,1.5446963,6.704155,5.1571426,1.5470123
272,6.729616,4.8428574,1.8867588,5.9344087,4.9714284,0.9629803,6.358071,5.1,1.258071,6.3285193,4.8857145,1.4428048,6.835818,4.6714287,2.1643891,6.568607,4.457143,2.111464,6.755625,4.2428575,2.5127673,7.4510484,4.0285716,3.4224768,6.3739824,3.8142858,2.5596967,6.8234468,3.6,3.2234468,6.576742,3.7857141,2.791028,6.77539,3.9714284,2.8039618,7.089708,4.157143,2.9325647,6.5214686,4.3428574,2.1786113,6.7793155,4.5285716,2.2507439,5.8379407,4.714286,1.1236548,7.3991036,4.9,2.4991035,6.8539534,5.1142855,1.7396679,6.871405,5.328572,1.5428333,7.3380165,5.5428567,1.7951598,6.4839306,5.7571425,0.72678804,6.788611,5.9714284,0.81718254,7.4369726,6.1857142,1.2512584,6.7597785,6.3999996,0.35977888,6.4684434,5.985714,0.48272943,7.194069,5.571429,1.6226401,7.1358833,5.1571426,1.9787407,6.722613,4.742857,1.9797559
273,6.7597446,4.9714284,1.7883162,5.9604607,5.1,0.86046076,6.385269,4.8857145,1.4995546,6.3560057,4.6714287,1.684577,6.8664627,4.457143,2.4093199,6.592959,4.2428575,2.3501015,6.786602,4.0285716,2.7580304,7.482637,3.8142858,3.6683512,6.4047723,3.6,2.8047724,6.8518558,3.7857141,3.0661416,6.6041565,3.9714284,2.632728,6.8002515,4.157143,2.6431084,7.1161075,4.3428574,2.77325,6.544993,4.5285716,2.0164213,6.803766,4.714286,2.08948,5.8596587,4.9,0.9596586,7.4287357,5.1142855,2.3144503,6.877806,5.328572,1.5492344,6.900788,5.5428567,1.3579311,7.363252,5.7571425,1.6061096,6.5064797,5.9714284,0.53505135,6.810054,6.1857142,0.6243396,7.464526,6.3999996,1.0645266,6.7857056,5.985714,0.7999916,6.496001,5.571429,0.924572,7.217861,5.1571426,2.0607185,7.156171,4.742857,2.4133139,6.742061,4.3285713,2.4134898
274,6.790636,5.1,1.6906362,5.9874496,4.8857145,1.1017351,6.41331,4.6714287,1.7418814,6.3839693,4.457143,1.9268265,6.8983426,4.2428575,2.6554852,6.6177745,4.0285716,2.589203,6.818487,3.8142858,3.0042014,7.5148396,3.6,3.9148397,6.4364247,3.7857141,2.6507106,6.8811145,3.9714284,2.909686,6.6321197,4.157143,2.4749765,6.825673,4.3428574,2.4828157,7.142703,4.5285716,2.6141315,6.5687857,4.714286,1.8544998,6.828758,4.9,1.9287577,5.881711,5.1142855,0.76742554,7.458947,5.328572,2.1303754,6.901659,5.5428567,1.3588023,6.9305663,5.7571425,1.1734238,7.3886127,5.9714284,1.4171844,6.5291653,6.1857142,0.34345102,6.8314576,6.3999996,0.431458,7.4925056,5.985714,1.5067916,6.81214,5.571429,1.2407112,6.524017,5.1571426,1.3668742,7.2415533,4.742857,2.4986963,7.176136,4.3285713,2.8475647,6.7613425,3.9142857,2.8470569
275,6.8223047,4.8857145,1.9365902,6.0154047,4.6714287,1.343976,6.4422045,4.457143,1.9850616,6.4122415,4.2428575,2.169384,6.931159,4.0285716,2.9025874,6.6428776,3.8142858,2.8285918,6.851204,3.6,3.251204,7.547213,3.7857141,3.761499,6.468802,3.9714284,2.4973736,6.910833,4.157143,2.7536898,6.6604667,4.3428574,2.3176093,6.8515797,4.5285716,2.323008,7.1691594,4.714286,2.4548736,6.592606,4.9,1.692606,6.854183,5.1142855,1.7398977,5.9039536,5.328572,0.57538176,7.489405,5.5428567,1.9465485,6.92526,5.7571425,1.1681175,6.960515,5.9714284,0.9890866,7.413843,6.1857142,1.2281289,6.55163,6.3999996,0.1516304,6.8523464,5.985714,0.86663246,7.520362,5.571429,1.9489331,6.8386035,5.1571426,1.6814609,6.5521173,4.742857,1.8092604,7.264769,4.3285713,2.9361978,7.1953897,3.9142857,3.281104,6.779913,3.5,3.279913
276,6.8551655,4.6714287,2.1837368,6.0444965,4.457143,1.5873537,6.4720807,4.2428575,2.2292233,6.441236,4.0285716,2.4126644,6.9650736,3.8142858,3.1507878,6.668678,3.6,3.068678,6.885144,3.7857141,3.09943,7.5800495,3.9714284,3.6086211,6.5021563,4.157143,2.3450131,6.941326,4.3428574,2.5984688,6.689694,4.5285716,2.1611223,6.8783326,4.714286,2.1640468,7.196003,4.9,2.2960029,6.616971,5.1142855,1.5026855,6.8804674,5.328572,1.5518956,5.9267707,5.5428567,0.383914,7.520349,5.7571425,1.7632065,6.9491267,5.9714284,0.9776983,6.991042,6.1857142,0.8053279,7.4395585,6.3999996,1.0395589,6.574324,5.985714,0.5886102,6.873187,5.571429,1.3017583,7.548309,5.1571426,2.3911662,6.8653812,4.742857,2.1225243,6.5806785,4.3285713,2.2521071,7.287958,3.9142857,3.3736725,7.2145896,3.5,3.7145896,6.798281,3.9857142,2.812567
277,6.8887067,4.457143,2.4315639,6.0743413,4.2428575,1.8314838,6.502604,4.0285716,2.4740324,6.470552,3.8142858,2.6562662,6.999548,3.6,3.399548,6.694854,3.7857141,2.9091396,6.9198136,3.9714284,2.9483852,7.612947,4.157143,3.4558039,6.5360227,4.3428574,2.1931653,6.9721622,4.5285716,2.4435906,6.7193995,4.714286,2.0051136,6.9055905,4.9,2.0055904,7.2229137,5.1142855,2.1086283,6.6415772,5.328572,1.3130054,6.907289,5.5428567,1.3644323,5.949901,5.7571425,0.19275856,7.5514264,5.9714284,1.579998,6.9730124,6.1857142,0.7872982,7.021764,6.3999996,0.6217642,7.465434,5.985714,1.4797201,6.5969796,5.571429,1.0255508,6.8937726,5.1571426,1.73663,7.5760493,4.742857,2.8331923,6.8921466,4.3285713,2.5635753,6.6093507,3.9142857,2.695065,7.3109117,3.5,3.8109117,7.2336073,3.9857142,3.247893,6.81629,4.471429,2.344861
278,6.9219265,4.2428575,2.679069,6.1042366,4.0285716,2.075665,6.5332627,3.8142858,2.718977,6.4991975,3.6,2.8991976,7.0331726,3.7857141,3.2474585,6.720373,3.9714284,2.7489448,6.9540367,4.157143,2.7968936,7.6448317,4.3428574,3.3019743,6.5692782,4.5285716,2.0407066,7.001995,4.714286,2.2877092,6.748482,4.9,1.8484821,6.93252,5.1142855,1.8182344,7.248682,5.328572,1.9201102,6.6653934,5.5428567,1.1225367,6.9335933,5.7571425,1.1764507,5.972586,5.9714284,0.0011577606,7.5814376,6.1857142,1.3957233,6.996086,6.3999996,0.5960865,7.0513406,5.985714,1.0656266,7.490414,5.571429,1.9189854,6.618619,5.1571426,1.4614763,6.9127874,4.742857,2.1699305,7.602226,4.3285713,3.2736545,6.917606,3.9142857,3.0033202,6.6369433,3.5,3.1369433,7.332636,3.9857142,3.3469217,7.2516336,4.471429,2.7802048,6.832726,4.957143,1.8755832
279,6.951956,4.0285716,2.9233842,6.131552,3.8142858,2.3172665,6.561562,3.6,2.9615622,6.524731,3.7857141,2.739017,7.0624633,3.9714284,3.091035,6.7430325,4.157143,2.5858893,6.9846506,4.3428574,2.6417933,7.672861,4.5285716,3.1442895,6.599052,4.714286,1.8847661,7.027773,4.9,2.1277728,6.7743006,5.1142855,1.6600151,6.9568343,5.328572,1.6282625,7.2712245,5.5428567,1.7283678,6.686338,5.7571425,0.9291954,6.957258,5.9714284,0.98582983,5.99295,6.1857142,-0.19276428,7.6076016,6.3999996,1.207602,7.0166326,5.985714,1.0309186,7.0770664,5.571429,1.5056376,7.512674,5.1571426,2.3555312,6.6373286,4.742857,1.8944716,6.9282303,4.3285713,2.599659,7.6241617,3.9142857,3.709876,6.9394445,3.5,3.4394445,6.6609516,3.9857142,2.6752374,7.351275,4.471429,2.879846,7.2674108,4.957143,2.310268,6.8461175,5.4428573,1.4032602
280,6.9776325,3.8142858,3.1633468,6.154889,3.6,2.5548892,6.586034,3.7857141,2.8003197,6.546372,3.9714284,2.5749435,7.0863094,4.157143,2.9291663,6.761948,4.3428574,2.4190907,7.010674,4.5285716,2.4821024,7.695916,4.714286,2.9816303,6.62401,4.9,1.72401,7.0485435,5.1142855,1.934258,6.795877,5.328572,1.4673052,6.9776783,5.5428567,1.4348216,7.2898455,5.7571425,1.5327029,6.7034245,5.9714284,0.73199606,6.977185,6.1857142,0.7914705,6.01018,6.3999996,-0.38981962,7.629244,5.985714,1.6435299,7.0340643,5.571429,1.4626355,7.098132,5.1571426,1.9409895,7.5313215,4.742857,2.7884645,6.652602,4.3285713,2.3240309,6.9401274,3.9142857,3.0258417,7.641322,3.5,4.141322,6.9568825,3.9857142,2.9711683,6.6804576,4.471429,2.2090287,7.366461,4.957143,2.409318,7.2807736,5.4428573,1.8379164,6.8562956,5.928571,0.92772436
281,6.999468,3.6,3.399468,6.1745496,3.7857141,2.3888354,6.606763,3.9714284,2.6353345,6.5649567,4.157143,2.4078135,7.10589,4.3428574,2.7630324,6.777988,4.5285716,2.2494164,7.0330963,4.714286,2.3188105,7.715214,4.9,2.8152137,6.6450987,5.1142855,1.5308132,7.065542,5.328572,1.7369704,6.8140874,5.5428567,1.2712307,6.995695,5.7571425,1.2385526,7.3058715,5.9714284,1.3344431,6.717717,6.1857142,0.5320029,6.994254,6.3999996,0.5942545,6.0248823,5.985714,0.039168358,7.647539,5.571429,2.0761104,7.0493217,5.1571426,1.892179,7.116024,4.742857,2.373167,7.547271,4.3285713,3.2186995,6.6655717,3.9142857,2.751286,6.9502306,3.5,3.4502306,7.655462,3.9857142,3.6697476,6.971413,4.471429,2.4999843,6.696868,4.957143,1.7397251,7.379527,5.4428573,1.9366698,7.2928085,5.928571,1.3642373,6.8649855,6.4142857,0.4506998
282,7.017613,3.7857141,3.2318988,6.1907864,3.9714284,2.219358,6.624281,4.157143,2.4671378,6.5805225,4.3428574,2.2376652,7.1214776,4.5285716,2.592906,6.791134,4.714286,2.076848,7.051744,4.9,2.151744,7.731145,5.1142855,2.6168594,6.6624875,5.328572,1.3339157,7.0789995,5.5428567,1.5361428,6.82896,5.7571425,1.0718174,7.010739,5.9714284,1.0393105,7.3189907,6.1857142,1.1332765,6.72919,6.3999996,0.32919025,7.008353,5.985714,1.0226393,6.037112,5.571429,0.46568346,7.662426,5.1571426,2.5052834,7.062199,4.742857,2.3193421,7.130513,4.3285713,2.8019419,7.5604935,3.9142857,3.6462078,6.67616,3.5,3.1761599,6.9580884,3.9857142,2.9723742,7.666589,4.471429,3.19516,6.983026,4.957143,2.0258832,6.7101707,5.4428573,1.2673135,7.3903027,5.928571,1.4617314,7.303213,6.4142857,0.88892746,6.871816,6.9,-0.028183937
283,7.035171,3.9714284,3.0637426,6.206509,4.157143,2.049366,6.6413193,4.3428574,2.298462,6.5956697,4.5285716,2.0670981,7.1364822,4.714286,2.4221964,6.803931,4.9,1.9039311,7.0697894,5.1142855,1.955504,7.746751,5.328572,2.418179,6.67937,5.5428567,1.1365132,7.0920935,5.7571425,1.3349509,6.843421,5.9714284,0.8719926,7.0253186,6.1857142,0.8396044,7.3318696,6.3999996,0.93187,6.7404227,5.985714,0.75470877,7.0220923,5.571429,1.4506636,6.049057,5.1571426,0.89191437,7.676984,4.742857,2.9341269,7.0748386,4.3285713,2.7462673,7.144682,3.9142857,3.2303963,7.5734487,3.5,4.0734487,6.6865873,3.9857142,2.7008731,6.965836,4.471429,2.4944072,7.6775184,4.957143,2.7203755,6.994439,5.4428573,1.5515819,6.723164,5.928571,0.79459286,7.400923,6.4142857,0.9866371,7.313543,6.9,0.41354275,6.878669,7.014286,-0.13561726
284,7.0523553,4.157143,2.8952122,6.2218633,4.3428574,1.8790059,6.6580033,4.5285716,2.1294317,6.610494,4.714286,1.8962083,7.1510386,4.9,2.2510386,6.816428,5.1142855,1.7021427,7.0873637,5.328572,1.7587919,7.762057,5.5428567,2.2192001,6.695881,5.7571425,0.93873835,7.10485,5.9714284,1.1334214,6.857565,6.1857142,0.6718507,7.0395055,6.3999996,0.63950586,7.3445015,5.985714,1.3587875,6.7514424,5.571429,1.1800137,7.0355234,5.1571426,1.8783808,6.0607495,4.742857,1.3178926,7.691217,4.3285713,3.3626456,7.0872326,3.9142857,3.172947,7.158562,3.5,3.6585622,7.5861874,3.9857142,3.6004732,6.6968246,4.471429,2.2253957,6.97335,4.957143,2.0162072,7.6881804,5.4428573,2.2453232,7.0056176,5.928571,1.0770464,6.7358675,6.4142857,0.32158184,7.411316,6.9,0.5113158,7.3236556,7.014286,0.30936956,6.8853955,7.1285715,-0.24317598
285,7.0696316,4.3428574,2.7267742,6.2371664,4.5285716,1.7085948,6.674516,4.714286,1.9602304,6.6254616,4.9,1.7254615,7.165752,5.1142855,2.0514665,6.8290744,5.328572,1.5005026,7.1050496,5.5428567,1.5621929,7.7775197,5.7571425,2.0203772,6.712523,5.9714284,0.7410946,7.1178203,6.1857142,0.932106,6.8719015,6.3999996,0.4719019,7.053739,5.985714,1.0680251,7.35746,5.571429,1.7860312,6.7627106,5.1571426,1.6055679,7.049135,4.742857,2.3062782,6.0725226,4.3285713,1.7439513,7.705662,3.9142857,3.791376,7.099803,3.5,3.599803,7.17275,3.9857142,3.1870358,7.599196,4.471429,3.127767,6.7073045,4.957143,1.7501616,6.9812126,5.4428573,1.5383554,7.6991353,5.928571,1.7705641,7.017127,6.4142857,0.6028414,6.7488246,6.9,-0.1511755,7.421957,7.014286,0.40767097,7.333922,7.1285715,0.2053504,6.89255,7.242857,-0.350307
286,7.0887403,4.5285716,2.5601687,6.253971,4.714286,1.5396852,6.692361,4.9,1.7923608,6.642025,5.1142855,1.5277395,7.182741,5.328572,1.8541694,6.843145,5.5428567,1.3002882,7.1246448,5.7571425,1.3675022,7.794797,5.9714284,1.8233685,6.731012,6.1857142,0.5452976,7.1327987,6.3999996,0.73279905,6.887965,5.985714,0.90225124,7.0693393,5.571429,1.4979105,7.371856,5.1571426,2.2147136,6.77539,4.742857,2.0325332,7.0640893,4.3285713,2.735518,6.0854816,3.9142857,2.171196,7.721912,3.5,4.221912,7.1135287,3.9857142,3.1278145,7.1887965,4.471429,2.7173676,7.6135135,4.957143,2.6563706,6.7191195,5.4428573,1.2762623,6.9906096,5.928571,1.0620384,7.7120337,6.4142857,1.2977481,7.030247,6.9,0.13024712,6.763525,7.014286,-0.25076103,7.4339504,7.1285715,0.3053789,7.3450336,7.242857,0.102176666,6.900885,7.3571424,-0.45625734
287,7.1101904,4.714286,2.3959045,6.2728863,4.9,1.3728862,6.712121,5.1142855,1.5978355,6.660616,5.328572,1.3320441,7.2025666,5.5428567,1.6597099,6.8591366,5.7571425,1.101994,7.1466465,5.9714284,1.1752181,7.814515,6.1857142,1.6288009,6.7519984,6.3999996,0.3519988,7.150321,5.985714,1.164607,6.90626,5.571429,1.3348312,7.0867815,5.1571426,1.9296389,7.3882384,4.742857,2.6453815,6.7900386,4.3285713,2.4614673,7.0809727,3.9142857,3.166687,6.10007,3.5,2.60007,7.7404885,3.9857142,3.7547743,7.1288705,4.471429,2.6574416,7.2072477,4.957143,2.250105,7.629673,5.4428573,2.1868157,6.732677,5.928571,0.80410576,7.001855,6.4142857,0.58756924,7.727356,6.9,0.82735586,7.0455494,7.014286,0.03126335,6.780549,7.1285715,-0.34802246,7.447697,7.242857,0.20484018,7.3573136,7.3571424,0.00017118454,6.9107876,7.4714293,-0.56064177
288,7.133717,4.9,2.233717,6.2937675,5.1142855,1.179482,6.733787,5.328572,1.4052153,6.680808,5.5428567,1.1379514,7.224623,5.7571425,1.4674807,6.8766,5.9714284,0.9051714,7.1705594,6.1857142,0.98484516,7.8360567,6.3999996,1.4360571,6.7750006,5.985714,0.7892866,7.1697655,5.571429,1.5983367,6.92635,5.1571426,1.7692075,7.105749,4.742857,2.3628922,7.4059496,4.3285713,3.0773783,6.8061104,3.9142857,2.8918247,7.0993314,3.5,3.5993314,6.115965,3.9857142,2.1302507,7.760815,4.471429,3.2893863,7.145359,4.957143,2.1882162,7.2273574,5.4428573,1.7845001,7.6472015,5.928571,1.7186303,6.74741,6.4142857,0.33312416,7.0140696,6.9,0.11406946,7.744232,7.014286,0.72994614,7.062275,7.1285715,-0.06629658,6.7991905,7.242857,-0.44366646,7.4625297,7.3571424,0.10538721,7.370191,7.4714293,-0.10123825,6.9214044,7.5857153,-0.66431093
289,7.159169,5.1142855,2.0448837,6.3164268,5.328572,0.98785496,6.7569914,5.5428567,1.2141347,6.702534,5.7571425,0.94539165,7.2487464,5.9714284,1.277318,6.8955474,6.1857142,0.70983315,7.196475,6.3999996,0.7964754,7.85919,5.985714,1.873476,6.799886,5.571429,1.2284575,7.191034,5.1571426,2.0338912,6.9482026,4.742857,2.2053456,7.1263146,4.3285713,2.7977433,7.425191,3.9142857,3.5109053,6.823624,3.5,3.3236241,7.119229,3.9857142,3.1335146,6.1331224,4.471429,1.6616936,7.7829323,4.957143,2.8257895,7.1631026,5.4428573,1.7202454,7.2492285,5.928571,1.3206573,7.666106,6.4142857,1.2518206,6.7633724,6.9,-0.13662767,7.02754,7.014286,0.013254166,7.7626734,7.1285715,0.63410187,7.0804663,7.242857,-0.16239071,6.8194685,7.3571424,-0.53767395,7.478565,7.4714293,0.007135868,7.3838654,7.5857153,-0.20184994,6.932999,7.7000017,-0.7670026
290,7.1841044,5.328572,1.8555326,6.3387113,5.5428567,0.79585457,6.779761,5.7571425,1.0226183,6.72367,5.9714284,0.7522416,7.272278,6.1857142,1.0865636,6.9138737,6.3999996,0.51387405,7.2218194,5.985714,1.2361054,7.8815174,5.571429,2.3100886,6.8241997,5.1571426,1.667057,7.21155,4.742857,2.4686933,6.9694314,4.3285713,2.64086,7.146413,3.9142857,3.2321272,7.4436765,3.5,3.9436765,6.8404217,3.9857142,2.8547075,7.138553,4.471429,2.6671243,6.1497464,4.957143,1.1926036,7.804375,5.4428573,2.361518,7.180247,5.928571,1.2516756,7.270299,6.4142857,0.8560133,7.6843047,6.9,0.7843046,6.778632,7.014286,-0.23565388,7.0402575,7.1285715,-0.08831406,7.7803793,7.242857,0.5375223,7.097887,7.3571424,-0.2592554,6.8390603,7.4714293,-0.63236904,7.4939113,7.5857153,-0.09180403,7.3967047,7.7000017,-0.30329704,6.9437966,8.1285715,-1.1847749
291,7.2085433,5.5428567,1.6656866,6.360608,5.7571425,0.60346556,6.802114,5.9714284,0.8306856,6.7442317,6.1857142,0.55851746,7.295266,6.3999996,0.89526653,6.931619,5.985714,0.9459052,7.246612,5.571429,1.6751833,7.9030724,5.1571426,2.7459297,6.847991,4.742857,2.105134,7.231383,4.3285713,2.9028115,6.9900565,3.9142857,3.0757709,7.166064,3.5,3.6660638,7.461439,3.9857142,3.475725,6.856531,4.471429,2.3851023,7.1573234,4.957143,2.2001805,6.1658716,5.4428573,0.72301435,7.8251667,5.928571,1.8965955,7.196793,6.4142857,0.7825074,7.2906036,6.9,0.39060354,7.7018194,7.014286,0.6875334,6.7932134,7.1285715,-0.33535814,7.052282,7.242857,-0.19057512,7.7974305,7.3571424,0.44028807,7.114578,7.4714293,-0.35685158,6.8580256,7.5857153,-0.72768974,7.5086284,7.7000017,-0.19137335,7.4087505,8.1285715,-0.719821,6.9538436,8.557142,-1.6032987
292,7.232227,5.7571425,1.4750843,6.3818164,5.9714284,0.410388,6.823807,6.1857142,0.6380925,6.7639627,6.3999996,0.36396313,7.317548,5.985714,1.3318338,6.9485993,5.571429,1.3771706,7.2705216,5.1571426,2.113379,7.9235597,4.742857,3.1807027,6.8710065,4.3285713,2.5424352,7.250372,3.9142857,3.3360863,7.009816,3.5,3.5098162,7.1849637,3.9857142,3.1992495,7.478187,4.471429,3.0067582,6.871712,4.957143,1.9145694,7.175314,5.4428573,1.7324567,6.1813164,5.928571,0.25274515,7.845035,6.4142857,1.4307494,7.2124305,6.9,0.31243038,7.309879,7.014286,0.29559278,7.7184296,7.1285715,0.58985806,6.8069096,7.242857,-0.43594742,7.063458,7.3571424,-0.29368448,7.813677,7.4714293,0.3422475,7.130311,7.5857153,-0.45540428,6.8761077,7.7000017,-0.823894,7.5224776,8.1285715,-0.6060939,7.419758,8.557142,-1.1373844,6.9629583,8.985716,-2.0227575
293,7.2544966,5.9714284,1.2830682,6.4018035,6.1857142,0.21608925,6.8442106,6.3999996,0.444211,6.782421,5.985714,0.79670715,7.3383627,5.571429,1.7669339,6.9644685,5.1571426,1.8073258,7.2932053,4.742857,2.5503483,7.942487,4.3285713,3.6139154,6.892652,3.9142857,2.9783664,7.2679896,3.5,3.7679896,7.028284,3.9857142,3.0425699,7.202851,4.471429,2.731422,7.4939275,4.957143,2.5367846,6.8857007,5.4428573,1.4428434,7.192332,5.928571,1.2637606,6.1957035,6.4142857,-0.21858215,7.8637314,6.9,0.9637313,7.227052,7.014286,0.21276617,7.327776,7.1285715,0.19920444,7.7339087,7.242857,0.49105167,6.8194904,7.3571424,-0.537652,7.0736766,7.4714293,-0.39775276,7.8286843,7.5857153,0.24296904,7.1449366,7.7000017,-0.55506516,6.8929205,8.1285715,-1.235651,7.535287,8.557142,-1.0218554,7.429753,8.985716,-1.555963,6.9713078,9.414287,-2.4429789
294,7.2749953,6.1857142,1.0892811,6.420338,6.3999996,0.020338535,6.86322,5.985714,0.87750626,6.7991605,5.571429,1.2277317,7.3571997,5.1571426,2.200057,6.978787,4.742857,2.23593,7.3140626,4.3285713,2.9854913,7.9593844,3.9142857,4.045099,6.912484,3.5,3.4124842,7.2836723,3.9857142,3.2979581,7.0450163,4.471429,2.5735874,7.2192683,4.957143,2.2621255,7.507973,5.4428573,2.065116,6.8980474,5.928571,0.9694762,7.2079077,6.4142857,0.793622,6.2086926,6.9,-0.69130754,7.880608,7.014286,0.86632204,7.2401075,7.1285715,0.111536026,7.3436055,7.242857,0.10074854,7.747802,7.3571424,0.39065933,6.8303943,7.4714293,-0.6410351,7.082118,7.5857153,-0.50359726,7.8417735,7.7000017,0.1417718,7.1578264,8.1285715,-0.9707451,6.9078736,8.557142,-1.6492686,7.546425,8.985716,-1.439291,7.4381113,9.414287,-1.9761753,6.978159,9.842858,-2.8646994
295,7.2931643,6.3999996,0.89316463,6.4369483,5.985714,0.45123434,6.880308,5.571429,1.3088794,6.813683,5.1571426,1.6565404,7.373385,4.742857,2.630528,6.991058,4.3285713,2.6624866,7.332383,3.9142857,3.4180975,7.9736185,3.5,4.4736185,6.9298625,3.9857142,2.9441483,7.296715,4.471429,2.825286,7.059414,4.957143,2.102271,7.2336564,5.4428573,1.7907991,7.519736,5.928571,1.5911646,6.908227,6.4142857,0.4939413,7.2215242,6.9,0.32152414,6.2198663,7.014286,-0.79441977,7.895055,7.1285715,0.7664833,7.251088,7.242857,0.008231163,7.3566804,7.3571424,-0.0004620552,7.7596498,7.4714293,0.2882204,6.839072,7.5857153,-0.74664307,7.0881553,7.7000017,-0.61184645,7.852245,8.1285715,-0.27632666,7.1684127,8.557142,-1.3887296,6.9202533,8.985716,-2.0654626,7.5553255,9.414287,-1.8589611,7.4443684,9.842858,-2.39849,6.9829803,10.271428,-3.2884479
296,7.3090587,5.985714,1.3233447,6.451699,5.571429,0.88027,6.8956814,5.1571426,1.7385387,6.825932,4.742857,2.083075,7.3868146,4.3285713,3.0582433,7.00114,3.9142857,3.0868545,7.347997,3.5,3.8479972,7.98513,3.9857142,3.9994156,6.944773,4.471429,2.4733443,7.306913,4.957143,2.34977,7.0713696,5.4428573,1.6285124,7.245901,5.928571,1.3173299,7.528919,6.4142857,1.1146336,6.916103,6.9,0.01610279,7.232994,7.014286,0.21870804,6.2291646,7.1285715,-0.8994069,7.9069037,7.242857,0.66404676,7.2598333,7.3571424,-0.09730911,7.366851,7.4714293,-0.104578495,7.769302,7.5857153,0.1835866,6.8453307,7.7000017,-0.854671,7.091445,8.1285715,-1.0371265,7.8598814,8.557142,-0.69726086,7.1764293,8.985716,-1.8092866,6.929896,9.414287,-2.4843907,7.5617948,9.842858,-2.2810636,7.4482493,10.271428,-2.8231788,6.985365,10.7,-3.714635
297,7.3241434,5.571429,1.7527146,6.4657516,5.1571426,1.308609,6.910373,4.742857,2.1675162,6.837318,4.3285713,2.5087466,7.399111,3.9142857,3.4848251,7.0104733,3.5,3.5104733,7.362535,3.9857142,3.3768208,7.995522,4.471429,3.5240932,6.9587116,4.957143,2.0015688,7.315984,5.4428573,1.8731265,7.0824738,5.928571,1.1539025,7.257401,6.4142857,0.8431153,7.537251,6.9,0.6372509,6.9232354,7.014286,-0.091050625,7.243745,7.1285715,0.11517334,6.2377977,7.242857,-1.0050592,7.9177847,7.3571424,0.56064224,7.2677894,7.4714293,-0.20363998,7.375961,7.5857153,-0.20975447,7.7782836,7.7000017,0.07828188,6.850692,8.1285715,-1.2778797,7.093731,8.557142,-1.4634113,7.8664017,8.985716,-1.1193142,7.183476,9.414287,-2.2308106,6.938518,9.842858,-2.9043403,7.5673804,10.271428,-2.7040477,7.4512973,10.7,-3.2487025,6.9869175,10.714288,-3.7273703
298,7.338473,5.1571426,2.1813302,6.4791675,4.742857,1.7363105,6.924447,4.3285713,2.5958757,6.8479548,3.9142857,2.933669,7.410374,3.5,3.9103742,7.0191827,3.9857142,3.0334685,7.376104,4.471429,2.904675,8.004951,4.957143,3.0478077,6.9717755,5.4428573,1.5289183,7.3240666,5.928571,1.3954954,7.0927944,6.4142857,0.67850876,7.2682314,6.9,0.3682313,7.544874,7.014286,0.53058815,6.9297485,7.1285715,-0.19882298,7.25388,7.242857,0.011023045,6.2458816,7.3571424,-1.1112609,7.927838,7.4714293,0.4564085,7.2751417,7.5857153,-0.31057358,7.3842216,7.7000017,-0.31578016,7.7866945,8.1285715,-0.34187698,6.8553524,8.557142,-1.7017899,7.095261,8.985716,-1.8904548,7.872002,9.414287,-1.5422845,7.1897044,9.842858,-2.653154,6.946301,10.271428,-3.3251271,7.5722733,10.7,-3.1277266,7.4537544,10.714288,-3.2605333,6.987828,10.728572,-3.740744
299,7.353354,4.742857,2.610497,6.4931755,4.3285713,2.1646042,6.939063,3.9142857,3.0247774,6.859114,3.5,3.3591142,7.421904,3.9857142,3.43619,7.0284815,4.471429,2.5570526,7.390149,4.957143,2.4330063,8.014988,5.4428573,2.5721307,6.985393,5.928571,1.0568218,7.332554,6.4142857,0.9182682,7.1036963,6.9,0.20369625,7.2796636,7.014286,0.26537752,7.553335,7.1285715,0.42476368,6.9370146,7.242857,-0.3058424,7.264677,7.3571424,-0.0924654,6.2545094,7.4714293,-1.2169199,7.938511,7.5857153,0.3527956,7.2832355,7.7000017,-0.41676617,7.393196,8.1285715,-0.7353754,7.795901,8.557142,-0.76124144,6.860578,8.985716,-2.1251378,7.097261,9.414287,-2.3170257,7.878046,9.842858,-1.9648123,7.1965446,10.271428,-3.0748835,6.9547334,10.7,-3.7452664,7.5777745,10.714288,-3.1365132,7.4569116,10.728572,-3.2716603,6.9894214,10.742857,-3.7534356
300,7.370292,4.3285713,3.0417209,6.5089946,3.9142857,2.594709,6.955638,3.5,3.455638,6.8719172,3.9857142,2.886203,7.4355173,4.471429,2.9640884,7.0393724,4.957143,2.0822296,7.4057093,5.4428573,1.962852,8.026948,5.928571,2.0983768,7.0010233,6.4142857,0.58673763,7.3428755,6.9,0.4428754,7.116366,7.014286,0.10207987,7.2924237,7.1285715,0.16385221,7.5630264,7.242857,0.32016945,6.9459467,7.3571424,-0.41119576,7.27689,7.4714293,-0.19453955,6.264654,7.5857153,-1.3210611,7.950582,7.7000017,0.2505803,7.292508,8.1285715,-0.8360634,7.4039707,8.557142,-1.1531715,7.8066587,8.985716,-1.1790571,6.8671584,9.414287,-2.5471282,7.100325,9.842858,-2.7425332,7.885726,10.271428,-2.3857021,7.2047095,10.7,-3.4952903,6.96493,10.714288,-3.7493577,7.5844927,10.728572,-3.1440792,7.4610834,10.742857,-3.2817736,6.991802,10.757143,-3.7653408
301,7.3899255,3.9142857,3.4756398,6.527065,3.5,3.0270648,6.974428,3.9857142,2.988714,6.887133,4.471429,2.4157043,7.452056,4.957143,2.494913,7.052608,5.4428573,1.6097507,7.4237695,5.928571,1.4951982,8.041688,6.4142857,1.6274023,7.019459,6.9,0.119458675,7.3560176,7.014286,0.34173155,7.1316013,7.1285715,0.0030298233,7.3072634,7.242857,0.064406395,7.575112,7.3571424,0.21796942,6.957366,7.4714293,-0.51406336,7.2913294,7.5857153,-0.2943859,6.2769246,7.7000017,-1.4230771,7.96518,8.1285715,-0.16339159,7.30389,8.557142,-1.253252,7.4177256,8.985716,-1.5679903,7.8198028,9.414287,-1.5944839,6.8760552,9.842858,-2.966803,7.1057715,10.271428,-3.1656566,7.8961806,10.7,-2.8038192,7.2152905,10.714288,-3.4989972,6.9778805,10.728572,-3.7506914,7.593482,10.742857,-3.149375,7.467321,10.757143,-3.289822,6.996222,10.771427,-3.7752051
302,7.4128623,3.5,3.9128623,6.5479436,3.9857142,2.5622294,6.996137,4.471429,2.5247083,6.905313,4.957143,1.9481702,7.472249,5.4428573,2.0293918,7.0687385,5.928571,1.1401672,7.4451795,6.4142857,1.0308938,8.060017,6.9,1.1600165,7.0414085,7.014286,0.027122498,7.3728724,7.1285715,0.24430084,7.1501555,7.242857,-0.092701435,7.324886,7.3571424,-0.032256603,7.5903196,7.4714293,0.118890285,6.971917,7.5857153,-0.61379814,7.3086085,7.7000017,-0.39139318,6.291804,8.1285715,-1.8367677,7.9830475,8.557142,-0.5740948,7.3180294,8.985716,-1.6676865,7.4352865,9.414287,-1.9790001,7.83587,9.842858,-2.0069885,6.8879504,10.271428,-3.3834777,7.114398,10.7,-3.5856018,7.9102883,10.714288,-2.8039994,7.228974,10.728572,-3.499598,6.9944744,10.742857,-3.7483826,7.6054945,10.757143,-3.1516485,7.4762406,10.771427,-3.2951865,7.00336,10.785715,-3.7823553
303,7.438847,3.9857142,3.4531329,6.5713577,4.471429,2.0999289,7.020218,4.957143,2.063075,6.926454,5.4428573,1.4835968,7.4960504,5.928571,1.5674791,7.0879035,6.4142857,0.67361784,7.4700456,6.9,0.5700455,8.081932,7.014286,1.067646,7.0666842,7.1285715,-0.061887264,7.393683,7.242857,0.15082598,7.1721096,7.3571424,-0.18503284,7.3453584,7.4714293,-0.12607098,7.6090856,7.5857153,0.023370266,6.989778,7.7000017,-0.7102237,7.328892,8.1285715,-0.7996793,6.309318,8.557142,-2.2478242,8.004349,8.985716,-0.9813671,7.3351564,9.414287,-2.0791302,7.4567924,9.842858,-2.386066,7.855061,10.271428,-2.416367,6.90314,10.7,-3.7968597,7.126745,10.714288,-3.5875425,7.9282594,10.728572,-2.8003125,7.246117,10.742857,-3.4967399,7.0148253,10.757143,-3.7423177,7.6207995,10.771427,-3.1506276,7.4883676,10.785715,-3.2973475,7.0139065,10.799999,-3.7860928
304,7.464918,4.471429,2.9934893,6.5948353,4.957143,1.6376925,7.044413,5.4428573,1.6015558,6.947757,5.928571,1.0191855,7.5201144,6.4142857,1.1058288,7.107204,6.9,0.20720387,7.4950194,7.014286,0.4807334,8.104205,7.1285715,0.9756336,7.0921855,7.242857,-0.15067148,7.4148984,7.3571424,0.057755947,7.1942353,7.4714293,-0.27719402,7.365833,7.5857153,-0.21988249,7.627996,7.7000017,-0.07200575,7.0078945,8.1285715,-1.120677,7.349279,8.557142,-1.2078633,6.3270316,8.985716,-2.6586843,8.025768,9.414287,-1.3885183,7.3524466,9.842858,-2.4904118,7.4785867,10.271428,-2.7928414,7.874405,10.7,-2.825595,6.9186525,10.714288,-3.7956352,7.1394567,10.728572,-3.5891151,7.9466214,10.742857,-2.7962356,7.263556,10.757143,-3.493587,7.035478,10.771427,-3.735949,7.6363683,10.785715,-3.1493468,7.5008273,10.799999,-3.299172,7.024785,11.1,-4.0752153
305,7.490964,4.957143,2.533821,6.6182084,5.4428573,1.1753511,7.0685563,5.928571,1.1399851,6.9689946,6.4142857,0.55470896,7.544185,6.9,0.64418507,7.1263323,7.014286,0.11204624,7.519849,7.1285715,0.3912773,8.126465,7.242857,0.88360786,7.117676,7.3571424,-0.23946667,7.43612,7.4714293,-0.035309315,7.2162566,7.5857153,-0.36945868,7.3860793,7.7000017,-0.3139224,7.6466236,8.1285715,-0.4819479,7.025904,8.557142,-1.5312381,7.3694444,8.985716,-1.6162715,6.3446655,9.414287,-3.069621,8.046903,9.842858,-1.7959557,7.3695087,10.271428,-2.9019194,7.500205,10.7,-3.1997948,7.8935795,10.714288,-2.8207083,6.934043,10.728572,-3.794529,7.151956,10.742857,-3.590901,7.964857,10.757143,-2.792286,7.280851,10.771427,-3.4905763,7.0559864,10.785715,-3.7297287,7.651752,10.799999,-3.1482472,7.5131035,11.1,-3.586897,7.035465,11.400002,-4.364537
306,7.5162873,5.4428573,2.07343,6.640704,5.928571,0.71213293,7.091833,6.4142857,0.67754745,6.9894934,6.9,0.089493275,7.567687,7.014286,0.553401,7.1446886,7.1285715,0.016117096,7.5438347,7.242857,0.3009777,8.147809,7.3571424,0.7906666,7.1423855,7.4714293,-0.32904387,7.456659,7.5857153,-0.12905645,7.2374697,7.7000017,-0.46253204,7.4054446,8.1285715,-0.7231269,7.6642222,8.557142,-0.89292,7.0430613,8.985716,-1.9426546,7.388781,9.414287,-2.0255055,6.3616157,9.842858,-3.4812427,8.067049,10.271428,-2.204379,7.3855915,10.7,-3.3144083,7.520864,10.714288,-3.1934237,7.9118934,10.728572,-2.8166785,6.9486504,10.742857,-3.7942066,7.1637344,10.757143,-3.5934086,7.9823184,10.771427,-2.7891088,7.2973275,10.785715,-3.4883876,7.075591,10.799999,-3.7244081,7.6663003,11.1,-3.4337,7.5245085,11.400002,-3.875493,7.045358,11.700001,-4.6546426
307,7.541173,5.928571,1.6126018,6.6626616,6.4142857,0.2483759,7.1143584,6.9,0.21435833,7.0095363,7.014286,-0.004749775,7.590915,7.1285715,0.4623437,7.162528,7.242857,-0.08032894,7.567725,7.3571424,0.21058273,8.168421,7.4714293,0.69699144,7.166574,7.5857153,-0.4191413,7.4768147,7.7000017,-0.22318697,7.258193,8.1285715,-0.8703785,7.4244795,8.557142,-1.1326628,7.681356,8.985716,-1.3043599,7.0595603,9.414287,-2.3547263,7.4076996,9.842858,-2.4351587,6.3779926,10.271428,-3.8934355,8.086836,10.7,-2.613164,7.4010973,10.714288,-3.3131905,7.540912,10.728572,-3.1876597,7.929556,10.742857,-2.813301,6.962666,10.757143,-3.794477,7.1751614,10.771427,-3.5962658,7.9992094,10.785715,-2.7865057,7.31339,10.799999,-3.4866095,7.0945387,11.1,-4.0054617,7.680301,11.400002,-3.7197003,7.535287,11.700001,-4.164714,7.0548625,12.000002,-4.9451394
308,7.56571,6.4142857,1.1514244,6.684418,6.9,-0.2155819,7.1365867,7.014286,0.122300625,7.0289717,7.1285715,-0.09959984,7.61382,7.242857,0.3709631,7.1797466,7.3571424,-0.17739582,7.591315,7.4714293,0.119885445,8.188276,7.5857153,0.602561,7.1903076,7.7000017,-0.5096941,7.4964027,8.1285715,-0.63216877,7.2783723,8.557142,-1.27877,7.4430285,8.985716,-1.5426874,7.697553,9.414287,-1.7167335,7.07535,9.842858,-2.7675085,7.4261613,10.271428,-2.8452668,6.39378,10.7,-4.3062196,8.105814,10.714288,-2.6084738,7.415671,10.728572,-3.312901,7.5599437,10.742857,-3.1829133,7.946413,10.757143,-2.81073,6.975725,10.771427,-3.795702,7.1854444,10.785715,-3.6002707,8.015047,10.799999,-2.7849522,7.3287053,11.1,-3.771295,7.1125836,11.400002,-4.287418,7.693267,11.700001,-4.006734,7.5448794,12.000002,-4.4551225,7.0633273,12.300001,-5.236674
309,7.5896735,6.9,0.6896734,6.7058663,7.014286,-0.3084197,7.1584306,7.1285715,0.029859066,7.0473137,7.242857,-0.19554329,7.635753,7.3571424,0.2786107,7.1958117,7.4714293,-0.2756176,7.613827,7.5857153,0.028111935,8.206584,7.7000017,0.50658226,7.213074,8.1285715,-0.9154973,7.5145082,8.557142,-1.042634,7.297397,8.985716,-1.6883187,7.4604983,9.414287,-1.9537883,7.7118464,9.842858,-2.131012,7.0897646,10.271428,-3.1816635,7.443589,10.7,-3.2564106,6.408619,10.714288,-4.305669,8.12317,10.728572,-2.605402,7.4285693,10.742857,-3.3142877,7.576938,10.757143,-3.1802049,7.961926,10.771427,-2.8095012,6.986949,10.785715,-3.7987661,7.1933017,10.799999,-3.6066976,8.028647,11.1,-3.071353,7.3423147,11.400002,-4.057687,7.128685,11.700001,-4.571316,7.70417,12.000002,-4.2958317,7.5523,12.300001,-4.747701,7.0695076,12.6,-5.530493
310,7.613789,7.014286,0.59950304,6.7276587,7.1285715,-0.40091276,7.1806,7.242857,-0.062256813,7.0649886,7.3571424,-0.29215384,7.6571665,7.4714293,0.18573713,7.2110705,7.5857153,-0.37464476,7.6357746,7.7000017,-0.064227104,8.223669,8.1285715,0.09509754,7.235493,8.557142,-1.3216491,7.531404,8.985716,-1.4543118,7.315727,9.414287,-2.0985594,7.47726,9.842858,-2.3655982,7.7243814,10.271428,-2.5470467,7.103151,10.7,-3.596849,7.4603596,10.714288,-3.2539282,6.422886,10.728572,-4.305686,8.139175,10.742857,-2.6036816,7.4400105,10.757143,-3.3171325,7.5923214,10.771427,-3.1791058,7.976381,10.785715,-2.8093343,6.9964805,10.799999,-3.8035188,7.198728,11.1,-3.9012723,8.040165,11.400002,-3.3598366,7.354314,11.700001,-4.345687,7.143168,12.000002,-4.856834,7.7131686,12.300001,-4.5868325,7.5574946,12.6,-5.0425057,7.0732675,12.9,-5.826732
