date,ili,detection_rate,delta_ili,peak_gap,min_temp,max_temp,daily_rain,avg_humidity
2017-09-04,5.7,2.2,0.0,-0.1,19.7,30.1,1.125,53.8
2017-09-05,5.714,1.886,0.014,-0.1,20.4,23.7,0.0,62.4
2017-09-06,5.729,1.571,0.029,-0.1,18.5,24.0,2.0,75.5
2017-09-07,5.743,1.257,0.043,-0.1,17.8,27.5,1.625,73.3
2017-09-08,5.757,0.943,0.057,-0.1,20.4,29.9,1.25,67.5
2017-09-09,5.771,0.629,0.071,-0.1,19.2,28.2,0.875,70.1
2017-09-10,5.786,0.314,0.086,-0.1,19.9,26.1,0.5,74.3
2017-09-11,5.8,0.0,0.1,-0.1,18.6,24.6,24.0,79.8
2017-09-12,5.843,0.0,0.129,-0.129,17.7,27.9,22.0,58.6
2017-09-13,5.886,0.0,0.157,-0.157,15.9,27.5,20.0,49.3
2017-09-14,5.929,0.0,0.186,-0.186,14.8,29.5,18.0,48.8
2017-09-15,5.971,0.0,0.214,-0.214,17.8,27.9,16.0,48.4
2017-09-16,6.014,0.0,0.243,-0.243,16.7,27.6,14.0,50.9
2017-09-17,6.057,0.0,0.271,-0.271,19.0,29.2,12.0,51.3
2017-09-18,6.1,0.0,0.3,-0.3,16.4,27.6,10.0,62.8
2017-09-19,5.9,0.314,0.057,-0.057,20.1,25.8,8.0,79.1
2017-09-20,5.7,0.629,-0.186,0.186,14.1,24.9,6.0,48.9
2017-09-21,5.5,0.943,-0.429,0.429,14.2,27.0,4.0,57.3
2017-09-22,5.3,1.257,-0.671,0.671,15.4,26.8,2.0,60.8
2017-09-23,5.1,1.571,-0.914,0.914,17.6,27.3,0.0,69.8
2017-09-24,4.9,1.886,-1.157,1.157,18.8,27.9,0.0,71.5
2017-09-25,4.7,2.2,-1.4,1.4,17.4,30.1,0.0,58.0
2017-09-26,4.529,1.886,-1.371,1.571,19.4,31.4,0.0,57.0
2017-09-27,4.357,1.571,-1.343,1.743,19.9,27.3,0.5,66.4
2017-09-28,4.186,1.257,-1.314,1.914,14.2,25.3,1.375,49.1
2017-09-29,4.014,0.943,-1.286,2.086,11.2,23.5,2.25,39.3
2017-09-30,3.843,0.629,-1.257,2.257,14.7,25.9,3.125,64.9
2017-10-01,3.671,0.314,-1.229,2.429,15.5,21.2,4.0,74.8
2017-10-02,3.5,0.0,-1.2,2.6,15.6,29.4,1.5,62.3
2017-10-03,3.671,0.0,-0.857,2.429,13.4,23.6,1.25,49.8
2017-10-04,3.843,0.0,-0.514,2.257,10.7,24.3,1.0,48.5
2017-10-05,4.014,0.0,-0.171,2.086,13.9,23.4,0.75,56.4
2017-10-06,4.186,0.0,0.171,1.914,16.2,23.3,0.5,66.4
2017-10-07,4.357,0.0,0.514,1.743,16.9,28.8,0.0,67.6
2017-10-08,4.529,0.0,0.857,1.571,19.3,28.7,0.0,66.9
2017-10-09,4.7,0.0,1.2,1.4,19.8,27.6,0.0,66.0
2017-10-10,4.6,0.0,0.929,1.5,18.6,24.8,0.4,76.9
2017-10-11,4.5,0.0,0.657,1.6,12.2,21.7,20.0,77.1
2017-10-12,4.4,0.0,0.386,1.7,8.8,20.3,17.157,71.0
2017-10-13,4.3,0.0,0.114,1.8,6.1,18.9,14.314,51.0
2017-10-14,4.2,0.0,-0.157,1.9,9.0,20.5,11.471,42.8
2017-10-15,4.1,0.0,-0.429,2.0,9.0,23.0,8.629,42.5
2017-10-16,4.0,0.0,-0.7,2.1,13.6,22.0,5.786,47.6
2017-10-17,4.086,0.0,-0.514,2.014,9.2,23.9,2.943,47.1
2017-10-18,4.171,0.0,-0.329,1.929,14.2,19.1,0.1,58.8
2017-10-19,4.257,0.0,-0.143,1.843,11.9,23.2,0.16,58.3
2017-10-20,4.343,0.0,0.043,1.757,11.1,24.2,0.22,58.6
2017-10-21,4.429,0.0,0.229,1.671,11.0,25.2,0.28,52.8
2017-10-22,4.514,0.0,0.414,1.586,11.0,23.5,0.34,50.4
2017-10-23,4.6,0.0,0.6,1.5,8.6,20.6,0.4,47.0
2017-10-24,4.814,0.0,0.729,1.286,9.9,20.9,0.46,54.3
2017-10-25,5.029,0.0,0.857,1.071,9.5,20.6,0.52,59.0
2017-10-26,5.243,0.0,0.986,0.857,10.7,18.1,0.58,56.5
2017-10-27,5.457,0.0,1.114,0.643,11.9,24.2,0.64,54.4
2017-10-28,5.671,0.0,1.243,0.429,10.6,24.8,0.7,51.9
2017-10-29,5.886,0.0,1.371,0.214,6.3,17.2,0.76,45.6
2017-10-30,6.1,0.0,1.5,0.0,2.5,13.2,0.82,27.4
2017-10-31,6.086,0.0,1.271,0.014,3.6,16.0,0.88,54.3
2017-11-01,6.071,0.0,1.043,0.029,11.5,18.1,0.94,72.4
2017-11-02,6.057,0.0,0.814,0.043,14.0,18.0,1.0,78.8
2017-11-03,6.043,0.0,0.586,0.057,6.1,16.6,1.5,66.0
2017-11-04,6.029,0.0,0.357,0.071,4.5,13.7,1.125,47.9
2017-11-05,6.014,0.0,0.129,0.086,2.6,15.4,0.75,52.5
2017-11-06,6.0,0.0,-0.1,0.1,8.0,16.5,0.375,64.5
2017-11-07,6.0,0.0,-0.086,0.1,9.2,18.4,0.0,61.4
2017-11-08,6.0,0.0,-0.071,0.1,6.9,17.2,0.0,53.3
2017-11-09,6.0,0.0,-0.057,0.1,3.7,16.8,3.75,39.6
2017-11-10,6.0,0.0,-0.043,0.1,5.3,15.9,7.5,56.3
2017-11-11,6.0,0.0,-0.029,0.1,2.7,10.7,6.5,42.9
2017-11-12,6.0,0.0,-0.014,0.1,0.3,11.4,5.5,57.1
2017-11-13,6.0,0.0,0.0,0.1,3.1,11.8,4.5,64.4
2017-11-14,6.229,0.9,0.229,-0.129,2.9,11.4,3.375,42.5
2017-11-15,6.457,1.8,0.457,-0.357,-1.1,6.5,2.25,38.3
2017-11-16,6.686,2.7,0.686,-0.586,-3.4,6.4,1.125,30.3
2017-11-17,6.914,3.6,0.914,-0.814,-1.6,5.8,0.0,39.4
2017-11-18,7.143,4.5,1.143,-1.043,-4.8,2.6,0.0,38.5
2017-11-19,7.371,5.4,1.371,-1.271,-6.6,3.5,0.0,37.8
2017-11-20,7.6,6.3,1.6,-1.5,-3.9,4.2,0.0,55.3
2017-11-21,7.829,6.0,1.6,-1.514,-4.2,8.1,0.25,55.6
2017-11-22,8.057,5.7,1.6,-1.529,0.6,10.8,0.5,54.8
2017-11-23,8.286,5.4,1.6,-1.543,-2.5,4.7,1.2,49.3
2017-11-24,8.514,5.1,1.6,-1.557,-2.5,2.9,0.0,62.5
2017-11-25,8.743,4.8,1.6,-1.571,-3.3,7.3,24.0,77.6
2017-11-26,8.971,4.5,1.6,-1.586,-0.3,7.6,16.167,71.6
2017-11-27,9.2,4.2,1.6,-1.6,-2.9,9.5,8.333,53.0
2017-11-28,10.443,5.429,2.614,-2.614,1.3,11.2,0.5,64.1
2017-11-29,11.686,6.657,3.629,-3.629,-1.8,8.1,0.0,48.3
2017-11-30,12.929,7.886,4.643,-4.643,-5.2,2.7,0.0,26.8
2017-12-01,14.171,9.114,5.657,-5.657,-7.6,3.1,0.0,49.4
2017-12-02,15.414,10.343,6.671,-6.671,-4.6,8.1,2.0,59.9
2017-12-03,16.657,11.571,7.686,-7.686,3.1,8.1,4.0,83.1
2017-12-04,17.9,12.8,8.7,-8.7,-6.1,4.5,0.1,48.1
2017-12-05,19.643,15.214,9.2,-9.2,-8.2,-0.4,0.1,40.1
2017-12-06,21.386,17.629,9.7,-9.7,-4.5,6.0,1.2,72.6
2017-12-07,23.129,20.043,10.2,-10.2,-3.5,4.6,1.925,64.5
2017-12-08,24.871,22.457,10.7,-10.7,-7.1,-0.5,2.65,41.3
2017-12-09,26.614,24.871,11.2,-11.2,-5.6,5.4,3.375,46.1
2017-12-10,28.357,27.286,11.7,-11.7,-2.5,6.7,4.1,67.9
2017-12-11,30.1,29.7,12.2,-12.2,-11.0,-2.5,3.28,40.5
2017-12-12,32.271,32.971,12.629,-12.629,-12.3,-5.2,2.46,41.9
2017-12-13,34.443,36.243,13.057,-13.057,-12.0,-4.4,1.64,42.0
2017-12-14,36.614,39.514,13.486,-13.486,-11.2,-1.9,0.82,42.9
2017-12-15,38.786,42.786,13.914,-13.914,-7.5,0.9,0.0,52.6
2017-12-16,40.957,46.057,14.343,-14.343,-8.1,-2.6,1.133,43.1
2017-12-17,43.129,49.329,14.771,-14.771,-10.8,-2.3,2.267,38.1
2017-12-18,45.3,52.6,15.2,-15.2,-5.9,3.3,3.4,80.0
2017-12-19,48.971,54.214,14.864,-14.864,-6.5,-1.0,1.8,49.4
2017-12-20,52.643,55.829,14.529,-14.529,-8.5,-0.1,0.2,68.0
2017-12-21,56.314,57.443,14.193,-14.193,-5.6,4.6,5.15,71.4
2017-12-22,59.986,59.057,13.857,-13.857,-1.9,6.6,10.1,66.6
2017-12-23,63.657,60.671,13.521,-13.521,5.0,8.7,15.05,75.8
2017-12-24,67.329,62.286,13.186,-13.186,-0.6,5.7,20.0,82.0
2017-12-25,71.0,63.9,12.85,-12.85,-4.9,0.6,15.0,43.1
2017-12-26,72.543,64.157,12.557,-12.557,-7.9,-1.1,10.0,41.8
2017-12-27,74.086,64.414,12.264,-12.264,-10.3,-2.6,5.0,31.4
2017-12-28,75.629,64.671,11.971,-11.971,-6.8,0.8,0.0,47.0
2017-12-29,77.171,64.929,11.679,-11.679,-0.4,6.0,0.0,67.0
2017-12-30,78.714,65.186,11.386,-11.386,-1.2,4.5,0.7,79.5
2017-12-31,80.257,65.443,11.093,-11.093,-3.2,3.3,1.0,54.4
2018-01-01,81.8,65.7,10.8,-10.8,-5.1,3.8,0.988,39.1
2018-01-02,81.986,64.5,9.443,-9.443,-4.3,1.8,0.975,42.0
2018-01-03,82.171,63.3,8.086,-8.086,-7.1,-0.4,0.962,42.3
2018-01-04,82.357,62.1,6.729,-6.729,-8.7,-0.7,0.95,43.0
2018-01-05,82.543,60.9,5.371,-5.371,-5.6,1.6,0.938,48.4
2018-01-06,82.729,59.7,4.014,-4.014,-6.8,2.9,0.925,45.8
2018-01-07,82.914,58.5,2.657,-2.657,-5.7,2.8,0.912,42.1
2018-01-08,83.1,57.3,1.3,-1.3,-1.2,4.0,0.9,51.9
2018-01-09,80.643,58.229,-1.343,1.343,-6.1,-1.2,0.5,59.4
2018-01-10,78.186,59.157,-3.986,3.986,-10.3,-4.8,0.3,52.0
2018-01-11,75.729,60.086,-6.629,6.629,-13.6,-7.4,0.15,49.8
2018-01-12,73.271,61.014,-9.271,9.271,-15.3,-5.4,0.0,35.4
2018-01-13,70.814,61.943,-11.914,11.914,-6.6,-1.2,0.4,67.3
2018-01-14,68.357,62.871,-14.557,14.557,-4.4,5.4,0.3,64.1
2018-01-15,65.9,63.8,-17.2,17.2,1.8,7.7,0.2,63.9
2018-01-16,63.143,61.629,-17.5,19.957,0.1,6.8,0.0,59.1
2018-01-17,60.386,59.457,-17.8,22.714,2.4,8.7,0.0,64.1
2018-01-18,57.629,57.286,-18.1,25.471,0.3,4.5,0.0,59.6
2018-01-19,54.871,55.114,-18.4,28.229,-2.5,5.5,0.825,43.0
2018-01-20,52.114,52.943,-18.7,30.986,-1.0,6.9,1.65,57.6
2018-01-21,49.357,50.771,-19.0,33.743,-3.7,5.5,2.475,36.6
2018-01-22,46.6,48.6,-19.3,36.5,-5.3,4.0,3.3,56.5
2018-01-23,45.514,50.614,-17.629,37.586,-14.6,-5.3,3.25,42.0
2018-01-24,44.429,52.629,-15.957,38.671,-16.3,-10.7,3.2,31.6
2018-01-25,43.343,54.643,-14.286,39.757,-16.4,-9.5,3.15,32.6
2018-01-26,42.257,56.657,-12.614,40.843,-17.8,-10.7,3.1,34.9
2018-01-27,41.171,58.671,-10.943,41.929,-15.9,-3.5,3.05,37.4
2018-01-28,40.086,60.686,-9.271,43.014,-9.3,-1.2,3.0,36.0
2018-01-29,39.0,62.7,-7.6,44.1,-11.6,-4.7,2.95,35.0
2018-01-30,38.1,59.771,-7.414,45.0,-11.4,-0.8,2.9,62.0
2018-01-31,37.2,56.843,-7.229,45.9,-5.2,0.0,0.0,54.5
2018-02-01,36.3,53.914,-7.043,46.8,-8.8,1.2,0.167,44.1
2018-02-02,35.4,50.986,-6.857,47.7,-7.6,3.8,0.333,51.1
2018-02-03,34.5,48.057,-6.671,48.6,-10.4,-2.1,0.5,47.0
2018-02-04,33.6,45.129,-6.486,49.5,-12.8,-5.2,0.438,40.9
2018-02-05,32.7,42.2,-6.3,50.4,-11.8,-5.1,0.375,37.8
2018-02-06,32.6,43.843,-5.5,50.5,-12.8,-5.8,0.312,36.5
2018-02-07,32.5,45.486,-4.7,50.6,-13.4,-1.6,0.25,39.8
2018-02-08,32.4,47.129,-3.9,50.7,-9.7,2.0,0.188,43.3
2018-02-09,32.3,48.771,-3.1,50.8,-5.3,6.1,0.125,43.9
2018-02-10,32.2,50.414,-2.3,50.9,-6.9,3.2,0.062,47.4
2018-02-11,32.1,52.057,-1.5,51.0,-9.5,-2.2,0.0,42.5
2018-02-12,32.0,53.7,-0.7,51.1,-9.6,-1.8,0.0,40.8
2018-02-13,30.443,50.186,-2.157,52.657,-7.4,4.3,0.04,54.5
2018-02-14,28.886,46.671,-3.614,54.214,-0.7,8.7,0.08,51.0
2018-02-15,27.329,43.157,-5.071,55.771,-3.7,4.0,0.12,28.0
2018-02-16,25.771,39.643,-6.529,57.329,-5.5,4.9,0.16,40.1
2018-02-17,24.214,36.129,-7.986,58.886,-7.1,1.4,0.2,25.6
2018-02-18,22.657,32.614,-9.443,60.443,-4.9,5.2,0.24,26.9
2018-02-19,21.1,29.1,-10.9,62.0,-1.9,6.8,0.28,48.6
2018-02-20,20.443,28.586,-10.0,62.657,-2.4,5.5,0.32,41.0
2018-02-21,19.786,28.071,-9.1,63.314,-4.5,4.4,0.36,31.5
2018-02-22,19.129,27.557,-8.2,63.971,-3.9,5.4,0.4,59.0
2018-02-23,18.471,27.043,-7.3,64.629,-0.3,8.6,3.7,81.1
2018-02-24,17.814,26.529,-6.4,65.286,-1.1,7.2,7.96,49.4
2018-02-25,17.157,26.014,-5.5,65.943,-1.6,7.9,12.22,40.6
2018-02-26,16.5,25.5,-4.6,66.6,-3.2,10.4,16.48,43.1
2018-02-27,15.986,23.586,-4.457,67.114,0.6,6.9,20.74,48.8
2018-02-28,15.471,21.671,-4.314,67.629,1.8,7.8,25.0,73.3
2018-03-01,14.957,19.757,-4.171,68.143,-4.3,3.0,0.5,61.9
2018-03-02,14.443,17.843,-4.029,68.657,-6.7,5.4,0.25,34.0
2018-03-03,13.929,15.929,-3.886,69.171,-0.1,16.2,0.0,38.1
2018-03-04,13.414,14.014,-3.743,69.686,7.6,11.9,11.5,89.1
2018-03-05,12.9,12.1,-3.6,70.2,1.3,11.4,3.5,67.5
2018-03-06,12.443,12.8,-3.543,68.2,-1.1,10.9,2.0,46.8
2018-03-07,11.986,13.5,-3.486,66.2,2.2,10.7,0.5,54.0
2018-03-08,11.529,14.2,-3.429,64.2,2.7,9.7,4.0,76.0
2018-03-09,11.071,14.9,-3.371,62.2,1.4,9.6,7.286,63.3
2018-03-10,10.614,15.6,-3.314,60.2,0.7,9.7,10.571,65.8
2018-03-11,10.157,16.3,-3.257,58.2,2.7,12.2,13.857,51.3
2018-03-12,9.7,17.0,-3.2,56.2,2.2,15.5,17.143,45.8
2018-03-13,9.643,16.157,-2.8,53.5,5.2,18.8,20.429,60.5
2018-03-14,9.586,15.314,-2.4,50.8,13.6,22.1,23.714,58.8
2018-03-15,9.529,14.471,-2.0,48.1,8.4,16.6,27.0,92.1
2018-03-16,9.471,13.629,-1.6,45.4,3.6,12.2,18.167,46.9
2018-03-17,9.414,12.786,-1.2,42.7,0.5,14.0,9.333,48.0
2018-03-18,9.357,11.943,-0.8,40.0,5.4,12.5,0.5,55.9
2018-03-19,9.3,11.1,-0.4,37.3,6.2,10.4,1.0,64.5
2018-03-20,9.129,10.729,-0.514,36.386,1.6,9.1,1.0,39.9
2018-03-21,8.957,10.357,-0.629,35.471,1.1,5.3,1.0,64.1
2018-03-22,8.786,9.986,-0.743,34.557,0.6,11.6,0.931,61.5
2018-03-23,8.614,9.614,-0.857,33.643,1.8,12.5,0.862,55.3
2018-03-24,8.443,9.243,-0.971,32.729,4.0,13.1,0.792,61.9
2018-03-25,8.271,8.871,-1.086,31.814,4.6,16.9,0.723,65.6
2018-03-26,8.1,8.5,-1.2,30.9,5.3,18.1,0.654,64.5
2018-03-27,7.971,8.4,-1.157,30.129,7.7,20.0,0.585,61.1
2018-03-28,7.843,8.3,-1.114,29.357,9.4,19.0,0.515,66.4
2018-03-29,7.714,8.2,-1.071,28.586,11.8,21.1,0.446,66.3
2018-03-30,7.586,8.1,-1.029,27.814,9.8,21.9,0.377,55.6
2018-03-31,7.457,8.0,-0.986,27.043,9.3,20.1,0.308,52.9
2018-04-01,7.329,7.9,-0.943,26.271,11.7,18.5,0.238,68.8
2018-04-02,7.2,7.8,-0.9,25.5,14.9,23.7,0.169,64.0
2018-04-03,7.357,6.971,-0.614,25.243,14.9,21.2,0.1,72.9
2018-04-04,7.514,6.143,-0.329,24.986,9.5,18.2,18.5,67.0
2018-04-05,7.671,5.314,-0.043,24.729,6.7,9.5,10.5,90.6
2018-04-06,7.829,4.486,0.243,24.471,3.0,8.6,6.5,71.6
2018-04-07,7.986,3.657,0.529,24.214,1.4,8.6,0.2,45.5
2018-04-08,8.143,2.829,0.814,23.957,0.6,7.9,3.0,59.6
2018-04-09,8.3,2.0,1.1,23.7,0.1,15.4,4.0,57.9
2018-04-10,8.057,2.0,0.7,22.386,6.9,21.9,5.0,51.0
2018-04-11,7.814,2.0,0.3,21.071,8.7,17.3,6.0,49.4
2018-04-12,7.571,2.0,-0.1,19.757,6.8,19.6,7.0,30.5
2018-04-13,7.329,2.0,-0.5,18.443,8.3,19.3,8.0,22.9
2018-04-14,7.086,2.0,-0.9,17.129,7.5,14.8,9.0,78.8
2018-04-15,6.843,2.0,-1.3,15.814,5.6,14.2,9.812,65.5
2018-04-16,6.6,2.0,-1.7,14.5,4.9,18.8,10.625,41.9
2018-04-17,7.014,2.614,-1.043,13.429,6.8,20.1,11.438,37.9
2018-04-18,7.429,3.229,-0.386,12.357,6.2,19.3,12.25,35.4
2018-04-19,7.843,3.843,0.271,11.286,7.4,20.5,13.062,38.8
2018-04-20,8.257,4.457,0.929,10.214,11.0,26.3,13.875,46.0
2018-04-21,8.671,5.071,1.586,9.143,12.3,25.6,14.688,32.0
2018-04-22,9.086,5.686,2.243,8.071,10.7,21.0,15.5,57.4
2018-04-23,9.5,6.3,2.9,7.0,8.4,10.7,59.0,93.9
2018-04-24,9.0,6.014,1.986,6.986,8.9,16.1,3.0,63.3
2018-04-25,8.5,5.729,1.071,6.971,5.7,23.3,2.571,37.8
2018-04-26,8.0,5.443,0.157,6.957,10.0,22.1,2.143,51.9
2018-04-27,7.5,5.157,-0.757,6.943,9.7,23.3,1.714,52.9
2018-04-28,7.0,4.871,-1.671,6.929,10.5,21.7,1.286,49.0
2018-04-29,6.5,4.586,-2.586,6.914,9.4,22.9,0.857,43.1
2018-04-30,6.0,4.3,-3.5,6.9,14.1,25.0,0.429,61.6
2018-05-01,6.1,4.0,-2.9,6.343,17.8,23.3,0.0,72.8
2018-05-02,6.2,3.7,-2.3,5.786,8.7,19.7,12.0,90.4
2018-05-03,6.3,3.4,-1.7,5.229,6.9,14.7,1.0,62.4
2018-05-04,6.4,3.1,-1.1,4.671,8.8,20.0,8.0,45.5
2018-05-05,6.5,2.8,-0.5,4.114,11.6,24.6,15.0,46.8
2018-05-06,6.6,2.5,0.1,3.557,15.0,20.7,22.0,86.4
2018-05-07,6.7,2.2,0.7,3.0,14.0,25.5,23.667,60.3
2018-05-08,6.571,2.257,0.471,3.1,11.6,22.9,25.333,50.9
2018-05-09,6.443,2.314,0.243,3.2,9.2,21.8,27.0,50.4
2018-05-10,6.314,2.371,0.014,3.3,11.3,21.4,28.667,67.4
2018-05-11,6.186,2.429,-0.214,3.4,11.9,21.3,30.333,59.8
2018-05-12,6.057,2.486,-0.443,3.5,11.8,16.1,32.0,89.3
2018-05-13,5.929,2.543,-0.671,3.6,12.7,20.0,0.5,82.5
2018-05-14,5.8,2.6,-0.9,3.7,11.9,24.5,0.25,71.4
2018-05-15,5.729,2.229,-0.843,3.771,15.4,29.3,0.0,56.4
2018-05-16,5.657,1.857,-0.786,3.843,21.8,24.4,45.0,93.8
2018-05-17,5.586,1.486,-0.729,3.914,18.8,23.5,83.0,97.0
2018-05-18,5.514,1.114,-0.671,3.986,12.2,19.3,6.5,86.8
2018-05-19,5.443,0.743,-0.614,4.057,10.3,24.7,8.0,47.5
2018-05-20,5.371,0.371,-0.557,4.129,11.5,22.6,9.5,32.1
2018-05-21,5.3,0.0,-0.5,4.2,11.3,23.7,11.0,43.9
2018-05-22,5.314,0.871,-0.414,4.186,15.4,23.2,12.5,75.5
2018-05-23,5.329,1.743,-0.329,4.171,13.6,23.3,6.5,57.1
2018-05-24,5.343,2.614,-0.243,4.157,11.2,23.7,5.583,47.4
2018-05-25,5.357,3.486,-0.157,4.143,13.8,26.2,4.667,47.4
2018-05-26,5.371,4.357,-0.071,4.129,14.0,29.6,3.75,50.1
2018-05-27,5.386,5.229,0.014,4.114,17.3,24.7,2.833,47.4
2018-05-28,5.4,6.1,0.1,4.1,16.2,29.1,1.917,49.8
2018-05-29,5.3,5.229,-0.014,4.2,19.1,25.9,1.0,69.3
2018-05-30,5.2,4.357,-0.129,4.3,15.8,24.7,0.0,69.8
2018-05-31,5.1,3.486,-0.243,4.4,14.2,27.6,0.05,58.9
2018-06-01,5.0,2.614,-0.357,4.5,17.5,30.2,0.1,50.4
2018-06-02,4.9,1.743,-0.471,4.6,17.6,30.1,0.15,44.5
2018-06-03,4.8,0.871,-0.586,4.7,16.9,30.8,0.2,39.4
2018-06-04,4.7,0.0,-0.7,4.8,18.9,27.5,0.25,50.1
2018-06-05,4.586,0.0,-0.714,4.914,17.7,29.2,0.3,52.5
2018-06-06,4.471,0.0,-0.729,5.029,18.4,27.9,0.35,62.9
2018-06-07,4.357,0.0,-0.743,5.143,17.8,29.4,0.4,69.3
2018-06-08,4.243,0.0,-0.757,5.257,18.5,27.0,0.45,68.0
2018-06-09,4.129,0.0,-0.771,5.371,18.9,30.1,0.5,60.6
2018-06-10,4.014,0.0,-0.786,5.486,18.3,24.9,0.5,59.9
2018-06-11,3.9,0.0,-0.8,5.6,18.0,23.9,5.0,67.3
2018-06-12,4.071,0.0,-0.514,5.429,16.6,27.1,0.0,65.5
2018-06-13,4.243,0.0,-0.229,5.257,18.3,27.0,0.0,64.0
2018-06-14,4.414,0.0,0.057,5.086,18.8,25.1,29.0,74.9
2018-06-15,4.586,0.0,0.343,4.914,17.2,27.0,16.5,60.8
2018-06-16,4.757,0.0,0.629,4.743,16.3,28.7,21.5,56.4
2018-06-17,4.929,0.0,0.914,4.571,18.9,27.5,26.5,66.9
2018-06-18,5.1,0.0,1.2,4.4,19.9,30.8,31.5,54.9
2018-06-19,5.043,0.0,0.971,4.057,19.1,27.2,36.5,61.3
2018-06-20,4.986,0.0,0.743,3.714,19.1,28.4,41.5,68.1
2018-06-21,4.929,0.0,0.514,3.371,19.4,28.7,46.5,60.1
2018-06-22,4.871,0.0,0.286,3.029,18.2,32.0,51.5,45.1
2018-06-23,4.814,0.0,0.057,2.686,20.9,28.9,56.5,50.6
2018-06-24,4.757,0.0,-0.171,2.343,20.1,32.1,61.5,62.8
2018-06-25,4.7,0.0,-0.4,2.0,21.3,32.9,66.5,57.1
2018-06-26,4.686,0.0,-0.357,2.014,20.2,26.9,71.5,88.3
2018-06-27,4.671,0.0,-0.314,2.029,19.1,25.5,1.0,81.9
2018-06-28,4.657,0.0,-0.271,2.043,20.6,27.3,26.5,85.1
2018-06-29,4.643,0.0,-0.229,2.057,21.9,29.1,6.5,78.5
2018-06-30,4.629,0.0,-0.186,2.071,21.6,27.9,14.5,83.8
2018-07-01,4.614,0.0,-0.143,2.086,21.0,22.8,83.5,94.6
2018-07-02,4.6,0.0,-0.1,2.1,20.6,25.3,59.5,95.4
2018-07-03,4.443,0.0,-0.243,2.129,22.5,32.6,0.1,74.4
2018-07-04,4.286,0.0,-0.386,2.157,24.0,31.8,0.3,69.6
2018-07-05,4.129,0.0,-0.529,2.186,23.4,29.0,0.5,72.8
2018-07-06,3.971,0.0,-0.671,2.214,21.5,27.1,3.875,57.8
2018-07-07,3.814,0.0,-0.814,2.243,19.5,29.2,7.25,51.4
2018-07-08,3.657,0.0,-0.957,2.271,17.7,28.1,10.625,51.5
2018-07-09,3.5,0.0,-1.1,2.3,20.1,24.2,14.0,82.3
2018-07-10,3.614,0.0,-0.829,2.129,20.4,26.5,16.5,87.8
2018-07-11,3.729,0.0,-0.557,1.957,24.4,29.5,3.0,82.9
2018-07-12,3.843,0.0,-0.286,1.786,25.1,28.2,1.0,82.4
2018-07-13,3.957,0.0,-0.014,1.614,24.7,30.9,0.5,74.8
2018-07-14,4.071,0.0,0.257,1.443,24.6,31.9,0.0,69.6
2018-07-15,4.186,0.0,0.529,1.271,24.5,33.2,0.536,69.6
2018-07-16,4.3,0.0,0.8,1.1,24.0,34.0,1.071,64.3
2018-07-17,4.2,0.386,0.586,1.2,23.9,32.1,1.607,66.5
2018-07-18,4.1,0.771,0.371,1.3,23.7,33.2,2.143,64.8
2018-07-19,4.0,1.157,0.157,1.4,23.2,34.1,2.679,64.1
2018-07-20,3.9,1.543,-0.057,1.5,24.6,34.7,3.214,62.6
2018-07-21,3.8,1.929,-0.271,1.6,24.9,36.9,3.75,53.6
2018-07-22,3.7,2.314,-0.486,1.7,25.3,38.0,4.286,49.6
2018-07-23,3.6,2.7,-0.7,1.8,29.2,35.7,4.821,53.8
2018-07-24,3.686,2.314,-0.514,1.671,27.2,36.8,5.357,59.5
2018-07-25,3.771,1.929,-0.329,1.543,27.7,34.1,5.893,66.3
2018-07-26,3.857,1.543,-0.143,1.414,27.3,33.7,6.429,68.8
2018-07-27,3.943,1.157,0.043,1.286,27.2,35.4,6.964,69.3
2018-07-28,4.029,0.771,0.229,1.157,28.0,35.2,7.5,77.1
2018-07-29,4.114,0.386,0.414,1.029,26.4,36.7,6.812,52.4
2018-07-30,4.2,0.0,0.6,0.9,26.2,36.9,6.125,50.9
2018-07-31,3.957,0.0,0.271,1.143,27.8,38.3,5.438,50.5
2018-08-01,3.714,0.0,-0.057,1.386,27.8,39.6,4.75,55.5
2018-08-02,3.471,0.0,-0.386,1.629,30.3,37.9,4.062,54.4
2018-08-03,3.229,0.0,-0.714,1.871,30.0,37.9,3.375,55.3
2018-08-04,2.986,0.0,-1.043,2.114,28.0,34.9,2.688,60.6
2018-08-05,2.743,0.0,-1.371,2.357,27.2,33.9,2.0,71.8
2018-08-06,2.5,0.0,-1.7,2.6,28.3,35.3,6.5,71.6
2018-08-07,2.586,0.0,-1.371,2.514,26.8,35.9,5.0,63.4
2018-08-08,2.671,0.0,-1.043,2.429,27.6,35.3,3.5,64.8
2018-08-09,2.757,0.0,-0.714,2.343,27.1,32.5,2.0,76.3
2018-08-10,2.843,0.0,-0.386,2.257,25.7,36.8,3.0,60.9
2018-08-11,2.929,0.0,-0.057,2.171,26.4,36.0,4.0,55.8
2018-08-12,3.014,0.0,0.271,2.086,27.2,35.3,5.0,61.3
2018-08-13,3.1,0.0,0.6,2.0,26.7,34.4,1.0,68.6
2018-08-14,3.043,0.0,0.457,2.0,27.7,37.2,1.0,58.3
2018-08-15,2.986,0.0,0.314,2.0,28.3,38.0,1.0,59.5
2018-08-16,2.929,0.0,0.171,2.0,24.1,35.6,0.8,51.0
2018-08-17,2.871,0.0,0.029,2.0,21.7,33.8,0.6,39.8
2018-08-18,2.814,0.0,-0.114,2.0,21.5,32.1,0.4,44.6
2018-08-19,2.757,0.0,-0.257,2.0,23.0,34.4,0.2,50.6
2018-08-20,2.7,0.0,-0.4,2.0,25.1,33.3,0.0,55.6
2018-08-21,2.671,0.0,-0.371,2.014,23.4,31.0,5.0,71.4
2018-08-22,2.643,0.0,-0.343,2.029,23.4,37.6,4.0,54.1
2018-08-23,2.614,0.0,-0.314,2.043,25.7,32.2,3.0,59.1
2018-08-24,2.586,0.0,-0.286,2.057,23.2,26.3,7.5,86.3
2018-08-25,2.557,0.0,-0.257,2.071,22.7,29.3,4.75,68.0
2018-08-26,2.529,0.0,-0.229,2.086,20.3,29.0,2.0,70.0
2018-08-27,2.5,0.0,-0.2,2.1,20.2,24.9,19.5,91.0
2018-08-28,2.714,0.0,0.043,1.843,22.5,26.1,96.5,92.4
2018-08-29,2.929,0.0,0.286,1.586,22.7,27.4,42.0,86.0
2018-08-30,3.143,0.0,0.529,1.329,23.9,28.2,9.5,80.9
2018-08-31,3.357,0.0,0.771,1.071,22.8,30.3,0.1,67.4
2018-09-01,3.571,0.0,1.014,0.814,20.8,30.9,11.567,59.4
2018-09-02,3.786,0.0,1.257,0.557,20.1,29.6,23.033,55.8
2018-09-03,4.0,0.0,1.5,0.3,21.4,25.8,34.5,85.3
2018-09-04,4.243,0.286,1.529,0.057,20.0,27.8,23.333,69.4
2018-09-05,4.486,0.571,1.557,-0.186,19.6,28.5,12.167,63.5
2018-09-06,4.729,0.857,1.586,-0.429,20.9,28.2,1.0,69.9
2018-09-07,4.971,1.143,1.614,-0.671,19.1,25.5,0.5,54.6
2018-09-08,5.214,1.429,1.643,-0.914,15.9,27.7,0.5,48.8
2018-09-09,5.457,1.714,1.671,-1.157,15.6,28.9,0.5,49.0
2018-09-10,5.7,2.0,1.7,-1.4,18.6,28.4,0.5,49.5
2018-09-11,5.586,2.029,1.343,-1.086,16.8,26.1,0.5,48.1
2018-09-12,5.471,2.057,0.986,-0.771,16.8,28.2,0.5,52.0
2018-09-13,5.357,2.086,0.629,-0.457,20.3,28.3,0.5,63.5
2018-09-14,5.243,2.114,0.271,-0.143,20.3,26.8,0.5,66.9
2018-09-15,5.129,2.143,-0.086,0.171,21.0,26.0,0.2,76.0
2018-09-16,5.014,2.171,-0.443,0.486,21.0,23.9,2.0,83.6
2018-09-17,4.9,2.2,-0.8,0.8,18.5,27.7,0.1,64.3
2018-09-18,4.9,1.886,-0.686,0.8,17.7,26.5,0.15,59.8
2018-09-19,4.9,1.571,-0.571,0.8,18.9,26.6,0.2,59.1
2018-09-20,4.9,1.257,-0.457,0.8,17.8,20.1,5.0,82.4
2018-09-21,4.9,0.943,-0.343,0.8,17.6,21.9,18.0,85.8
2018-09-22,4.9,0.629,-0.229,0.8,17.2,25.5,6.5,62.3
2018-09-23,4.9,0.314,-0.114,0.8,15.6,25.3,0.0,52.9
2018-09-24,4.9,0.0,0.0,0.8,14.2,22.1,0.0,48.3
2018-09-25,4.786,0.0,-0.114,0.914,10.8,24.3,0.0,48.0
2018-09-26,4.671,0.0,-0.229,1.029,16.2,24.8,0.0,47.9
2018-09-27,4.557,0.0,-0.343,1.143,13.2,25.0,0.0,47.6
2018-09-28,4.443,0.0,-0.457,1.257,14.3,22.2,0.0,58.1
2018-09-29,4.329,0.0,-0.571,1.371,14.6,27.0,0.0,55.5
2018-09-30,4.214,0.0,-0.686,1.486,14.0,21.6,0.0,52.5
2018-10-01,4.1,0.0,-0.8,1.6,13.0,19.7,0.0,55.1
2018-10-02,4.1,0.0,-0.686,1.6,10.3,22.0,9.125,61.4
2018-10-03,4.1,0.0,-0.571,1.6,11.2,24.2,18.25,58.0
2018-10-04,4.1,0.0,-0.457,1.6,13.0,25.6,27.375,56.5
2018-10-05,4.1,0.0,-0.343,1.6,15.7,19.0,36.5,84.1
2018-10-06,4.1,0.0,-0.229,1.6,16.3,21.7,55.5,84.0
2018-10-07,4.1,0.0,-0.114,1.6,12.3,21.1,37.0,53.5
2018-10-08,4.1,0.0,0.0,1.6,9.2,20.9,18.5,47.0
2018-10-09,3.957,0.0,-0.143,1.743,10.7,19.8,0.0,52.5
2018-10-10,3.814,0.0,-0.286,1.886,7.9,16.7,7.0,61.0
2018-10-11,3.671,0.0,-0.429,2.029,6.1,13.9,6.846,51.0
2018-10-12,3.529,0.0,-0.571,2.171,5.2,17.4,6.692,54.0
2018-10-13,3.386,0.0,-0.714,2.314,6.1,19.8,6.538,54.0
2018-10-14,3.243,0.0,-0.857,2.457,6.8,20.3,6.385,60.0
2018-10-15,3.1,0.0,-1.0,2.6,10.9,21.0,6.231,69.9
2018-10-16,3.314,0.643,-0.643,2.386,9.9,20.3,6.077,55.9
2018-10-17,3.529,1.286,-0.286,2.171,8.4,18.6,5.923,53.3
2018-10-18,3.743,1.929,0.071,1.957,7.5,19.0,5.769,59.5
2018-10-19,3.957,2.571,0.429,1.743,7.2,20.4,5.615,54.3
2018-10-20,4.171,3.214,0.786,1.529,6.9,21.4,5.462,53.9
2018-10-21,4.386,3.857,1.143,1.314,7.2,21.1,5.308,49.5
2018-10-22,4.6,4.5,1.5,1.1,8.8,20.6,5.154,50.0
2018-10-23,4.586,4.143,1.271,1.114,9.8,16.9,5.0,75.1
2018-10-24,4.571,3.786,1.043,1.129,7.6,18.7,7.0,66.0
2018-10-25,4.557,3.429,0.814,1.143,7.0,21.2,9.0,55.5
2018-10-26,4.543,3.071,0.586,1.157,9.9,14.7,11.0,74.1
2018-10-27,4.529,2.714,0.357,1.171,6.2,11.6,8.25,49.6
2018-10-28,4.514,2.357,0.129,1.186,5.2,13.5,5.5,77.1
2018-10-29,4.5,2.0,-0.1,1.2,3.4,11.7,0.0,57.3
2018-10-30,4.8,2.243,0.214,0.9,0.7,11.6,0.0,51.3
2018-10-31,5.1,2.486,0.529,0.6,3.0,12.6,0.0,55.4
2018-11-01,5.4,2.729,0.843,0.3,2.5,15.2,0.286,53.4
2018-11-02,5.7,2.971,1.157,0.0,4.0,19.0,0.571,54.9
2018-11-03,6.0,3.214,1.471,-0.3,5.0,19.1,0.857,56.0
2018-11-04,6.3,3.457,1.786,-0.6,5.3,19.4,1.143,55.0
2018-11-05,6.6,3.7,2.1,-0.9,6.6,18.3,1.429,65.5
2018-11-06,7.029,4.514,2.229,-1.2,8.0,17.5,1.714,70.5
2018-11-07,7.457,5.329,2.357,-1.5,10.3,15.7,2.0,79.5
2018-11-08,7.886,6.143,2.486,-1.8,10.5,14.7,64.0,93.8
2018-11-09,8.314,6.957,2.614,-2.1,9.5,15.4,1.0,69.0
2018-11-10,8.743,7.771,2.743,-2.4,8.8,17.1,0.0,69.1
2018-11-11,9.171,8.586,2.871,-2.7,5.4,10.9,0.0,67.6
2018-11-12,9.6,9.4,3.0,-3.0,3.1,15.1,0.022,52.3
2018-11-13,9.971,8.714,2.943,-2.943,4.1,15.4,0.044,51.6
2018-11-14,10.343,8.029,2.886,-2.886,4.8,16.6,0.067,55.5
2018-11-15,10.714,7.343,2.829,-2.829,4.7,16.2,0.089,55.4
2018-11-16,11.086,6.657,2.771,-2.771,4.2,14.5,0.111,65.1
2018-11-17,11.457,5.971,2.714,-2.714,0.6,11.4,0.133,50.8
2018-11-18,11.829,5.286,2.657,-2.657,1.9,10.7,0.156,48.8
2018-11-19,12.2,4.6,2.6,-2.6,3.3,11.3,0.178,50.4
2018-11-20,13.357,8.443,3.386,-3.386,0.0,12.7,0.2,39.9
2018-11-21,14.514,12.286,4.171,-4.171,3.1,8.2,1.0,57.1
2018-11-22,15.671,16.129,4.957,-4.957,-1.3,7.1,4.3,35.0
2018-11-23,16.829,19.971,5.743,-5.743,-3.1,7.6,7.6,29.6
2018-11-24,17.986,23.814,6.529,-6.529,0.3,3.8,10.9,71.1
2018-11-25,19.143,27.657,7.314,-7.314,1.3,9.8,8.72,77.8
2018-11-26,20.3,31.5,8.1,-8.1,1.6,13.6,6.54,70.1
2018-11-27,22.757,30.3,9.4,-9.4,3.1,12.5,4.36,65.0
2018-11-28,25.214,29.1,10.7,-10.7,2.1,11.1,2.18,27.1
2018-11-29,27.671,27.9,12.0,-12.0,0.6,6.7,0.0,41.4
2018-11-30,30.129,26.7,13.3,-13.3,-1.5,8.0,2.375,46.1
2018-12-01,32.586,25.5,14.6,-14.6,0.8,12.4,4.75,42.3
2018-12-02,35.043,24.3,15.9,-15.9,2.8,11.8,7.125,50.1
2018-12-03,37.5,23.1,17.2,-17.2,9.3,13.5,9.5,87.4
2018-12-04,39.986,23.786,17.229,-17.229,-0.3,11.8,5.0,74.9
2018-12-05,42.471,24.471,17.257,-17.257,-4.3,3.4,2.5,39.5
2018-12-06,44.957,25.157,17.286,-17.286,-1.0,6.8,0.0,50.5
2018-12-07,47.443,25.843,17.314,-17.314,-9.6,-1.1,0.186,37.1
2018-12-08,49.929,26.529,17.343,-17.343,-11.4,-4.4,0.371,37.1
2018-12-09,52.414,27.214,17.371,-17.371,-11.8,-2.1,0.557,27.0
2018-12-10,54.9,27.9,17.4,-17.4,-8.1,4.6,0.743,33.3
2018-12-11,58.429,31.757,18.443,-18.443,-2.4,2.9,0.929,44.8
2018-12-12,61.957,35.614,19.486,-19.486,-5.0,2.4,1.114,39.0
2018-12-13,65.486,39.471,20.529,-20.529,-5.9,2.1,1.3,57.4
2018-12-14,69.014,43.329,21.571,-21.571,-7.8,0.6,0.967,44.3
2018-12-15,72.543,47.186,22.614,-22.614,-7.8,3.2,0.633,46.8
2018-12-16,76.071,51.043,23.657,-23.657,-2.6,2.1,0.3,63.8
2018-12-17,79.6,54.9,24.7,-24.7,-1.5,5.9,0.3,60.1
2018-12-18,80.057,54.529,21.4,-21.4,-2.8,7.4,0.29,56.3
2018-12-19,80.514,54.157,18.1,-18.1,1.3,9.5,0.279,53.4
2018-12-20,80.971,53.786,14.8,-14.8,-1.1,10.4,0.269,45.5
2018-12-21,81.429,53.414,11.5,-11.5,0.4,9.8,0.259,40.1
2018-12-22,81.886,53.043,8.2,-8.2,2.9,12.4,0.248,48.9
2018-12-23,82.343,52.671,4.9,-4.9,-3.4,7.5,0.238,43.0
2018-12-24,82.8,52.3,1.6,-1.6,-5.9,3.1,0.228,35.9
2018-12-25,80.3,52.714,-1.129,1.129,-4.0,5.2,0.217,53.4
2018-12-26,77.8,53.129,-3.857,3.857,-7.1,3.0,0.207,40.8
2018-12-27,75.3,53.543,-6.586,6.586,-12.5,-6.5,0.197,28.3
2018-12-28,72.8,53.957,-9.314,9.314,-14.4,-6.6,0.186,33.0
2018-12-29,70.3,54.371,-12.043,12.043,-10.5,-3.0,0.176,29.0
2018-12-30,67.8,54.786,-14.771,14.771,-11.3,-0.9,0.166,35.9
2018-12-31,65.3,55.2,-17.5,17.5,-10.5,-0.5,0.155,39.6
2019-01-01,62.143,54.143,-18.157,20.657,-8.2,-0.6,0.145,49.5
2019-01-02,58.986,53.086,-18.814,23.814,-8.8,0.2,0.134,42.8
2019-01-03,55.829,52.029,-19.471,26.971,-8.4,3.2,0.124,38.8
2019-01-04,52.671,50.971,-20.129,30.129,-6.2,4.1,0.114,55.5
2019-01-05,49.514,49.914,-20.786,33.286,-5.5,1.1,0.103,40.3
2019-01-06,46.357,48.857,-21.443,36.443,-6.3,2.7,0.093,35.0
2019-01-07,43.2,47.8,-22.1,39.6,-6.2,3.1,0.083,46.4
2019-01-08,41.071,45.229,-21.071,41.729,-7.2,0.5,0.072,31.0
2019-01-09,38.943,42.657,-20.043,43.857,-9.4,1.3,0.062,28.8
2019-01-10,36.814,40.086,-19.014,45.986,-4.5,3.0,0.052,48.8
2019-01-11,34.686,37.514,-17.986,48.114,-0.4,7.2,0.041,58.8
2019-01-12,32.557,34.943,-16.957,50.243,-0.6,8.0,0.031,47.6
2019-01-13,30.429,32.371,-15.929,52.371,-3.0,7.6,0.021,54.3
2019-01-14,28.3,29.8,-14.9,54.5,-2.4,5.3,0.01,68.6
2019-01-15,26.971,29.043,-14.1,55.829,-7.2,2.6,0.0,58.8
2019-01-16,25.643,28.286,-13.3,57.157,-10.1,-1.1,0.0,45.9
2019-01-17,24.314,27.529,-12.5,58.486,-3.2,4.0,0.0,45.8
2019-01-18,22.986,26.771,-11.7,59.814,-4.6,6.7,0.0,44.0
2019-01-19,21.657,26.014,-10.9,61.143,0.0,8.5,0.0,59.8
2019-01-20,20.329,25.257,-10.1,62.471,-5.5,4.0,0.0,38.5
2019-01-21,19.0,24.5,-9.3,63.8,-6.7,4.2,0.0,57.8
2019-01-22,18.4,23.0,-8.571,64.4,-3.3,7.1,0.0,62.0
2019-01-23,17.8,21.5,-7.843,65.0,-0.8,7.0,0.0,48.9
2019-01-24,17.2,20.0,-7.114,65.6,-4.6,6.5,0.0,34.9
2019-01-25,16.6,18.5,-6.386,66.2,-3.8,2.6,0.0,27.6
2019-01-26,16.0,17.0,-5.657,66.8,-6.5,2.4,0.0,30.9
2019-01-27,15.4,15.5,-4.929,67.4,-6.6,5.1,0.0,52.5
2019-01-28,14.8,14.0,-4.2,68.0,-2.4,4.5,0.0,40.4
2019-01-29,14.657,13.586,-3.743,68.143,-5.6,7.0,0.075,35.5
2019-01-30,14.514,13.171,-3.286,68.286,-2.8,6.6,0.15,54.6
2019-01-31,14.371,12.757,-2.829,68.429,-6.2,2.3,0.225,29.0
2019-02-01,14.229,12.343,-2.371,68.571,-7.4,2.8,0.3,47.6
2019-02-02,14.086,11.929,-1.914,68.714,-3.2,6.1,0.0,60.0
2019-02-03,13.943,11.514,-1.457,68.857,2.0,4.9,16.0,92.9
2019-02-04,13.8,11.1,-1.0,69.0,-3.3,3.0,12.125,40.4
2019-02-05,13.3,11.257,-1.357,69.5,-3.6,10.1,8.25,37.1
2019-02-06,12.8,11.414,-1.714,70.0,0.1,9.3,4.375,54.9
2019-02-07,12.3,11.571,-2.071,70.5,-8.2,6.3,0.5,45.5
2019-02-08,11.8,11.729,-2.429,71.0,-10.2,-1.3,0.4,31.5
2019-02-09,11.3,11.886,-2.786,71.5,-8.6,-1.9,0.3,30.0
2019-02-10,10.8,12.043,-3.143,72.0,-9.1,-1.9,0.2,31.3
2019-02-11,10.3,12.2,-3.5,72.5,-7.5,2.0,0.1,34.9
2019-02-12,10.343,12.586,-2.957,72.457,-4.1,3.7,0.0,35.5
2019-02-13,10.386,12.971,-2.414,72.414,-5.7,2.5,0.733,26.6
2019-02-14,10.429,13.357,-1.871,72.371,-5.9,6.3,1.467,24.3
2019-02-15,10.471,13.743,-1.329,72.329,-2.9,0.9,2.2,72.8
2019-02-16,10.514,14.129,-0.786,72.286,-5.1,1.5,0.2,59.0
2019-02-17,10.557,14.514,-0.243,72.243,-6.8,4.6,1.667,47.4
2019-02-18,10.6,14.9,0.3,72.2,-4.7,5.9,3.133,43.5
2019-02-19,10.514,14.857,0.171,69.786,0.2,3.0,4.6,80.8
2019-02-20,10.429,14.814,0.043,67.371,-0.1,4.5,0.0,67.8
2019-02-21,10.343,14.771,-0.086,64.957,-2.6,9.0,0.0,59.4
2019-02-22,10.257,14.729,-0.214,62.543,-1.6,10.8,0.0,56.1
2019-02-23,10.171,14.686,-0.343,60.129,0.5,14.5,0.0,41.0
2019-02-24,10.086,14.643,-0.471,57.714,1.2,13.7,0.0,45.0
2019-02-25,10.0,14.6,-0.6,55.3,1.3,10.2,0.0,55.8
2019-02-26,10.086,15.2,-0.429,52.057,-1.5,12.0,0.0,32.8
2019-02-27,10.171,15.8,-0.257,48.814,4.7,14.0,0.0,31.3
2019-02-28,10.257,16.4,-0.086,45.571,2.0,12.8,0.0,39.5
2019-03-01,10.343,17.0,0.086,42.329,1.2,13.0,0.0,42.3
2019-03-02,10.429,17.6,0.257,39.086,1.3,14.7,0.0,37.6
2019-03-03,10.514,18.2,0.429,35.843,2.5,16.1,0.0,36.4
2019-03-04,10.6,18.8,0.6,32.6,5.0,16.3,0.0,46.1
2019-03-05,10.671,19.614,0.586,30.4,5.6,12.9,0.0,66.3
2019-03-06,10.743,20.429,0.571,28.2,5.7,12.4,0.0,55.0
2019-03-07,10.814,21.243,0.557,26.0,3.1,12.7,0.0,51.1
2019-03-08,10.886,22.057,0.543,23.8,0.6,13.4,0.0,39.4
2019-03-09,10.957,22.871,0.529,21.6,-0.4,14.9,0.0,31.8
2019-03-10,11.029,23.686,0.514,19.4,6.7,15.3,0.0,26.4
2019-03-11,11.1,24.5,0.5,17.2,3.5,10.0,0.0,61.0
2019-03-12,12.157,22.686,1.486,14.814,-0.3,7.9,0.0,55.1
2019-03-13,13.214,20.871,2.471,12.429,-0.4,8.5,0.0,38.5
2019-03-14,14.271,19.057,3.457,10.043,-1.7,10.0,0.0,45.3
2019-03-15,15.329,17.243,4.443,7.657,1.6,11.3,3.5,72.8
2019-03-16,16.386,15.429,5.429,5.271,0.2,9.2,6.1,69.9
2019-03-17,17.443,13.614,6.414,2.886,2.6,12.4,8.7,55.4
2019-03-18,18.5,11.8,7.4,0.5,1.4,14.4,11.3,43.8
2019-03-19,18.957,14.8,6.8,-0.029,3.4,16.7,13.9,52.0
2019-03-20,19.414,17.8,6.2,-0.557,7.1,14.6,16.5,79.0
2019-03-21,19.871,20.8,5.6,-1.086,1.9,11.1,3.3,77.4
2019-03-22,20.329,23.8,5.0,-1.614,-0.7,8.3,2.5,40.9
2019-03-23,20.786,26.8,4.4,-2.143,-0.4,8.2,1.7,46.9
2019-03-24,21.243,29.8,3.8,-2.671,-0.8,9.7,1.714,45.4
2019-03-25,21.7,32.8,3.2,-3.2,2.9,11.5,1.729,56.1
2019-03-26,22.243,32.543,3.286,-3.286,7.4,17.6,1.743,51.1
2019-03-27,22.786,32.286,3.371,-3.371,8.9,16.2,1.757,66.4
2019-03-28,23.329,32.029,3.457,-3.457,5.6,14.6,1.771,49.9
2019-03-29,23.871,31.771,3.543,-3.543,5.5,15.1,1.786,33.1
2019-03-30,24.414,31.514,3.629,-3.629,3.5,8.4,1.8,72.0
2019-03-31,24.957,31.257,3.714,-3.714,2.6,8.4,0.0,46.0
2019-04-01,25.5,31.0,3.8,-3.8,0.3,11.3,0.0,39.8
2019-04-02,26.586,32.2,4.343,-4.343,1.3,13.0,0.0,36.9
2019-04-03,27.671,33.4,4.886,-4.886,1.9,13.6,0.0,36.1
2019-04-04,28.757,34.6,5.429,-5.429,3.0,15.7,0.0,43.0
2019-04-05,29.843,35.8,5.971,-5.971,7.0,17.2,0.0,41.0
2019-04-06,30.929,37.0,6.514,-6.514,5.9,12.2,0.8,39.9
2019-04-07,32.014,38.2,7.057,-7.057,5.6,20.3,6.333,43.1
2019-04-08,33.1,39.4,7.6,-7.6,7.6,17.2,11.867,25.6
2019-04-09,33.029,39.129,6.443,-6.443,4.7,13.9,17.4,49.1
2019-04-10,32.957,38.857,5.286,-5.286,4.7,10.2,5.6,78.4
2019-04-11,32.886,38.586,4.129,-4.129,4.3,15.7,4.625,58.0
2019-04-12,32.814,38.314,2.971,-2.971,5.5,18.4,3.65,48.5
2019-04-13,32.743,38.043,1.814,-1.814,6.2,17.9,2.675,34.0
2019-04-14,32.671,37.771,0.657,-0.657,6.9,13.6,1.7,45.5
2019-04-15,32.6,37.5,-0.5,0.5,3.9,18.1,1.275,30.9
2019-04-16,27.943,35.714,-5.086,5.157,6.8,22.6,0.85,26.3
2019-04-17,23.286,33.929,-9.671,9.814,9.1,21.8,0.425,37.5
2019-04-18,18.629,32.143,-14.257,14.471,10.4,16.2,0.0,74.4
2019-04-19,13.971,30.357,-18.843,19.129,9.6,19.7,0.6,57.5
2019-04-20,9.314,28.571,-23.429,23.786,9.7,19.1,1.2,66.9
2019-04-21,4.657,26.786,-28.014,28.443,12.2,20.2,0.3,77.8
2019-04-22,0.0,25.0,-32.6,33.1,10.7,28.2,0.15,50.6
2019-04-23,2.8,24.0,-25.143,30.3,15.3,25.5,0.0,52.0
2019-04-24,5.6,23.0,-17.686,27.5,15.8,25.9,4.1,70.4
2019-04-25,8.4,22.0,-10.229,24.7,9.4,17.2,11.3,75.9
2019-04-26,11.2,21.0,-2.771,21.9,6.2,9.9,4.9,82.1
2019-04-27,14.0,20.0,4.686,19.1,4.1,18.2,2.45,52.6
2019-04-28,16.8,19.0,12.143,16.3,9.9,16.6,0.0,48.8
2019-04-29,19.6,18.0,19.6,13.5,8.3,17.3,0.0,52.9
2019-04-30,18.757,17.214,15.957,14.343,9.0,22.5,0.0,52.8
2019-05-01,17.914,16.429,12.314,15.186,11.2,22.2,0.0,48.9
2019-05-02,17.071,15.643,8.671,16.029,10.6,25.3,0.0,28.5
2019-05-03,16.229,14.857,5.029,16.871,10.1,26.1,0.0,37.5
2019-05-04,15.386,14.071,1.386,17.714,12.0,27.4,0.0,40.4
2019-05-05,14.543,13.286,-2.257,18.557,13.6,26.5,0.0,35.8
2019-05-06,13.7,12.5,-5.9,19.4,9.8,19.8,0.0,27.1
2019-05-07,12.957,11.029,-5.8,20.143,8.4,21.9,0.0,33.4
2019-05-08,12.214,9.557,-5.7,20.886,10.1,21.3,0.0,48.3
2019-05-09,11.471,8.086,-5.6,21.629,11.7,22.9,0.0,43.3
2019-05-10,10.729,6.614,-5.5,22.371,10.3,26.8,0.0,48.0
2019-05-11,9.986,5.143,-5.4,23.114,13.2,28.3,0.0,39.0
2019-05-12,9.243,3.671,-5.3,23.857,14.7,28.9,0.0,36.0
2019-05-13,8.5,2.2,-5.2,24.6,15.5,22.8,0.0,43.4
2019-05-14,8.2,3.186,-4.757,24.9,12.9,26.9,0.0,44.5
2019-05-15,7.9,4.171,-4.314,25.2,14.8,28.0,0.0,48.1
2019-05-16,7.6,5.157,-3.871,25.5,16.7,30.0,0.0,43.8
2019-05-17,7.3,6.143,-3.429,25.8,17.6,28.3,0.0,44.9
2019-05-18,7.0,7.129,-2.986,26.1,19.1,25.9,0.0,46.8
2019-05-19,6.7,8.114,-2.543,26.4,17.9,21.6,22.0,93.0
2019-05-20,6.4,9.1,-2.1,26.7,13.0,20.2,8.7,63.6
2019-05-21,6.143,8.443,-2.057,26.957,11.7,23.8,8.471,52.0
2019-05-22,5.886,7.786,-2.014,27.214,12.3,26.5,8.243,46.0
2019-05-23,5.629,7.129,-1.971,27.471,15.0,29.2,8.014,45.0
2019-05-24,5.371,6.471,-1.929,27.729,16.2,33.4,7.786,46.4
2019-05-25,5.114,5.814,-1.886,27.986,18.4,28.6,7.557,45.6
2019-05-26,4.857,5.157,-1.843,28.243,18.6,31.1,7.329,39.0
2019-05-27,4.6,4.5,-1.8,28.5,14.3,22.3,7.1,80.9
2019-05-28,4.557,3.857,-1.586,28.543,11.9,24.6,4.733,45.9
2019-05-29,4.514,3.214,-1.371,28.586,13.3,26.5,2.367,48.4
2019-05-30,4.471,2.571,-1.157,28.629,14.6,24.5,0.0,48.0
2019-05-31,4.429,1.929,-0.943,28.671,16.1,23.3,1.071,49.6
2019-06-01,4.386,1.286,-0.729,28.714,14.8,23.7,2.143,60.5
2019-06-02,4.343,0.643,-0.514,28.757,14.1,27.8,3.214,42.1
2019-06-03,4.3,0.0,-0.3,28.8,16.0,29.5,4.286,42.9
2019-06-04,4.314,0.329,-0.243,28.714,17.6,29.0,5.357,56.4
2019-06-05,4.329,0.657,-0.186,28.629,17.8,29.6,6.429,63.8
2019-06-06,4.343,0.986,-0.129,28.543,18.6,25.1,7.5,75.9
2019-06-07,4.357,1.314,-0.071,28.457,17.0,24.7,35.3,77.3
2019-06-08,4.371,1.643,-0.014,28.371,16.0,27.6,18.9,57.5
2019-06-09,4.386,1.971,0.043,28.286,17.1,26.5,2.5,66.1
2019-06-10,4.4,2.3,0.1,28.2,15.7,21.9,9.5,70.3
2019-06-11,4.286,1.971,-0.029,26.457,15.5,26.1,8.02,51.1
2019-06-12,4.171,1.643,-0.157,24.714,16.1,26.4,6.54,57.1
2019-06-13,4.057,1.314,-0.286,22.971,16.6,28.8,5.06,51.9
2019-06-14,3.943,0.986,-0.414,21.229,19.1,28.4,3.58,54.8
2019-06-15,3.829,0.657,-0.543,19.486,17.9,27.4,2.1,61.5
2019-06-16,3.714,0.329,-0.671,17.743,16.1,27.2,1.05,55.4
2019-06-17,3.6,0.0,-0.8,16.0,18.1,26.2,0.0,59.1
2019-06-18,3.471,0.0,-0.814,16.129,17.0,24.8,13.8,78.6
2019-06-19,3.343,0.0,-0.829,16.257,18.9,25.4,0.2,77.8
2019-06-20,3.214,0.0,-0.843,16.386,19.8,27.8,0.2,70.6
2019-06-21,3.086,0.0,-0.857,16.514,19.4,26.1,0.2,72.9
2019-06-22,2.957,0.0,-0.871,16.643,17.7,30.6,0.16,42.3
2019-06-23,2.829,0.0,-0.886,16.771,19.1,31.0,0.12,40.4
2019-06-24,2.7,0.0,-0.9,16.9,20.9,30.9,0.08,46.9
2019-06-25,2.814,0.0,-0.657,15.943,19.5,32.8,0.04,49.1
2019-06-26,2.929,0.0,-0.414,14.986,20.7,29.5,0.0,52.6
2019-06-27,3.043,0.0,-0.171,14.029,21.9,31.2,1.4,70.5
2019-06-28,3.157,0.0,0.071,13.071,22.3,29.0,0.0,67.3
2019-06-29,3.271,0.0,0.314,12.114,19.6,27.7,1.5,72.0
2019-06-30,3.386,0.0,0.557,11.157,20.9,28.5,0.0,73.5
2019-07-01,3.5,0.0,0.8,10.2,20.6,28.9,0.0,64.4
2019-07-02,3.529,0.0,0.714,9.429,20.8,30.1,0.0,63.5
2019-07-03,3.557,0.0,0.629,8.657,21.2,27.4,0.0,64.6
2019-07-04,3.586,0.0,0.543,7.886,20.0,32.8,0.0,59.6
2019-07-05,3.614,0.0,0.457,7.114,20.2,35.0,0.0,42.1
2019-07-06,3.643,0.0,0.371,6.343,24.6,36.1,1.7,40.9
2019-07-07,3.671,0.0,0.286,5.571,22.7,32.5,3.4,43.3
2019-07-08,3.7,0.0,0.2,4.8,21.2,31.0,5.1,46.6
2019-07-09,3.629,0.0,0.1,4.571,19.7,30.0,6.8,46.4
2019-07-10,3.557,0.0,0.0,4.343,19.3,27.3,8.5,64.1
2019-07-11,3.486,0.0,-0.1,4.114,19.5,25.9,2.9,76.9
2019-07-12,3.414,0.0,-0.2,3.886,20.0,28.7,1.45,65.5
2019-07-13,3.343,0.0,-0.3,3.657,22.1,29.7,0.0,67.3
2019-07-14,3.271,0.0,-0.4,3.429,21.2,31.6,3.85,64.6
2019-07-15,3.2,0.0,-0.5,3.2,22.1,27.4,7.7,80.0
2019-07-16,3.329,0.0,-0.3,2.814,21.4,28.8,6.3,79.0
2019-07-17,3.457,0.0,-0.1,2.429,22.3,29.2,0.7,73.9
2019-07-18,3.586,0.0,0.1,2.043,23.3,32.1,0.35,65.0
2019-07-19,3.714,0.0,0.3,1.657,22.8,35.0,0.0,61.3
2019-07-20,3.843,0.0,0.5,1.271,25.1,31.9,1.1,66.9
2019-07-21,3.971,0.0,0.7,0.886,24.2,27.0,6.2,87.1
2019-07-22,4.1,0.0,0.9,0.5,24.2,31.0,0.1,74.6
2019-07-23,4.043,0.0,0.714,0.529,24.4,32.9,0.55,70.8
2019-07-24,3.986,0.0,0.529,0.557,25.2,27.2,1.0,82.3
2019-07-25,3.929,0.0,0.343,0.586,25.6,27.4,9.7,90.1
2019-07-26,3.871,0.0,0.157,0.614,23.7,25.9,60.0,95.3
2019-07-27,3.814,0.0,-0.029,0.643,24.9,33.4,0.6,76.6
2019-07-28,3.757,0.0,-0.214,0.671,25.0,28.2,25.6,88.3
2019-07-29,3.7,0.0,-0.4,0.7,25.6,30.0,0.5,74.5
2019-07-30,3.7,0.0,-0.343,0.7,26.3,30.8,1.2,75.3
2019-07-31,3.7,0.0,-0.286,0.7,24.0,27.5,62.3,91.1
2019-08-01,3.7,0.0,-0.229,0.7,23.5,30.1,26.9,86.4
2019-08-02,3.7,0.0,-0.171,0.7,24.7,33.1,14.95,74.6
2019-08-03,3.7,0.0,-0.114,0.7,25.6,36.0,3.0,69.0
2019-08-04,3.7,0.0,-0.057,0.7,25.0,34.4,8.6,75.9
2019-08-05,3.7,0.0,0.0,0.7,25.6,35.9,8.4,65.5
2019-08-06,3.671,0.0,-0.029,0.686,27.9,36.8,8.2,51.4
2019-08-07,3.643,0.0,-0.057,0.671,23.9,30.3,8.0,78.1
2019-08-08,3.614,0.0,-0.086,0.657,25.9,32.7,0.0,71.4
2019-08-09,3.586,0.0,-0.114,0.643,26.0,34.6,2.233,69.0
2019-08-10,3.557,0.0,-0.143,0.629,26.6,36.5,4.467,57.9
2019-08-11,3.529,0.0,-0.171,0.614,26.3,35.7,6.7,53.6
2019-08-12,3.5,0.0,-0.2,0.6,24.8,28.5,56.2,91.8
2019-08-13,3.571,0.0,-0.1,0.529,25.1,35.3,6.4,76.9
2019-08-14,3.643,0.0,-0.0,0.457,25.9,35.7,11.3,63.9
2019-08-15,3.714,0.0,0.1,0.386,23.9,28.6,16.2,82.0
2019-08-16,3.786,0.0,0.2,0.314,23.0,29.5,0.1,74.5
2019-08-17,3.857,0.0,0.3,0.243,23.4,28.8,0.0,69.5
2019-08-18,3.929,0.0,0.4,0.171,22.6,30.7,0.325,66.5
2019-08-19,4.0,0.0,0.5,0.1,21.2,31.3,0.65,60.6
2019-08-20,3.857,0.0,0.286,0.243,23.2,32.8,0.975,56.3
2019-08-21,3.714,0.0,0.071,0.386,24.4,30.4,1.3,67.3
2019-08-22,3.571,0.0,-0.143,0.529,23.0,31.4,4.417,66.5
2019-08-23,3.429,0.0,-0.357,0.671,22.7,30.5,7.533,58.4
2019-08-24,3.286,0.0,-0.571,0.814,21.5,27.3,10.65,60.9
2019-08-25,3.143,0.0,-0.786,0.957,20.2,29.9,13.767,66.6
2019-08-26,3.0,0.0,-1.0,1.1,21.5,32.1,16.883,63.8
2019-08-27,3.086,0.0,-0.771,1.014,22.2,29.3,20.0,71.1
2019-08-28,3.171,0.0,-0.543,0.929,23.6,30.2,28.45,66.2
2019-08-29,3.257,0.0,-0.314,0.843,20.1,26.4,36.9,77.1
2019-08-30,3.343,0.0,-0.086,0.757,19.5,27.0,0.2,66.3
2019-08-31,3.429,0.0,0.143,0.671,18.5,28.9,0.15,65.0
2019-09-01,3.514,0.0,0.371,0.586,19.2,27.8,0.1,64.0
2019-09-02,3.6,0.0,0.6,0.5,19.4,29.7,0.05,56.6
2019-09-03,3.6,0.0,0.514,0.5,22.0,28.0,0.0,67.6
2019-09-04,3.6,0.0,0.429,0.5,21.2,25.5,22.7,89.0
2019-09-05,3.6,0.0,0.343,0.5,21.5,27.6,36.4,91.4
2019-09-06,3.6,0.0,0.257,0.5,21.6,29.1,2.4,79.8
2019-09-07,3.6,0.0,0.171,0.5,22.6,29.5,2.8,72.9
2019-09-08,3.6,0.0,0.086,0.5,22.9,27.3,0.0,76.9
2019-09-09,3.6,0.0,0.0,0.5,22.4,28.0,0.0,74.3
2019-09-10,3.629,0.0,0.029,0.471,22.1,26.5,63.2,93.4
2019-09-11,3.657,0.0,0.057,0.443,20.4,28.7,7.6,71.4
2019-09-12,3.686,0.0,0.086,0.414,18.7,22.9,3.9,72.3
2019-09-13,3.714,0.0,0.114,0.386,18.3,29.3,0.1,60.4
2019-09-14,3.743,0.0,0.143,0.357,20.8,24.1,0.3,80.0
2019-09-15,3.771,0.0,0.171,0.329,19.5,30.0,0.312,70.4
2019-09-16,3.8,0.0,0.2,0.3,20.7,30.5,0.325,53.0
2019-09-17,3.786,0.286,0.157,0.3,18.0,29.0,0.338,41.6
2019-09-18,3.771,0.571,0.114,0.3,16.0,25.4,0.35,46.0
2019-09-19,3.757,0.857,0.071,0.3,13.6,26.0,0.363,46.5
2019-09-20,3.743,1.143,0.029,0.3,15.8,24.2,0.375,52.8
2019-09-21,3.729,1.429,-0.014,0.3,18.3,22.1,0.388,60.3
2019-09-22,3.714,1.714,-0.057,0.3,17.3,19.6,0.4,63.4
2019-09-23,3.7,2.0,-0.1,0.3,16.9,24.6,2.67,51.1
2019-09-24,3.743,1.714,-0.043,0.257,13.9,26.5,4.94,61.3
2019-09-25,3.786,1.429,0.014,0.214,14.8,27.4,7.21,64.4
2019-09-26,3.829,1.143,0.071,0.171,17.7,29.0,9.48,59.3
2019-09-27,3.871,0.857,0.129,0.129,19.6,27.0,11.75,57.5
2019-09-28,3.914,0.571,0.186,0.086,19.4,29.2,14.02,58.9
2019-09-29,3.957,0.286,0.243,0.043,17.9,28.6,16.29,60.6
2019-09-30,4.0,0.0,0.3,0.0,16.4,29.9,18.56,61.0
2019-10-01,4.229,0.314,0.486,-0.229,17.6,28.2,20.83,67.1
2019-10-02,4.457,0.629,0.671,-0.457,20.0,24.2,23.1,88.0
2019-10-03,4.686,0.943,0.857,-0.686,19.8,27.3,4.6,73.4
2019-10-04,4.914,1.257,1.043,-0.914,18.0,27.8,2.6,71.5
2019-10-05,5.143,1.571,1.229,-1.143,14.7,21.9,0.6,72.6
2019-10-06,5.371,1.886,1.414,-1.371,13.2,22.7,13.0,53.4
2019-10-07,5.6,2.2,1.6,-1.6,13.3,17.9,25.4,92.0
2019-10-08,5.757,1.886,1.529,-1.529,10.6,19.8,23.989,58.8
2019-10-09,5.914,1.571,1.457,-1.457,7.7,20.4,22.578,48.3
2019-10-10,6.071,1.257,1.386,-1.386,10.7,19.8,21.167,60.9
2019-10-11,6.229,0.943,1.314,-1.314,13.0,26.1,19.756,60.0
2019-10-12,6.386,0.629,1.243,-1.243,13.3,23.3,18.344,49.3
2019-10-13,6.543,0.314,1.171,-1.171,12.1,23.8,16.933,52.6
2019-10-14,6.7,0.0,1.1,-1.1,9.5,19.6,15.522,56.9
2019-10-15,6.443,0.0,0.686,-0.686,8.8,20.4,14.111,55.6
2019-10-16,6.186,0.0,0.271,-0.271,9.0,20.8,12.7,58.3
2019-10-17,5.929,0.0,-0.143,0.143,11.2,21.6,11.289,56.0
2019-10-18,5.671,0.0,-0.557,0.557,12.0,22.7,9.878,58.3
2019-10-19,5.414,0.0,-0.971,0.971,12.1,23.1,8.467,63.8
2019-10-20,5.157,0.0,-1.386,1.386,12.0,22.9,7.056,70.3
2019-10-21,4.9,0.0,-1.8,1.8,10.9,24.6,5.644,61.0
2019-10-22,4.929,0.0,-1.514,1.771,13.3,24.4,4.233,56.1
2019-10-23,4.957,0.0,-1.229,1.743,14.3,20.7,2.822,57.3
2019-10-24,4.986,0.0,-0.943,1.714,15.3,23.8,1.411,47.6
2019-10-25,5.014,0.0,-0.657,1.686,13.1,22.0,0.0,58.0
2019-10-26,5.043,0.0,-0.371,1.657,6.6,14.9,0.567,60.0
2019-10-27,5.071,0.0,-0.086,1.629,4.7,17.4,1.133,59.0
2019-10-28,5.1,0.0,0.2,1.6,7.4,17.7,1.7,65.9
2019-10-29,5.214,0.771,0.286,1.486,8.2,17.6,0.1,61.0
2019-10-30,5.329,1.543,0.371,1.371,5.0,17.7,1.075,60.3
2019-10-31,5.443,2.314,0.457,1.257,8.4,19.7,2.05,73.8
2019-11-01,5.557,3.086,0.543,1.143,11.4,20.5,3.025,57.9
2019-11-02,5.671,3.857,0.629,1.029,8.3,18.7,4.0,57.3
2019-11-03,5.786,4.629,0.714,0.914,9.4,22.1,4.975,57.8
2019-11-04,5.9,5.4,0.8,0.8,9.2,20.3,5.95,57.8
2019-11-05,6.057,4.957,0.843,0.643,8.4,18.4,6.925,65.1
2019-11-06,6.214,4.514,0.886,0.486,6.3,16.5,7.9,63.6
2019-11-07,6.371,4.071,0.929,0.329,5.0,13.6,8.875,42.8
2019-11-08,6.529,3.629,0.971,0.171,1.1,13.0,9.85,31.4
2019-11-09,6.686,3.186,1.014,0.014,3.5,17.2,10.825,41.4
2019-11-10,6.843,2.743,1.057,-0.143,6.2,15.3,11.8,59.6
2019-11-11,7.0,2.3,1.1,-0.3,7.9,15.1,1.1,71.6
2019-11-12,7.343,4.043,1.286,-0.6,4.8,14.5,4.3,63.6
2019-11-13,7.686,5.786,1.471,-0.9,3.0,11.3,7.5,72.3
2019-11-14,8.029,7.529,1.657,-1.2,-2.5,5.0,13.15,30.6
2019-11-15,8.371,9.271,1.843,-1.5,1.4,7.6,18.8,87.4
2019-11-16,8.714,11.014,2.029,-1.8,3.8,12.7,19.95,81.3
2019-11-17,9.057,12.757,2.214,-2.1,5.6,10.5,21.1,79.4
2019-11-18,9.4,14.5,2.4,-2.4,0.4,12.7,14.7,59.8
2019-11-19,9.4,13.986,2.057,-2.057,-3.5,4.0,0.0,48.0
2019-11-20,9.4,13.471,1.714,-1.714,-4.6,6.3,0.76,35.5
2019-11-21,9.4,12.957,1.371,-1.371,-2.3,9.0,1.52,37.4
2019-11-22,9.4,12.443,1.029,-1.029,3.0,17.3,2.28,34.1
2019-11-23,9.4,11.929,0.686,-0.686,7.7,17.7,3.04,52.0
2019-11-24,9.4,11.414,0.343,-0.343,4.6,15.6,3.8,74.6
2019-11-25,9.4,10.9,0.0,0.0,-1.2,6.0,3.729,62.1
2019-11-26,10.486,10.986,1.086,-1.086,1.2,13.7,3.657,64.0
2019-11-27,11.571,11.071,2.171,-2.171,0.3,6.8,3.586,50.8
2019-11-28,12.657,11.157,3.257,-3.257,-0.6,10.4,3.514,52.4
2019-11-29,13.743,11.243,4.343,-4.343,-3.4,6.9,3.443,42.8
2019-11-30,14.829,11.329,5.429,-5.429,-1.4,9.3,3.371,42.6
2019-12-01,15.914,11.414,6.514,-6.514,2.3,6.2,3.3,79.4
2019-12-02,17.0,11.5,7.6,-7.6,-3.2,2.8,1.95,48.0
2019-12-03,18.043,11.929,7.557,-7.557,-5.0,4.2,0.6,61.3
2019-12-04,19.086,12.357,7.514,-7.514,-2.0,7.2,0.0,41.6
2019-12-05,20.129,12.786,7.471,-7.471,-8.5,-0.2,0.033,31.9
2019-12-06,21.171,13.214,7.429,-7.429,-10.6,-1.0,0.067,34.5
2019-12-07,22.214,13.643,7.386,-7.386,-5.5,1.2,0.1,65.0
2019-12-08,23.257,14.071,7.343,-7.343,-5.5,4.9,0.05,65.1
2019-12-09,24.3,14.5,7.3,-7.3,-1.3,8.0,0.0,56.8
2019-12-10,25.886,16.0,7.843,-7.843,6.0,10.8,1.7,82.3
2019-12-11,27.471,17.5,8.386,-8.386,0.1,9.8,0.2,62.0
2019-12-12,29.057,19.0,8.929,-8.929,-3.5,3.4,0.6,45.4
2019-12-13,30.643,20.5,9.471,-9.471,-3.7,5.9,1.0,53.6
2019-12-14,32.229,22.0,10.014,-10.014,-0.1,6.4,0.0,58.3
2019-12-15,33.814,23.5,10.557,-10.557,0.4,11.0,3.267,52.5
2019-12-16,35.4,25.0,11.1,-11.1,2.1,12.9,6.533,58.9
2019-12-17,37.3,26.743,10.464,-10.464,3.2,10.2,9.8,81.4
2019-12-18,39.2,28.486,9.829,-9.829,-1.7,5.2,4.9,64.6
2019-12-19,41.1,30.229,9.193,-9.193,-4.5,3.1,0.0,47.8
2019-12-20,43.0,31.971,8.557,-8.557,-3.5,2.0,0.0,45.3
2019-12-21,44.9,33.714,7.921,-7.921,-5.1,1.5,0.6,68.1
2019-12-22,46.8,35.457,7.286,-7.286,0.3,8.4,0.3,63.4
2019-12-23,48.7,37.2,6.65,-6.65,0.3,5.2,2.9,80.4
2019-12-24,49.614,39.029,6.614,-6.614,-2.9,6.5,2.033,67.9
2019-12-25,50.529,40.857,6.579,-6.579,-2.7,6.6,1.167,60.8
2019-12-26,51.443,42.686,6.543,-6.543,-2.4,4.1,0.3,59.0
2019-12-27,52.357,44.514,6.507,-6.507,-4.6,2.6,0.667,45.4
2019-12-28,53.271,46.343,6.471,-6.471,-3.6,6.1,1.033,47.6
2019-12-29,54.186,48.171,6.436,-6.436,1.1,6.2,1.4,52.5
2019-12-30,55.1,50.0,6.4,-6.4,-5.7,6.8,0.4,70.3
2019-12-31,55.986,49.0,6.371,-6.371,-10.9,-4.5,0.0,39.3
2020-01-01,56.871,48.0,6.343,-6.343,-6.5,0.3,0.1,64.4
2020-01-02,57.757,47.0,6.314,-6.314,-0.7,3.8,0.44,65.4
2020-01-03,58.643,46.0,6.286,-6.286,-3.4,4.6,0.78,56.9
2020-01-04,59.529,45.0,6.257,-6.257,-2.8,6.1,1.12,50.8
2020-01-05,60.414,44.0,6.229,-6.229,-3.2,6.6,1.46,45.6
2020-01-06,61.3,43.0,6.2,-6.2,0.6,4.6,1.8,65.4
2020-01-07,59.414,42.771,3.429,-3.429,4.2,7.7,46.3,95.0
2020-01-08,57.529,42.543,0.657,-0.657,-0.4,8.9,11.6,86.1
2020-01-09,55.643,42.314,-2.114,2.114,-3.1,2.0,10.6,65.3
2020-01-10,53.757,42.086,-4.886,4.886,-4.3,4.2,9.6,62.9
2020-01-11,51.871,41.857,-7.657,7.657,-2.6,3.9,8.6,60.9
2020-01-12,49.986,41.629,-10.429,10.429,-3.5,2.8,7.6,61.5
2020-01-13,48.1,41.4,-13.2,13.2,-4.7,0.2,6.6,51.0
2020-01-14,47.871,43.471,-11.543,13.429,-5.7,2.6,5.6,45.3
2020-01-15,47.643,45.543,-9.886,13.657,-6.4,2.2,4.6,44.8
2020-01-16,47.414,47.614,-8.229,13.886,-5.5,3.2,3.6,43.0
2020-01-17,47.186,49.686,-6.571,14.114,-4.8,4.9,2.6,43.9
2020-01-18,46.957,51.757,-4.914,14.343,-4.1,5.9,1.6,48.1
2020-01-19,46.729,53.829,-3.257,14.571,-0.4,5.3,0.6,62.8
2020-01-20,46.5,55.9,-1.6,14.8,-3.3,5.5,0.538,46.8
2020-01-21,44.5,54.257,-3.371,16.8,-5.6,5.5,0.475,36.9
2020-01-22,42.5,52.614,-5.143,18.8,-0.1,7.8,0.412,36.0
2020-01-23,40.5,50.971,-6.914,20.8,0.0,9.9,0.35,49.3
2020-01-24,38.5,49.329,-8.686,22.8,-1.3,7.4,0.288,63.0
2020-01-25,36.5,47.686,-10.457,24.8,0.6,8.8,0.225,63.1
2020-01-26,34.5,46.043,-12.229,26.8,-0.2,11.9,0.162,56.3
2020-01-27,32.5,44.4,-14.0,28.8,4.8,7.5,0.1,48.1
2020-01-28,30.414,39.843,-14.086,30.886,4.3,9.9,0.0,49.4
2020-01-29,28.329,35.286,-14.171,32.971,3.2,9.6,0.0,46.4
2020-01-30,26.243,30.729,-14.257,35.057,1.4,10.4,0.0,47.0
2020-01-31,24.157,26.171,-14.343,37.143,1.4,8.9,0.0,59.6
2020-02-01,22.071,21.614,-14.429,39.229,-1.2,7.6,0.0,66.6
2020-02-02,19.986,17.057,-14.514,41.314,-2.1,5.3,0.0,52.3
2020-02-03,17.9,12.5,-14.6,43.4,-2.9,3.0,0.0,43.6
2020-02-04,16.943,11.257,-13.471,44.357,-6.0,3.9,1.7,50.3
2020-02-05,15.986,10.014,-12.343,45.314,-11.0,-4.9,1.133,37.3
2020-02-06,15.029,8.771,-11.214,46.271,-11.8,0.4,0.567,36.4
2020-02-07,14.071,7.529,-10.086,47.229,-7.2,2.2,0.0,45.1
2020-02-08,13.114,6.286,-8.957,48.186,-2.3,3.7,0.0,48.1
2020-02-09,12.157,5.043,-7.829,49.143,-5.6,4.1,0.0,51.1
2020-02-10,11.2,3.8,-6.7,50.1,-0.7,9.6,0.0,49.4
2020-02-11,10.843,3.6,-6.1,50.457,-0.5,14.6,3.35,37.0
2020-02-12,10.486,3.4,-5.5,50.814,6.5,8.2,6.7,73.4
2020-02-13,10.129,3.2,-4.9,51.171,4.9,8.7,5.133,84.8
2020-02-14,9.771,3.0,-4.3,51.529,3.2,14.7,3.567,70.3
2020-02-15,9.414,2.8,-3.7,51.886,6.2,15.6,2.0,63.0
2020-02-16,9.057,2.6,-3.1,52.243,-4.3,7.7,13.4,81.1
2020-02-17,8.7,2.4,-2.5,52.6,-7.1,-3.9,1.0,64.3
2020-02-18,8.329,2.057,-2.514,52.971,-8.3,1.3,1.8,44.0
2020-02-19,7.957,1.714,-2.529,53.343,-4.4,6.4,2.6,56.8
2020-02-20,7.586,1.371,-2.543,53.714,-0.6,10.8,3.4,62.6
2020-02-21,7.214,1.029,-2.557,54.086,2.1,10.9,4.2,66.3
2020-02-22,6.843,0.686,-2.571,54.457,0.0,7.9,3.1,62.0
2020-02-23,6.471,0.343,-2.586,54.829,-2.5,8.0,7.6,48.6
2020-02-24,6.1,0.0,-2.6,55.2,0.8,12.2,12.1,51.8
2020-02-25,5.814,0.0,-2.514,55.486,4.7,9.4,16.6,73.5
2020-02-26,5.529,0.0,-2.429,55.771,2.8,10.4,0.0,59.6
2020-02-27,5.243,0.0,-2.343,56.057,1.3,12.5,1.95,54.0
2020-02-28,4.957,0.0,-2.257,56.343,3.6,5.9,3.9,79.4
2020-02-29,4.671,0.0,-2.171,56.629,4.5,13.0,0.5,68.6
2020-03-01,4.386,0.0,-2.086,56.914,3.2,10.1,0.2,71.8
2020-03-02,4.1,0.0,-2.0,57.2,0.0,7.6,0.0,55.3
2020-03-03,4.014,0.0,-1.8,55.4,0.3,10.5,0.0,57.0
2020-03-04,3.929,0.0,-1.6,53.6,-1.3,4.6,0.0,53.4
2020-03-05,3.843,0.0,-1.4,51.8,-2.8,6.3,1.967,47.5
2020-03-06,3.757,0.0,-1.2,50.0,-2.5,10.1,3.933,46.8
2020-03-07,3.671,0.0,-1.0,48.2,1.3,14.2,5.9,39.5
2020-03-08,3.586,0.0,-0.8,46.4,2.3,16.9,7.867,43.8
2020-03-09,3.5,0.0,-0.6,44.6,4.8,17.6,9.833,37.6
2020-03-10,3.629,0.0,-0.386,44.243,3.2,10.8,11.8,78.4
2020-03-11,3.757,0.0,-0.171,43.886,0.0,8.3,8.033,41.8
2020-03-12,3.886,0.0,0.043,43.529,0.2,13.3,4.267,49.8
2020-03-13,4.014,0.0,0.257,43.171,-0.1,8.7,0.5,41.0
2020-03-14,4.143,0.0,0.471,42.814,-2.7,8.6,0.417,48.1
2020-03-15,4.271,0.0,0.686,42.457,0.2,8.5,0.333,48.3
2020-03-16,4.4,0.0,0.9,42.1,-2.1,9.1,0.25,42.4
2020-03-17,4.386,0.0,0.757,40.114,3.1,12.3,0.167,65.8
2020-03-18,4.371,0.0,0.614,38.129,2.7,17.0,0.083,45.8
2020-03-19,4.357,0.0,0.471,36.143,5.8,12.1,0.0,49.0
2020-03-20,4.343,0.0,0.329,34.157,3.1,14.0,0.257,39.6
2020-03-21,4.329,0.0,0.186,32.171,7.9,19.5,0.514,56.5
2020-03-22,4.314,0.0,0.043,30.186,6.1,16.5,0.771,37.5
2020-03-23,4.3,0.0,-0.1,28.2,5.4,17.0,1.029,37.9
2020-03-24,6.021,2.771,0.121,25.721,5.3,17.9,1.286,35.0
2020-03-25,7.743,5.543,0.343,23.243,6.1,19.2,1.543,33.6
2020-03-26,9.464,8.314,0.564,20.764,8.1,20.6,1.8,53.8
2020-03-27,11.186,11.086,0.786,18.286,6.7,15.8,2.0,56.4
2020-03-28,12.907,13.857,1.007,15.807,4.5,12.8,2.214,17.9
2020-03-29,14.629,16.629,1.229,13.329,1.3,16.1,2.429,30.6
2020-03-30,16.35,19.4,1.45,10.85,4.3,16.9,2.643,38.4
2020-03-31,16.971,19.586,1.864,10.45,4.7,18.6,2.857,34.5
2020-04-01,17.593,19.771,2.279,10.05,6.0,17.4,3.071,35.6
2020-04-02,18.214,19.957,2.693,9.65,3.4,15.5,3.286,41.4
2020-04-03,18.836,20.143,3.107,9.25,5.3,16.3,3.5,53.8
2020-04-04,19.457,20.329,3.521,8.85,5.0,13.3,3.714,36.4
2020-04-05,20.079,20.514,3.936,8.45,1.9,13.7,3.929,29.5
2020-04-06,20.7,20.7,4.35,8.05,2.9,16.1,4.143,38.3
2020-04-07,20.543,20.564,3.571,7.971,6.0,16.8,4.357,56.6
2020-04-08,20.386,20.429,2.793,7.893,5.2,14.2,4.571,25.5
2020-04-09,20.229,20.293,2.014,7.814,4.3,14.7,4.786,44.6
2020-04-10,20.071,20.157,1.236,7.736,5.8,16.8,5.0,52.6
2020-04-11,19.914,20.021,0.457,7.657,6.2,16.0,5.214,63.8
2020-04-12,19.757,19.886,-0.321,7.579,4.4,15.6,5.429,58.6
2020-04-13,19.6,19.75,-1.1,7.5,4.3,20.4,5.643,39.4
2020-04-14,17.479,19.164,-3.064,9.293,7.6,19.6,5.857,46.8
2020-04-15,15.357,18.579,-5.029,11.086,7.2,20.2,6.071,39.8
2020-04-16,13.236,17.993,-6.993,12.879,8.9,23.8,6.286,39.9
2020-04-17,11.114,17.407,-8.957,14.671,10.4,15.4,6.5,77.8
2020-04-18,8.993,16.821,-10.921,16.464,8.5,19.6,8.4,67.9
2020-04-19,6.871,16.236,-12.886,18.257,9.5,15.5,10.3,75.8
2020-04-20,4.75,15.65,-14.85,20.05,7.6,13.1,0.1,73.0
2020-04-21,5.9,15.007,-11.579,18.643,4.8,10.4,0.05,49.0
2020-04-22,7.05,14.364,-8.307,17.236,4.1,8.3,0.0,46.8
2020-04-23,8.2,13.721,-5.036,15.829,2.9,12.8,0.0,47.8
2020-04-24,9.35,13.079,-1.764,14.421,4.1,14.3,0.0,55.6
2020-04-25,10.5,12.436,1.507,13.014,9.9,17.1,0.0,54.4
2020-04-26,11.65,11.793,4.779,11.607,6.8,19.0,0.0,43.1
2020-04-27,12.8,11.15,8.05,10.2,8.7,18.3,0.0,49.8
2020-04-28,12.429,10.607,6.529,10.343,7.8,19.9,0.0,50.0
2020-04-29,12.057,10.064,5.007,10.486,9.3,21.0,0.0,48.6
2020-04-30,11.686,9.521,3.486,10.629,9.3,23.4,0.0,57.1
2020-05-01,11.314,8.979,1.964,10.771,16.4,26.2,0.0,73.6
2020-05-02,10.943,8.436,0.443,10.914,18.0,23.9,0.0,79.6
2020-05-03,10.571,7.893,-1.079,11.057,17.0,27.4,0.0,68.8
2020-05-04,10.2,7.35,-2.6,11.2,14.8,25.3,0.46,63.9
2020-05-05,9.764,6.643,-2.664,11.621,13.1,19.3,0.92,67.9
2020-05-06,9.329,5.936,-2.729,12.043,11.1,27.6,1.38,50.0
2020-05-07,8.893,5.229,-2.793,12.464,14.9,26.5,1.84,32.5
2020-05-08,8.457,4.521,-2.857,12.886,14.3,27.3,2.3,32.8
2020-05-09,8.021,3.814,-2.921,13.307,12.7,16.8,24.4,94.4
2020-05-10,7.586,3.107,-2.986,13.729,12.8,16.6,1.3,88.6
2020-05-11,7.15,2.4,-3.05,14.15,12.4,22.0,3.4,61.0
2020-05-12,6.964,2.707,-2.8,14.336,10.5,18.9,0.7,69.4
2020-05-13,6.779,3.014,-2.55,14.521,10.2,21.8,4.467,47.3
2020-05-14,6.593,3.321,-2.3,14.707,12.4,25.4,8.233,35.4
2020-05-15,6.407,3.629,-2.05,14.893,14.1,20.2,12.0,81.4
2020-05-16,6.221,3.936,-1.8,15.079,15.0,20.3,2.5,90.3
2020-05-17,6.036,4.243,-1.55,15.264,14.6,24.9,0.0,80.1
2020-05-18,5.85,4.55,-1.3,15.45,13.2,26.8,29.8,79.4
2020-05-19,5.729,4.657,-1.236,15.571,10.1,17.1,19.0,73.6
2020-05-20,5.607,4.764,-1.171,15.693,9.2,20.1,0.0,60.4
2020-05-21,5.486,4.871,-1.107,15.814,10.9,22.9,0.0,56.1
2020-05-22,5.364,4.979,-1.043,15.936,14.8,22.7,0.0,68.5
2020-05-23,5.243,5.086,-0.979,16.057,16.6,25.0,0.0,66.1
2020-05-24,5.121,5.193,-0.914,16.179,14.3,20.2,14.5,84.8
2020-05-25,5.0,5.3,-0.85,16.3,13.7,21.3,8.0,81.0
2020-05-26,4.929,4.543,-0.8,16.371,12.7,22.9,1.5,81.9
2020-05-27,4.857,3.786,-0.75,16.443,11.8,23.9,0.75,68.5
2020-05-28,4.786,3.029,-0.7,16.514,14.2,23.4,0.0,62.8
2020-05-29,4.714,2.271,-0.65,16.586,14.6,27.6,0.333,65.6
2020-05-30,4.643,1.514,-0.6,16.657,16.5,30.0,0.667,57.3
2020-05-31,4.571,0.757,-0.55,16.729,17.6,28.0,1.0,63.0
2020-06-01,4.5,0.0,-0.5,16.8,16.6,24.5,0.4,64.3
2020-06-02,4.45,0.164,-0.479,16.814,14.8,21.8,2.0,71.0
2020-06-03,4.4,0.329,-0.457,16.829,17.6,28.4,1.1,73.3
2020-06-04,4.35,0.493,-0.436,16.843,19.7,26.5,0.2,81.1
2020-06-05,4.3,0.657,-0.414,16.857,18.4,28.7,1.2,69.4
2020-06-06,4.25,0.821,-0.393,16.871,19.2,30.9,2.2,63.6
2020-06-07,4.2,0.986,-0.371,16.886,19.2,29.2,3.2,69.4
2020-06-08,4.15,1.15,-0.35,16.9,19.8,32.0,4.2,63.6
2020-06-09,4.179,0.986,-0.271,15.943,20.3,32.8,5.2,51.6
2020-06-10,4.207,0.821,-0.193,14.986,22.5,32.1,6.2,63.8
2020-06-11,4.236,0.657,-0.114,14.029,21.7,31.6,0.0,68.3
2020-06-12,4.264,0.493,-0.036,13.071,21.6,27.6,0.0,68.6
2020-06-13,4.293,0.329,0.043,12.114,20.6,33.5,0.0,52.8
2020-06-14,4.321,0.164,0.121,11.157,20.1,28.8,1.1,70.6
2020-06-15,4.35,0.0,0.2,10.2,18.2,28.6,0.9,62.3
2020-06-16,4.257,0.0,0.079,10.093,20.0,30.7,0.7,63.0
2020-06-17,4.164,0.0,-0.043,9.986,20.2,30.3,0.5,58.6
2020-06-18,4.071,0.0,-0.164,9.879,20.3,27.3,0.3,61.4
2020-06-19,3.979,0.0,-0.286,9.771,21.1,30.0,0.1,61.4
2020-06-20,3.886,0.0,-0.407,9.664,20.7,29.7,0.075,62.6
2020-06-21,3.793,0.0,-0.529,9.557,19.5,32.7,0.05,59.5
2020-06-22,3.7,0.0,-0.65,9.45,21.7,35.4,0.025,50.5
2020-06-23,3.75,0.0,-0.507,8.979,23.2,31.0,0.0,53.5
2020-06-24,3.8,0.0,-0.364,8.507,19.9,26.3,37.6,83.5
2020-06-25,3.85,0.0,-0.221,8.036,20.1,23.4,13.3,91.0
2020-06-26,3.9,0.0,-0.079,7.564,19.2,25.7,2.1,82.1
2020-06-27,3.95,0.0,0.064,7.093,20.4,29.6,0.0,70.4
2020-06-28,4.0,0.0,0.207,6.621,21.5,30.1,5.95,70.5
2020-06-29,4.05,0.0,0.35,6.15,20.6,26.5,11.9,77.0
2020-06-30,3.986,0.0,0.236,5.779,18.4,23.1,64.7,83.0
2020-07-01,3.921,0.0,0.121,5.407,18.1,24.3,0.0,79.3
2020-07-02,3.857,0.0,0.007,5.036,20.4,29.8,0.05,74.5
2020-07-03,3.793,0.0,-0.107,4.664,21.6,30.6,0.1,63.5
2020-07-04,3.729,0.0,-0.221,4.293,20.4,29.5,1.6,63.9
2020-07-05,3.664,0.0,-0.336,3.921,19.9,27.6,1.067,68.6
2020-07-06,3.6,0.0,-0.45,3.55,21.8,30.9,0.533,66.6
2020-07-07,3.621,0.0,-0.364,3.35,22.1,28.1,0.0,75.5
2020-07-08,3.643,0.0,-0.279,3.15,21.3,30.4,0.733,71.9
2020-07-09,3.664,0.0,-0.193,2.95,21.8,32.9,1.467,64.6
2020-07-10,3.686,0.0,-0.107,2.75,22.7,27.7,2.2,75.0
2020-07-11,3.707,0.0,-0.021,2.55,22.2,30.2,2.55,62.6
2020-07-12,3.729,0.0,0.064,2.35,21.7,26.0,2.9,71.9
2020-07-13,3.75,0.0,0.15,2.15,17.7,21.7,47.6,94.8
2020-07-14,3.764,0.193,0.143,2.007,17.2,24.3,11.5,79.4
2020-07-15,3.779,0.386,0.136,1.864,18.9,28.7,7.667,63.1
2020-07-16,3.793,0.579,0.129,1.721,20.4,29.7,3.833,70.9
2020-07-17,3.807,0.771,0.121,1.579,21.5,31.6,0.0,72.0
2020-07-18,3.821,0.964,0.114,1.436,22.8,31.0,14.55,71.6
2020-07-19,3.836,1.157,0.107,1.293,20.6,26.6,29.1,81.6
2020-07-20,3.85,1.35,0.1,1.15,22.4,26.6,3.6,86.3
2020-07-21,3.864,1.157,0.1,1.1,21.4,30.5,0.0,77.0
2020-07-22,3.879,0.964,0.1,1.05,22.6,25.7,11.5,89.3
2020-07-23,3.893,0.771,0.1,1.0,18.5,22.6,103.1,95.5
2020-07-24,3.907,0.579,0.1,0.95,18.7,26.8,2.9,74.3
2020-07-25,3.921,0.386,0.1,0.9,22.3,29.0,0.0,69.3
2020-07-26,3.936,0.193,0.1,0.85,21.6,29.6,0.0,69.3
2020-07-27,3.95,0.0,0.1,0.8,22.9,25.5,2.2,86.4
2020-07-28,3.829,0.0,-0.036,0.921,22.7,26.4,0.4,84.8
2020-07-29,3.707,0.0,-0.171,1.043,22.6,24.9,50.1,95.8
2020-07-30,3.586,0.0,-0.307,1.164,23.4,28.4,0.1,85.5
2020-07-31,3.464,0.0,-0.443,1.286,22.8,29.6,1.5,81.9
2020-08-01,3.343,0.0,-0.579,1.407,24.3,26.9,39.1,90.9
2020-08-02,3.221,0.0,-0.714,1.529,23.5,26.4,31.4,96.3
2020-08-03,3.1,0.0,-0.85,1.65,23.9,26.3,102.6,96.3
2020-08-04,3.129,0.0,-0.7,1.6,25.0,29.4,3.9,89.3
2020-08-05,3.157,0.0,-0.55,1.55,25.5,29.1,18.5,92.1
2020-08-06,3.186,0.0,-0.4,1.5,22.9,26.0,75.7,92.8
2020-08-07,3.214,0.0,-0.25,1.45,22.6,26.1,0.0,85.3
2020-08-08,3.243,0.0,-0.1,1.4,22.7,26.1,19.1,89.5
2020-08-09,3.271,0.0,0.05,1.35,23.7,25.8,50.3,95.4
2020-08-10,3.3,0.0,0.2,1.3,24.7,29.5,44.6,91.6
2020-08-11,3.307,0.0,0.179,1.264,22.4,27.3,97.0,92.5
2020-08-12,3.314,0.0,0.157,1.229,23.5,31.3,64.8,83.9
2020-08-13,3.321,0.0,0.136,1.193,26.3,30.3,32.6,82.4
2020-08-14,3.329,0.0,0.114,1.157,26.5,28.0,0.4,86.1
2020-08-15,3.336,0.0,0.093,1.121,25.0,27.0,69.0,96.0
2020-08-16,3.343,0.0,0.071,1.086,25.3,30.8,57.917,82.6
2020-08-17,3.35,0.0,0.05,1.05,26.1,32.2,46.833,77.9
2020-08-18,3.264,0.0,-0.043,1.129,24.0,31.9,35.75,76.3
2020-08-19,3.179,0.0,-0.136,1.207,23.6,31.4,24.667,76.8
2020-08-20,3.093,0.0,-0.229,1.286,25.0,31.7,13.583,76.0
2020-08-21,3.007,0.0,-0.321,1.364,25.2,29.2,2.5,83.1
2020-08-22,2.921,0.0,-0.414,1.443,21.7,27.6,42.6,87.4
2020-08-23,2.836,0.0,-0.507,1.521,21.5,29.9,32.1,78.4
2020-08-24,2.75,0.0,-0.6,1.6,23.7,32.0,21.6,71.6
2020-08-25,2.99,0.105,-0.414,1.429,26.0,34.5,11.1,69.5
2020-08-26,3.231,0.21,-0.229,1.257,27.0,34.5,0.6,68.3
2020-08-27,3.471,0.314,-0.043,1.086,25.6,28.6,8.7,84.6
2020-08-28,3.712,0.419,0.143,0.914,26.0,29.7,13.6,89.1
2020-08-29,3.952,0.524,0.329,0.743,25.5,29.0,13.6,90.1
2020-08-30,4.193,0.629,0.514,0.571,24.4,30.6,42.5,88.8
2020-08-31,4.433,0.733,0.7,0.4,23.8,30.0,0.0,77.9
2020-09-01,4.519,0.724,0.686,0.295,23.8,29.5,0.0,72.4
2020-09-02,4.605,0.714,0.671,0.19,22.6,26.4,33.3,91.3
2020-09-03,4.69,0.705,0.657,0.086,20.0,25.6,29.8,82.0
2020-09-04,4.776,0.695,0.643,-0.019,19.9,27.5,22.0,63.9
2020-09-05,4.862,0.686,0.629,-0.124,19.2,27.3,14.2,66.6
2020-09-06,4.948,0.676,0.614,-0.229,19.5,24.4,6.4,80.0
2020-09-07,5.033,0.667,0.6,-0.333,17.5,20.6,61.0,93.5
2020-09-08,5.019,0.676,0.5,-0.248,20.6,26.5,0.0,71.5
2020-09-09,5.005,0.686,0.4,-0.162,19.0,25.3,1.3,83.4
2020-09-10,4.99,0.695,0.3,-0.076,18.8,27.0,3.9,75.8
2020-09-11,4.976,0.705,0.2,0.01,19.2,27.1,1.2,72.6
2020-09-12,4.962,0.714,0.1,0.095,18.1,23.2,5.7,83.8
2020-09-13,4.948,0.724,-0.0,0.181,16.7,26.6,2.85,70.4
2020-09-14,4.933,0.733,-0.1,0.267,17.6,24.9,0.0,79.3
2020-09-15,4.862,0.829,-0.157,0.348,18.9,27.7,0.15,76.4
2020-09-16,4.79,0.924,-0.214,0.429,21.3,24.9,0.3,79.9
2020-09-17,4.719,1.019,-0.271,0.51,20.1,23.6,0.3,70.3
2020-09-18,4.648,1.114,-0.329,0.59,18.1,25.8,0.3,62.0
2020-09-19,4.576,1.21,-0.386,0.671,17.6,26.2,0.3,59.3
2020-09-20,4.505,1.305,-0.443,0.752,15.6,24.9,3.755,57.6
2020-09-21,4.433,1.4,-0.5,0.833,13.6,25.3,7.209,56.1
2020-09-22,4.352,1.2,-0.51,0.914,15.5,25.6,10.664,55.3
2020-09-23,4.271,1.0,-0.519,0.995,15.2,23.8,14.118,59.9
2020-09-24,4.19,0.8,-0.529,1.076,16.8,25.4,17.573,59.6
2020-09-25,4.11,0.6,-0.538,1.157,16.6,25.4,21.027,64.1
2020-09-26,4.029,0.4,-0.548,1.238,14.8,24.8,24.482,62.5
2020-09-27,3.948,0.2,-0.557,1.319,14.9,25.8,27.936,63.3
2020-09-28,3.867,0.0,-0.567,1.4,15.7,26.5,31.391,66.0
2020-09-29,4.0,0.105,-0.352,1.267,15.3,23.9,34.845,67.6
2020-09-30,4.133,0.21,-0.138,1.133,16.2,25.7,38.3,78.0
2020-10-01,4.267,0.314,0.076,1.0,15.6,23.6,19.15,74.9
2020-10-02,4.4,0.419,0.29,0.867,16.3,21.9,0.0,79.6
2020-10-03,4.533,0.524,0.505,0.733,18.3,23.2,0.0,72.5
2020-10-04,4.667,0.629,0.719,0.6,10.6,21.8,0.0,65.1
2020-10-05,4.8,0.733,0.933,0.467,8.5,18.4,0.0,57.3
2020-10-06,4.771,0.629,0.771,0.571,9.3,19.7,0.0,55.9
2020-10-07,4.743,0.524,0.61,0.676,9.9,22.0,0.0,48.9
2020-10-08,4.714,0.419,0.448,0.781,12.1,23.1,0.0,53.0
2020-10-09,4.686,0.314,0.286,0.886,12.4,23.3,0.0,53.4
2020-10-10,4.657,0.21,0.124,0.99,12.3,21.5,0.0,60.1
2020-10-11,4.629,0.105,-0.038,1.095,12.7,20.8,0.0,68.5
2020-10-12,4.6,0.0,-0.2,1.2,12.1,21.3,0.0,68.6
2020-10-13,4.614,0.214,-0.157,1.238,8.6,18.4,0.0,52.3
2020-10-14,4.629,0.429,-0.114,1.276,8.5,18.0,0.0,47.0
2020-10-15,4.643,0.643,-0.071,1.314,6.5,18.5,0.0,41.8
2020-10-16,4.657,0.857,-0.029,1.352,8.6,15.4,0.0,64.3
2020-10-17,4.671,1.071,0.014,1.39,8.7,18.6,0.0,64.3
2020-10-18,4.686,1.286,0.057,1.429,7.2,20.2,0.0,65.5
2020-10-19,4.7,1.5,0.1,1.467,9.8,21.3,0.0,74.4
2020-10-20,4.776,1.381,0.162,1.39,9.9,21.7,0.0,67.1
2020-10-21,4.852,1.262,0.224,1.314,11.8,17.3,0.0,69.4
2020-10-22,4.929,1.143,0.286,1.238,8.4,18.2,0.0,66.0
2020-10-23,5.005,1.024,0.348,1.162,5.4,13.3,1.36,51.5
2020-10-24,5.081,0.905,0.41,1.086,3.2,14.0,2.72,47.6
2020-10-25,5.157,0.786,0.471,1.01,5.4,18.2,4.08,62.5
2020-10-26,5.233,0.667,0.533,0.933,8.0,19.0,5.44,71.6
2020-10-27,5.367,1.005,0.59,0.8,9.0,19.4,6.8,74.1
2020-10-28,5.5,1.343,0.648,0.667,8.6,18.2,8.16,52.1
2020-10-29,5.633,1.681,0.705,0.533,5.5,16.1,9.52,40.3
2020-10-30,5.767,2.019,0.762,0.4,5.8,19.6,10.88,42.9
2020-10-31,5.9,2.357,0.819,0.267,8.5,18.2,12.24,60.3
2020-11-01,6.033,2.695,0.876,0.133,11.6,15.0,13.6,84.3
2020-11-02,6.167,3.033,0.933,0.0,7.9,15.6,1.7,58.3
2020-11-03,6.362,3.157,0.995,-0.152,2.7,8.6,0.5,47.5
2020-11-04,6.557,3.281,1.057,-0.305,0.2,10.8,0.4,43.9
2020-11-05,6.752,3.405,1.119,-0.457,3.4,15.9,0.3,61.5
2020-11-06,6.948,3.529,1.181,-0.61,9.9,17.2,0.2,63.3
2020-11-07,7.143,3.652,1.243,-0.762,12.2,18.1,0.1,68.8
2020-11-08,7.338,3.776,1.305,-0.914,3.1,12.4,0.1,43.8
2020-11-09,7.533,3.9,1.367,-1.067,0.7,8.9,0.1,40.9
2020-11-10,7.848,4.552,1.486,-1.224,3.5,12.9,0.1,56.1
2020-11-11,8.162,5.205,1.605,-1.381,3.5,16.5,0.1,53.5
2020-11-12,8.476,5.857,1.724,-1.538,4.6,17.7,0.1,56.9
2020-11-13,8.79,6.51,1.843,-1.695,8.5,17.6,0.1,71.5
2020-11-14,9.105,7.162,1.962,-1.852,6.8,19.3,0.1,66.9
2020-11-15,9.419,7.814,2.081,-2.01,8.2,14.9,0.1,75.0
2020-11-16,9.733,8.467,2.2,-2.167,7.5,18.3,0.1,70.1
2020-11-17,10.195,9.476,2.348,-2.319,11.7,20.0,0.1,67.5
2020-11-18,10.657,10.486,2.495,-2.471,14.8,18.7,12.2,91.4
2020-11-19,11.119,11.495,2.643,-2.624,6.9,19.1,86.9,90.5
2020-11-20,11.581,12.505,2.79,-2.776,0.3,7.0,0.0,74.3
2020-11-21,12.043,13.514,2.938,-2.929,-0.3,12.8,0.2,67.9
2020-11-22,12.505,14.524,3.086,-3.081,1.5,9.1,4.8,80.5
2020-11-23,12.967,15.533,3.233,-3.233,-1.5,5.9,3.84,61.4
2020-11-24,14.562,15.571,4.367,-4.367,0.2,6.4,2.88,54.5
2020-11-25,16.157,15.61,5.5,-5.5,0.0,9.5,1.92,64.1
2020-11-26,17.752,15.648,6.633,-6.633,1.9,10.9,0.96,66.5
2020-11-27,19.348,15.686,7.767,-7.767,0.6,7.7,0.0,61.6
2020-11-28,20.943,15.724,8.9,-8.9,-2.3,2.8,0.0,50.0
2020-11-29,22.538,15.762,10.033,-10.033,-3.6,2.6,0.0,59.6
2020-11-30,24.133,15.8,11.167,-11.167,-3.6,4.3,0.0,57.8
2020-12-01,25.89,16.976,11.329,-11.329,-3.6,6.7,0.0,44.5
2020-12-02,27.648,18.152,11.49,-11.49,0.5,6.1,0.0,41.4
2020-12-03,29.405,19.329,11.652,-11.652,-2.3,4.2,0.0,47.1
2020-12-04,31.162,20.505,11.814,-11.814,-4.6,4.4,0.0,53.8
2020-12-05,32.919,21.681,11.976,-11.976,-2.2,6.6,0.0,63.1
2020-12-06,34.676,22.857,12.138,-12.138,1.2,9.1,0.0,66.9
2020-12-07,36.433,24.033,12.3,-12.3,-0.7,6.3,0.0,57.5
2020-12-08,38.862,26.91,12.971,-12.971,-3.5,4.1,0.0,50.0
2020-12-09,41.29,29.786,13.643,-13.643,-4.1,6.2,0.0,55.1
2020-12-10,43.719,32.662,14.314,-14.314,3.2,9.3,0.0,69.9
2020-12-11,46.148,35.538,14.986,-14.986,2.6,9.4,0.967,77.1
2020-12-12,48.576,38.414,15.657,-15.657,-0.3,6.1,1.933,51.3
2020-12-13,51.005,41.29,16.329,-16.329,-6.0,2.0,2.9,74.9
2020-12-14,53.433,44.167,17.0,-17.0,-9.7,-5.0,2.175,49.1
2020-12-15,55.443,45.162,16.581,-16.581,-11.1,-4.6,1.45,43.0
2020-12-16,57.452,46.157,16.162,-16.162,-11.2,-3.9,0.725,43.9
2020-12-17,59.462,47.152,15.743,-15.743,-11.1,0.8,0.0,47.0
2020-12-18,61.471,48.148,15.324,-15.324,-6.4,1.8,0.2,57.0
2020-12-19,63.481,49.143,14.905,-14.905,-9.6,-1.2,0.16,45.1
2020-12-20,65.49,50.138,14.486,-14.486,-8.2,1.1,0.12,50.4
2020-12-21,67.5,51.133,14.067,-14.067,-6.0,4.7,0.08,64.1
2020-12-22,67.5,51.133,12.057,-12.057,-2.5,7.2,0.04,67.6
2020-12-23,67.5,51.133,10.048,-10.048,-0.4,8.5,0.0,76.6
2020-12-24,67.5,51.133,8.038,-8.038,-2.0,6.1,0.0,61.5
2020-12-25,67.5,51.133,6.029,-6.029,-4.7,3.5,0.0,51.9
2020-12-26,67.5,51.133,4.019,-4.019,-2.1,8.0,0.0,65.8
2020-12-27,67.5,51.133,2.01,-2.01,1.4,10.0,0.0,62.9
2020-12-28,67.5,51.133,0.0,0.0,4.2,11.4,1.3,72.1
2020-12-29,68.364,52.464,-0.479,0.479,-6.2,4.3,0.2,70.8
2020-12-30,69.229,53.795,-0.957,0.957,-12.9,-6.2,0.1,55.5
2020-12-31,70.093,55.126,-1.436,1.436,-12.9,-5.0,0.0,53.9
2021-01-01,70.957,56.457,-1.914,1.914,-9.8,1.6,0.0,64.0
2021-01-02,71.821,57.788,-2.393,2.393,-8.4,-1.4,0.0,38.5
2021-01-03,72.686,59.119,-2.871,2.871,-9.1,-2.0,0.0,45.0
2021-01-04,73.55,60.45,-3.35,3.35,-8.4,0.3,0.0,51.4
2021-01-05,72.064,59.321,-4.357,5.607,-9.9,-2.1,0.0,52.8
2021-01-06,70.579,58.193,-5.364,7.864,-12.0,-1.9,2.3,54.6
2021-01-07,69.093,57.064,-6.371,10.121,-16.5,-8.4,2.35,49.9
2021-01-08,67.607,55.936,-7.379,12.379,-18.6,-10.7,2.4,44.0
2021-01-09,66.121,54.807,-8.386,14.636,-16.6,-7.5,2.45,46.3
2021-01-10,64.636,53.679,-9.393,16.893,-12.8,-2.7,2.5,54.4
2021-01-11,63.15,52.55,-10.4,19.15,-9.6,-4.0,2.55,62.1
2021-01-12,60.857,51.729,-11.207,21.536,-9.3,-0.5,2.6,79.5
2021-01-13,58.564,50.907,-12.014,23.921,-3.0,8.3,0.0,80.3
2021-01-14,56.271,50.086,-12.821,26.307,-3.6,7.0,0.1,46.5
2021-01-15,53.979,49.264,-13.629,28.693,-0.7,9.9,0.2,67.4
2021-01-16,51.686,48.443,-14.436,31.079,-8.7,-0.7,0.1,59.3
2021-01-17,49.393,47.621,-15.243,33.464,-10.8,-1.3,0.0,58.5
2021-01-18,47.1,46.8,-16.05,35.85,-9.1,0.2,0.3,64.3
2021-01-19,45.057,45.336,-15.8,37.893,-11.6,-0.2,3.267,37.9
2021-01-20,43.014,43.871,-15.55,39.936,-6.6,7.1,6.233,37.8
2021-01-21,40.971,42.407,-15.3,41.979,2.5,7.0,9.2,64.4
2021-01-22,38.929,40.943,-15.05,44.021,4.8,6.6,0.1,92.9
2021-01-23,36.886,39.479,-14.8,46.064,4.8,12.2,0.5,66.0
2021-01-24,34.843,38.014,-14.55,48.107,2.4,13.9,0.9,63.9
2021-01-25,32.8,36.55,-14.3,50.15,3.0,13.9,1.3,62.0
2021-01-26,31.957,36.807,-13.1,50.993,1.7,7.4,1.7,80.4
2021-01-27,31.114,37.064,-11.9,51.836,-1.8,6.5,1.85,47.6
2021-01-28,30.271,37.321,-10.7,52.679,-9.7,1.4,2.0,52.3
2021-01-29,29.429,37.579,-9.5,53.521,-11.6,-4.9,1.25,40.0
2021-01-30,28.586,37.836,-8.3,54.364,-8.1,5.2,0.5,60.0
2021-01-31,27.743,38.093,-7.1,55.207,-3.8,8.7,0.6,57.0
2021-02-01,26.9,38.35,-5.9,56.05,-2.3,9.5,0.7,74.5
2021-02-02,26.379,36.679,-5.579,56.571,-8.2,-2.4,0.0,44.1
2021-02-03,25.857,35.007,-5.257,57.093,-9.4,1.4,3.4,64.6
2021-02-04,25.336,33.336,-4.936,57.614,-7.4,0.7,0.1,50.1
2021-02-05,24.814,31.664,-4.614,58.136,-4.4,6.7,0.09,71.8
2021-02-06,24.293,29.993,-4.293,58.657,4.3,9.5,0.08,80.4
2021-02-07,23.771,28.321,-3.971,59.179,-2.6,7.7,0.07,67.0
2021-02-08,23.25,26.65,-3.65,59.7,-5.4,0.2,0.06,43.6
2021-02-09,22.95,27.55,-3.429,60.0,-6.1,4.7,0.05,51.9
2021-02-10,22.65,28.45,-3.207,60.3,-1.5,7.2,0.04,75.1
2021-02-11,22.35,29.35,-2.986,60.6,1.3,10.9,0.03,71.5
2021-02-12,22.05,30.25,-2.764,60.9,0.6,14.0,0.02,60.6
2021-02-13,21.75,31.15,-2.543,61.2,1.0,15.9,0.01,50.6
2021-02-14,21.45,32.05,-2.321,61.5,6.4,13.8,0.0,47.6
2021-02-15,21.15,32.95,-2.1,61.8,-5.2,8.2,1.4,65.1
2021-02-16,20.393,31.386,-2.557,62.557,-7.0,-1.3,1.5,57.9
2021-02-17,19.636,29.821,-3.014,63.314,-10.4,-5.2,0.0,44.1
2021-02-18,18.879,28.257,-3.471,64.071,-10.6,-0.4,5.625,44.9
2021-02-19,18.121,26.693,-3.929,64.829,-7.1,8.9,11.25,66.9
2021-02-20,17.364,25.129,-4.386,65.586,5.5,14.9,16.875,60.4
2021-02-21,16.607,23.564,-4.843,66.343,4.7,17.4,22.5,66.6
2021-02-22,15.85,22.0,-5.3,67.1,0.4,12.6,28.125,58.3
2021-02-23,15.479,21.721,-4.914,66.221,-3.1,4.3,33.75,34.0
2021-02-24,15.107,21.443,-4.529,65.343,-3.0,10.1,39.375,33.0
2021-02-25,14.736,21.164,-4.143,64.464,0.7,8.2,45.0,35.1
2021-02-26,14.364,20.886,-3.757,63.586,0.5,15.8,50.625,35.0
2021-02-27,13.993,20.607,-3.371,62.707,4.3,16.2,56.25,48.6
2021-02-28,13.621,20.329,-2.986,61.829,3.2,10.8,61.875,49.0
2021-03-01,13.25,20.05,-2.6,60.95,0.5,9.0,67.5,91.0
2021-03-02,13.036,19.393,-2.443,59.586,0.2,6.9,0.1,75.9
2021-03-03,12.821,18.736,-2.286,58.221,-1.2,9.9,0.09,64.4
2021-03-04,12.607,18.079,-2.129,56.857,2.5,13.0,0.08,62.4
2021-03-05,12.393,17.421,-1.971,55.493,3.0,16.2,0.07,70.3
2021-03-06,12.179,16.764,-1.814,54.129,3.2,11.6,0.06,69.5
2021-03-07,11.964,16.107,-1.657,52.764,2.1,12.2,0.05,62.9
2021-03-08,11.75,15.45,-1.5,51.4,1.5,13.9,0.04,60.3
2021-03-09,11.557,16.207,-1.479,49.3,2.1,12.2,0.03,58.5
2021-03-10,11.364,16.964,-1.457,47.2,1.7,17.1,0.02,61.8
2021-03-11,11.171,17.721,-1.436,45.1,4.7,17.1,0.01,50.8
2021-03-12,10.979,18.479,-1.414,43.0,7.2,14.9,0.0,57.0
2021-03-13,10.786,19.236,-1.393,40.9,4.6,14.2,0.567,62.8
2021-03-14,10.593,19.993,-1.371,38.8,4.9,14.7,1.133,71.4
2021-03-15,10.4,20.75,-1.35,36.7,5.1,15.7,1.7,68.8
2021-03-16,10.9,19.421,-0.657,34.157,4.9,13.1,1.3,52.5
2021-03-17,11.4,18.093,0.036,31.614,1.8,17.5,2.25,44.9
2021-03-18,11.9,16.764,0.729,29.071,5.0,18.4,3.2,50.1
2021-03-19,12.4,15.436,1.421,26.529,11.4,20.2,4.15,47.9
2021-03-20,12.9,14.107,2.114,23.986,7.4,14.7,5.1,74.6
2021-03-21,13.4,12.779,2.807,21.443,3.1,8.6,0.3,65.9
2021-03-22,13.9,11.45,3.5,18.9,1.1,11.1,4.5,55.3
2021-03-23,14.043,12.764,3.143,18.179,2.5,16.4,8.7,63.5
2021-03-24,14.186,14.079,2.786,17.457,5.7,16.9,12.9,61.5
2021-03-25,14.329,15.393,2.429,16.736,6.8,19.0,17.1,68.5
2021-03-26,14.471,16.707,2.071,16.014,4.8,20.6,21.3,58.4
2021-03-27,14.614,18.021,1.714,15.293,10.2,15.0,25.5,70.9
2021-03-28,14.757,19.336,1.357,14.571,7.7,13.0,9.2,95.8
2021-03-29,14.9,20.65,1.0,13.85,7.3,14.6,0.2,62.3
2021-03-30,15.107,20.471,1.064,13.421,4.1,18.2,0.15,47.3
2021-03-31,15.314,20.293,1.129,12.993,5.9,22.9,0.1,41.0
2021-04-01,15.521,20.114,1.193,12.564,12.0,24.0,0.05,33.0
2021-04-02,15.729,19.936,1.257,12.136,12.5,23.0,0.0,35.6
2021-04-03,15.936,19.757,1.321,11.707,10.9,18.0,56.2,80.8
2021-04-04,16.143,19.579,1.386,11.279,9.0,15.8,0.6,65.8
2021-04-05,16.35,19.4,1.45,10.85,5.4,19.3,3.275,47.9
2021-04-06,16.971,19.586,1.864,10.45,9.4,19.2,5.95,50.9
2021-04-07,17.593,19.771,2.279,10.05,8.1,20.4,8.625,47.5
2021-04-08,18.214,19.957,2.693,9.65,7.2,18.0,11.3,34.0
2021-04-09,18.836,20.143,3.107,9.25,7.6,19.6,13.975,39.3
2021-04-10,19.457,20.329,3.521,8.85,7.7,18.8,16.65,50.0
2021-04-11,20.079,20.514,3.936,8.45,7.5,21.8,19.325,45.4
2021-04-12,20.7,20.7,4.35,8.05,11.9,17.8,22.0,70.4
2021-04-13,20.543,20.564,3.571,7.971,5.7,13.5,8.0,74.0
2021-04-14,20.386,20.429,2.793,7.893,3.1,13.3,5.567,58.5
2021-04-15,20.229,20.293,2.014,7.814,6.3,18.3,3.133,62.3
2021-04-16,20.071,20.157,1.236,7.736,8.1,14.8,0.7,60.0
2021-04-17,19.914,20.021,0.457,7.657,6.0,14.6,0.0,56.6
2021-04-18,19.757,19.886,-0.321,7.579,5.6,15.3,0.0,64.3
2021-04-19,19.6,19.75,-1.1,7.5,5.8,19.4,0.0,65.3
2021-04-20,17.479,19.164,-3.064,9.293,8.1,22.0,0.0,55.1
2021-04-21,15.357,18.579,-5.029,11.086,10.3,28.2,0.0,43.1
2021-04-22,13.236,17.993,-6.993,12.879,16.1,27.5,0.0,37.9
2021-04-23,11.114,17.407,-8.957,14.671,17.0,21.7,0.0,41.4
2021-04-24,8.993,16.821,-10.921,16.464,15.3,22.2,0.0,43.0
2021-04-25,6.871,16.236,-12.886,18.257,12.6,24.0,0.567,50.0
2021-04-26,4.75,15.65,-14.85,20.05,12.3,20.6,1.133,51.8
2021-04-27,5.9,15.007,-11.579,18.643,12.5,20.0,1.7,62.4
2021-04-28,7.05,14.364,-8.307,17.236,11.2,18.2,4.7,64.1
2021-04-29,8.2,13.721,-5.036,15.829,10.9,20.1,3.9,54.1
2021-04-30,9.35,13.079,-1.764,14.421,8.6,14.6,26.3,81.8
2021-05-01,10.5,12.436,1.507,13.014,8.5,15.3,8.0,80.8
2021-05-02,11.65,11.793,4.779,11.607,7.3,18.7,1.7,67.9
2021-05-03,12.8,11.15,8.05,10.2,8.4,20.3,10.65,56.4
2021-05-04,12.429,10.607,6.529,10.343,11.4,15.8,19.6,82.6
2021-05-05,12.057,10.064,5.007,10.486,10.3,18.4,0.1,64.4
2021-05-06,11.686,9.521,3.486,10.629,7.9,23.1,4.45,46.4
2021-05-07,11.314,8.979,1.964,10.771,10.7,17.2,8.8,60.3
2021-05-08,10.943,8.436,0.443,10.914,8.9,21.0,5.867,66.1
2021-05-09,10.571,7.893,-1.079,11.057,10.0,21.8,2.933,51.3
2021-05-10,10.2,7.35,-2.6,11.2,11.7,14.6,0.0,67.9
2021-05-11,9.764,6.643,-2.664,11.621,9.4,25.7,3.0,48.9
2021-05-12,9.329,5.936,-2.729,12.043,16.9,27.7,6.0,39.5
2021-05-13,8.893,5.229,-2.793,12.464,16.6,29.6,9.0,54.4
2021-05-14,8.457,4.521,-2.857,12.886,18.0,30.8,12.0,60.3
2021-05-15,8.021,3.814,-2.921,13.307,20.8,26.2,15.0,79.5
2021-05-16,7.586,3.107,-2.986,13.729,14.8,20.8,66.9,97.6
2021-05-17,7.15,2.4,-3.05,14.15,14.2,16.7,3.1,93.0
2021-05-18,6.964,2.707,-2.8,14.336,13.6,24.5,2.367,70.5
2021-05-19,6.779,3.014,-2.55,14.521,12.4,26.6,1.633,52.3
2021-05-20,6.593,3.321,-2.3,14.707,15.6,22.9,0.9,59.8
2021-05-21,6.407,3.629,-2.05,14.893,14.2,18.2,6.9,86.5
2021-05-22,6.221,3.936,-1.8,15.079,13.8,23.8,0.2,69.3
2021-05-23,6.036,4.243,-1.55,15.264,14.3,25.1,2.9,64.4
2021-05-24,5.85,4.55,-1.3,15.45,16.4,24.5,5.6,61.0
2021-05-25,5.729,4.657,-1.236,15.571,11.9,19.3,8.3,72.3
2021-05-26,5.607,4.764,-1.171,15.693,11.5,23.0,0.0,58.5
2021-05-27,5.486,4.871,-1.107,15.814,13.9,18.7,8.9,83.0
2021-05-28,5.364,4.979,-1.043,15.936,12.4,19.7,12.3,86.0
2021-05-29,5.243,5.086,-0.979,16.057,12.8,19.1,0.3,79.8
2021-05-30,5.121,5.193,-0.914,16.179,10.8,26.3,18.1,73.0
2021-05-31,5.0,5.3,-0.85,16.3,16.5,23.8,4.0,78.9
2021-06-01,4.929,4.543,-0.8,16.371,15.9,23.9,3.2,74.6
2021-06-02,4.857,3.786,-0.75,16.443,16.6,29.7,10.65,64.4
2021-06-03,4.786,3.029,-0.7,16.514,14.6,22.7,18.1,80.8
2021-06-04,4.714,2.271,-0.65,16.586,13.3,23.6,13.575,69.4
2021-06-05,4.643,1.514,-0.6,16.657,17.0,25.7,9.05,68.1
2021-06-06,4.571,0.757,-0.55,16.729,18.4,28.2,4.525,69.6
2021-06-07,4.5,0.0,-0.5,16.8,19.4,24.0,0.0,71.5
2021-06-08,4.45,0.164,-0.479,16.814,18.8,29.5,0.1,69.6
2021-06-09,4.4,0.329,-0.457,16.829,19.5,31.6,3.1,59.1
2021-06-10,4.35,0.493,-0.436,16.843,20.5,29.8,6.1,68.5
2021-06-11,4.3,0.657,-0.414,16.857,19.9,24.4,4.6,84.5
2021-06-12,4.25,0.821,-0.393,16.871,18.2,30.2,3.925,74.6
2021-06-13,4.2,0.986,-0.371,16.886,20.9,29.7,3.25,72.6
2021-06-14,4.15,1.15,-0.35,16.9,18.9,30.2,2.575,68.8
2021-06-15,4.179,0.986,-0.271,15.943,21.5,25.3,1.9,79.1
2021-06-16,4.207,0.821,-0.193,14.986,20.3,28.9,0.95,59.9
2021-06-17,4.236,0.657,-0.114,14.029,19.6,25.0,0.0,71.4
2021-06-18,4.264,0.493,-0.036,13.071,19.0,21.4,6.3,92.1
2021-06-19,4.293,0.329,0.043,12.114,17.5,27.4,4.725,74.0
2021-06-20,4.321,0.164,0.121,11.157,17.6,29.0,3.15,73.3
2021-06-21,4.35,0.0,0.2,10.2,19.2,28.5,1.575,67.0
2021-06-22,4.257,0.0,0.079,10.093,19.7,28.6,0.0,67.9
2021-06-23,4.164,0.0,-0.043,9.986,18.8,27.9,7.5,70.5
2021-06-24,4.071,0.0,-0.164,9.879,18.5,28.0,6.5,71.1
2021-06-25,3.979,0.0,-0.286,9.771,19.5,29.5,5.5,69.0
2021-06-26,3.886,0.0,-0.407,9.664,19.9,26.7,4.5,78.5
2021-06-27,3.793,0.0,-0.529,9.557,19.8,30.8,38.2,72.1
2021-06-28,3.7,0.0,-0.65,9.45,21.0,29.2,0.1,76.4
2021-06-29,3.75,0.0,-0.507,8.979,21.3,28.4,8.0,78.6
2021-06-30,3.8,0.0,-0.364,8.507,21.0,28.8,6.0,77.9
2021-07-01,3.85,0.0,-0.221,8.036,21.4,31.0,24.0,70.9
2021-07-02,3.9,0.0,-0.079,7.564,23.6,31.8,42.0,64.1
2021-07-03,3.95,0.0,0.064,7.093,19.6,25.7,60.0,80.0
2021-07-04,4.0,0.0,0.207,6.621,19.8,23.1,21.4,96.8
2021-07-05,4.05,0.0,0.35,6.15,20.1,26.9,18.5,80.3
2021-07-06,3.986,0.0,0.236,5.779,21.0,30.1,15.6,73.4
2021-07-07,3.921,0.0,0.121,5.407,23.9,29.1,12.7,78.5
2021-07-08,3.857,0.0,0.007,5.036,23.8,29.8,2.9,81.6
2021-07-09,3.793,0.0,-0.107,4.664,23.6,29.2,0.0,77.3
2021-07-10,3.729,0.0,-0.221,4.293,23.1,29.2,0.5,80.4
2021-07-11,3.664,0.0,-0.336,3.921,24.1,27.5,0.4,86.8
2021-07-12,3.6,0.0,-0.45,3.55,23.8,32.5,0.3,75.1
2021-07-13,3.621,0.0,-0.364,3.35,26.3,31.5,0.2,76.1
2021-07-14,3.643,0.0,-0.279,3.15,26.1,33.5,0.1,71.4
2021-07-15,3.664,0.0,-0.193,2.95,25.9,34.5,0.0,71.1
2021-07-16,3.686,0.0,-0.107,2.75,24.2,35.2,0.0,68.4
2021-07-17,3.707,0.0,-0.021,2.55,24.7,32.8,0.0,63.1
2021-07-18,3.729,0.0,0.064,2.35,25.7,34.1,33.7,62.5
2021-07-19,3.75,0.0,0.15,2.15,24.0,30.5,67.4,80.1
2021-07-20,3.764,0.193,0.143,2.007,23.6,31.8,0.0,75.8
2021-07-21,3.779,0.386,0.136,1.864,25.3,35.3,0.0,64.0
2021-07-22,3.793,0.579,0.129,1.721,26.5,35.9,0.0,59.8
2021-07-23,3.807,0.771,0.121,1.579,27.2,35.8,0.0,61.8
2021-07-24,3.821,0.964,0.114,1.436,26.9,36.5,0.0,57.4
2021-07-25,3.836,1.157,0.107,1.293,27.2,35.9,0.0,55.8
2021-07-26,3.85,1.35,0.1,1.15,27.4,35.4,0.0,54.9
2021-07-27,3.864,1.157,0.1,1.1,27.8,35.7,0.0,60.5
2021-07-28,3.879,0.964,0.1,1.05,27.1,34.7,0.0,67.4
2021-07-29,3.893,0.771,0.1,1.0,27.0,33.3,1.0,69.9
2021-07-30,3.907,0.579,0.1,0.95,25.8,35.4,2.0,63.1
2021-07-31,3.921,0.386,0.1,0.9,26.8,34.3,3.0,69.9
2021-08-01,3.936,0.193,0.1,0.85,25.1,28.8,21.0,81.8
2021-08-02,3.95,0.0,0.1,0.8,25.0,28.6,1.7,82.6
2021-08-03,3.829,0.0,-0.036,0.921,24.1,31.4,0.0,76.9
2021-08-04,3.707,0.0,-0.171,1.043,26.3,33.2,2.54,70.6
2021-08-05,3.586,0.0,-0.307,1.164,25.6,33.7,5.08,68.1
2021-08-06,3.464,0.0,-0.443,1.286,26.0,32.2,7.62,68.4
2021-08-07,3.343,0.0,-0.579,1.407,23.4,32.3,10.16,65.0
2021-08-08,3.221,0.0,-0.714,1.529,24.4,32.1,12.7,74.8
2021-08-09,3.1,0.0,-0.85,1.65,23.3,33.6,8.467,62.4
2021-08-10,3.129,0.0,-0.7,1.6,24.3,32.2,4.233,62.5
2021-08-11,3.157,0.0,-0.55,1.55,24.1,31.6,0.0,70.3
2021-08-12,3.186,0.0,-0.4,1.5,24.0,31.7,0.0,67.1
2021-08-13,3.214,0.0,-0.25,1.45,23.4,30.1,0.0,70.4
2021-08-14,3.243,0.0,-0.1,1.4,23.4,30.5,0.0,63.9
2021-08-15,3.271,0.0,0.05,1.35,21.7,32.4,0.0,59.6
2021-08-16,3.3,0.0,0.2,1.3,22.5,32.8,0.0,61.1
2021-08-17,3.307,0.0,0.179,1.264,21.9,31.3,9.3,65.0
2021-08-18,3.314,0.0,0.157,1.229,20.6,31.0,5.6,69.6
2021-08-19,3.321,0.0,0.136,1.193,21.0,31.5,2.8,57.1
2021-08-20,3.329,0.0,0.114,1.157,22.6,30.7,0.0,63.6
2021-08-21,3.336,0.0,0.093,1.121,21.0,25.5,62.8,88.1
2021-08-22,3.343,0.0,0.071,1.086,22.4,27.0,0.0,81.5
2021-08-23,3.35,0.0,0.05,1.05,21.0,24.0,7.4,89.3
2021-08-24,3.264,0.0,-0.043,1.129,21.1,26.4,10.5,93.6
2021-08-25,3.179,0.0,-0.136,1.207,23.5,27.3,0.3,85.5
2021-08-26,3.093,0.0,-0.229,1.286,22.9,27.9,0.7,84.9
2021-08-27,3.007,0.0,-0.321,1.364,20.4,25.5,0.9,83.5
2021-08-28,2.921,0.0,-0.414,1.443,19.7,28.2,0.9,80.4
2021-08-29,2.836,0.0,-0.507,1.521,21.9,26.3,0.9,82.6
2021-08-30,2.75,0.0,-0.6,1.6,21.2,27.7,0.0,77.5
2021-08-31,2.99,0.105,-0.414,1.429,18.1,23.1,77.4,93.3
2021-09-01,3.231,0.21,-0.229,1.257,18.5,23.9,0.8,83.1
2021-09-02,3.471,0.314,-0.043,1.086,20.7,26.7,3.04,70.3
2021-09-03,3.712,0.419,0.143,0.914,20.6,29.2,5.28,60.3
2021-09-04,3.952,0.524,0.329,0.743,18.5,28.6,7.52,57.0
2021-09-05,4.193,0.629,0.514,0.571,19.4,27.3,9.76,61.1
2021-09-06,4.433,0.733,0.7,0.4,18.0,26.4,12.0,70.1
2021-09-07,4.519,0.724,0.686,0.295,17.6,20.9,29.6,98.1
2021-09-08,4.605,0.714,0.671,0.19,19.0,26.9,1.6,81.3
2021-09-09,4.69,0.705,0.657,0.086,19.1,29.1,6.715,76.5
2021-09-10,4.776,0.695,0.643,-0.019,19.5,28.9,11.831,76.0
2021-09-11,4.862,0.686,0.629,-0.124,19.9,29.4,16.946,73.1
2021-09-12,4.948,0.676,0.614,-0.229,19.2,29.8,22.062,64.6
2021-09-13,5.033,0.667,0.6,-0.333,20.8,30.3,27.177,67.1
2021-09-14,5.019,0.676,0.5,-0.248,20.0,29.5,32.292,63.3
2021-09-15,5.005,0.686,0.4,-0.162,19.5,28.9,37.408,57.5
2021-09-16,4.99,0.695,0.3,-0.076,18.0,27.3,42.523,61.1
2021-09-17,4.976,0.705,0.2,0.01,20.5,28.2,47.638,61.4
2021-09-18,4.962,0.714,0.1,0.095,18.9,29.8,52.754,65.1
2021-09-19,4.948,0.724,-0.0,0.181,20.8,27.8,57.869,62.9
2021-09-20,4.933,0.733,-0.1,0.267,19.0,28.4,62.985,63.6
2021-09-21,4.862,0.829,-0.157,0.348,17.4,26.2,68.1,85.1
2021-09-22,4.79,0.924,-0.214,0.429,16.8,24.3,4.5,79.0
2021-09-23,4.719,1.019,-0.271,0.51,16.9,25.9,3.6,67.3
2021-09-24,4.648,1.114,-0.329,0.59,16.7,26.9,2.7,67.5
2021-09-25,4.576,1.21,-0.386,0.671,18.7,23.1,1.8,72.6
2021-09-26,4.505,1.305,-0.443,0.752,18.4,27.3,0.9,63.0
2021-09-27,4.433,1.4,-0.5,0.833,18.7,25.0,0.0,66.0
2021-09-28,4.352,1.2,-0.51,0.914,19.6,24.4,1.3,75.1
2021-09-29,4.271,1.0,-0.519,0.995,17.8,21.4,13.1,93.5
2021-09-30,4.19,0.8,-0.529,1.076,16.0,25.9,13.2,83.9
2021-10-01,4.11,0.6,-0.538,1.157,16.9,27.5,13.3,75.8
2021-10-02,4.029,0.4,-0.548,1.238,16.4,26.6,10.067,77.1
2021-10-03,3.948,0.2,-0.557,1.319,17.1,28.8,6.833,69.5
2021-10-04,3.867,0.0,-0.567,1.4,19.2,25.6,3.6,81.0
2021-10-05,4.0,0.105,-0.352,1.267,21.7,26.5,0.0,82.4
2021-10-06,4.133,0.21,-0.138,1.133,17.9,21.7,6.4,91.5
2021-10-07,4.267,0.314,0.076,1.0,17.9,21.9,4.6,85.5
2021-10-08,4.4,0.419,0.29,0.867,17.5,20.0,3.5,91.3
2021-10-09,4.533,0.524,0.505,0.733,18.5,24.1,0.4,83.5
2021-10-10,4.667,0.629,0.719,0.6,14.9,24.3,14.2,89.0
2021-10-11,4.8,0.733,0.933,0.467,12.6,17.8,0.3,78.6
2021-10-12,4.771,0.629,0.771,0.571,15.8,21.3,0.225,67.1
2021-10-13,4.743,0.524,0.61,0.676,14.9,25.2,0.15,66.6
2021-10-14,4.714,0.419,0.448,0.781,17.4,23.9,0.075,73.6
2021-10-15,4.686,0.314,0.286,0.886,17.0,21.4,0.0,74.4
2021-10-16,4.657,0.21,0.124,0.99,4.2,18.1,0.0,47.5
2021-10-17,4.629,0.105,-0.038,1.095,1.3,10.8,2.8,37.4
2021-10-18,4.6,0.0,-0.2,1.2,2.8,16.1,5.6,60.4
2021-10-19,4.614,0.214,-0.157,1.238,7.1,15.0,4.4,72.8
2021-10-20,4.629,0.429,-0.114,1.276,4.6,15.8,3.85,64.9
2021-10-21,4.643,0.643,-0.071,1.314,4.9,16.2,3.3,64.1
2021-10-22,4.657,0.857,-0.029,1.352,5.2,17.2,2.75,58.4
2021-10-23,4.671,1.071,0.014,1.39,5.7,18.4,2.2,57.3
2021-10-24,4.686,1.286,0.057,1.429,6.0,18.1,1.65,63.1
2021-10-25,4.7,1.5,0.1,1.467,6.3,17.6,1.1,64.5
2021-10-26,4.776,1.381,0.162,1.39,7.7,19.0,0.55,74.5
2021-10-27,4.852,1.262,0.224,1.314,9.8,18.1,0.0,63.4
2021-10-28,4.929,1.143,0.286,1.238,7.1,20.0,0.175,54.6
2021-10-29,5.005,1.024,0.348,1.162,10.5,20.6,0.35,55.9
2021-10-30,5.081,0.905,0.41,1.086,11.0,18.0,0.525,62.4
2021-10-31,5.157,0.786,0.471,1.01,9.2,20.3,0.7,73.3
2021-11-01,5.233,0.667,0.533,0.933,10.3,16.9,0.525,77.3
2021-11-02,5.367,1.005,0.59,0.8,7.9,16.9,0.35,76.6
2021-11-03,5.5,1.343,0.648,0.667,7.6,17.1,0.175,71.1
2021-11-04,5.633,1.681,0.705,0.533,8.4,16.3,0.0,80.4
2021-11-05,5.767,2.019,0.762,0.4,7.8,20.2,6.425,68.5
2021-11-06,5.9,2.357,0.819,0.267,8.8,21.3,12.85,61.1
2021-11-07,6.033,2.695,0.876,0.133,9.7,21.3,19.275,57.5
2021-11-08,6.167,3.033,0.933,0.0,4.5,15.5,25.7,82.1
2021-11-09,6.362,3.157,0.995,-0.152,3.0,6.5,2.0,80.3
2021-11-10,6.557,3.281,1.057,-0.305,0.7,7.7,0.3,73.4
2021-11-11,6.752,3.405,1.119,-0.457,2.1,9.7,0.0,60.6
2021-11-12,6.948,3.529,1.181,-0.61,1.3,8.6,0.0,55.4
2021-11-13,7.143,3.652,1.243,-0.762,0.5,13.4,0.0,66.1
2021-11-14,7.338,3.776,1.305,-0.914,7.8,16.4,0.0,69.8
2021-11-15,7.533,3.9,1.367,-1.067,5.8,15.7,0.0,71.3
2021-11-16,7.848,4.552,1.486,-1.224,4.4,13.6,0.0,65.5
2021-11-17,8.162,5.205,1.605,-1.381,2.7,12.5,0.0,64.1
2021-11-18,8.476,5.857,1.724,-1.538,7.7,16.2,0.0,70.8
2021-11-19,8.79,6.51,1.843,-1.695,10.2,16.7,1.967,84.8
2021-11-20,9.105,7.162,1.962,-1.852,6.8,15.6,3.933,77.0
2021-11-21,9.419,7.814,2.081,-2.01,7.6,13.1,5.9,74.4
2021-11-22,9.733,8.467,2.2,-2.167,-0.6,7.5,1.3,61.8
2021-11-23,10.195,9.476,2.348,-2.319,-3.7,2.3,0.65,60.9
2021-11-24,10.657,10.486,2.495,-2.471,-2.6,9.1,0.0,64.3
2021-11-25,11.119,11.495,2.643,-2.624,2.6,9.9,0.0,55.0
2021-11-26,11.581,12.505,2.79,-2.776,-0.5,7.2,0.0,57.5
2021-11-27,12.043,13.514,2.938,-2.929,-1.4,10.1,6.8,53.0
2021-11-28,12.505,14.524,3.086,-3.081,-1.3,12.4,13.6,52.4
2021-11-29,12.967,15.533,3.233,-3.233,2.5,13.7,20.4,62.0
2021-11-30,14.562,15.571,4.367,-4.367,0.7,8.9,27.2,80.4
2021-12-01,16.157,15.61,5.5,-5.5,-3.0,1.5,13.65,51.8
2021-12-02,17.752,15.648,6.633,-6.633,-4.6,5.0,0.1,68.9
2021-12-03,19.348,15.686,7.767,-7.767,-1.8,4.6,0.4,53.3
2021-12-04,20.943,15.724,8.9,-8.9,-2.7,7.0,0.443,48.5
2021-12-05,22.538,15.762,10.033,-10.033,-2.3,9.6,0.486,50.4
2021-12-06,24.133,15.8,11.167,-11.167,-0.7,12.1,0.529,61.4
2021-12-07,25.89,16.976,11.329,-11.329,2.6,13.3,0.571,68.3
2021-12-08,27.648,18.152,11.49,-11.49,1.9,13.3,0.614,70.0
2021-12-09,29.405,19.329,11.652,-11.652,2.7,9.7,0.657,70.3
2021-12-10,31.162,20.505,11.814,-11.814,5.8,8.2,0.7,81.5
2021-12-11,32.919,21.681,11.976,-11.976,4.4,9.8,0.825,83.6
2021-12-12,34.676,22.857,12.138,-12.138,-3.8,5.1,0.95,61.8
2021-12-13,36.433,24.033,12.3,-12.3,-5.9,1.9,1.075,43.8
2021-12-14,38.862,26.91,12.971,-12.971,-0.7,8.2,1.2,64.9
2021-12-15,41.29,29.786,13.643,-13.643,5.4,10.0,2.1,84.8
2021-12-16,43.719,32.662,14.314,-14.314,3.3,9.8,0.0,71.6
2021-12-17,46.148,35.538,14.986,-14.986,-10.1,3.2,1.4,50.5
2021-12-18,48.576,38.414,15.657,-15.657,-11.2,-1.8,2.8,64.1
2021-12-19,51.005,41.29,16.329,-16.329,-5.8,4.2,0.2,63.8
2021-12-20,53.433,44.167,17.0,-17.0,-0.9,11.1,0.0,77.9
2021-12-21,55.443,45.162,15.576,-15.576,0.8,8.9,0.05,70.9
2021-12-22,57.452,46.157,14.152,-14.152,-2.6,8.2,0.1,47.4
2021-12-23,59.462,47.152,12.729,-12.729,-1.5,8.3,0.15,53.5
2021-12-24,61.471,48.148,11.305,-11.305,-7.3,3.2,0.2,65.3
2021-12-25,63.481,49.143,9.881,-9.881,-14.4,-7.3,0.133,42.4
2021-12-26,65.49,50.138,8.457,-8.457,-15.5,-7.3,0.067,43.5
2021-12-27,67.5,51.133,7.033,-7.033,-12.9,-3.9,0.0,60.9
2021-12-28,68.364,52.464,5.55,-5.55,-8.5,-0.9,0.1,73.8
2021-12-29,69.229,53.795,4.067,-4.067,-3.8,5.9,0.2,72.9
2021-12-30,70.093,55.126,2.583,-2.583,-6.8,0.2,0.0,48.5
2021-12-31,70.957,56.457,1.1,-1.1,-8.8,-3.9,0.1,35.9
2022-01-01,71.821,57.788,-0.383,0.383,-10.2,2.3,0.2,46.3
2022-01-02,72.686,59.119,-1.867,1.867,-5.2,3.0,0.3,57.9
2022-01-03,73.55,60.45,-3.35,3.35,-8.0,2.5,0.0,58.3
2022-01-04,72.064,59.321,-4.357,5.607,-5.6,1.0,0.0,51.8
2022-01-05,70.579,58.193,-5.364,7.864,-7.8,1.9,0.0,47.6
2022-01-06,69.093,57.064,-6.371,10.121,-5.9,3.3,0.0,47.1
2022-01-07,67.607,55.936,-7.379,12.379,-5.9,4.5,0.0,47.1
2022-01-08,66.121,54.807,-8.386,14.636,-5.0,3.7,0.0,64.3
2022-01-09,64.636,53.679,-9.393,16.893,-1.2,5.6,0.45,71.5
2022-01-10,63.15,52.55,-10.4,19.15,-3.4,4.4,0.9,68.3
2022-01-11,60.857,51.729,-11.207,21.536,-10.3,0.3,0.2,55.5
2022-01-12,58.564,50.907,-12.014,23.921,-11.3,-3.4,0.15,47.8
2022-01-13,56.271,50.086,-12.821,26.307,-8.9,-3.1,0.1,45.8
2022-01-14,53.979,49.264,-13.629,28.693,-10.1,1.3,0.05,41.8
2022-01-15,51.686,48.443,-14.436,31.079,-5.3,1.8,0.0,48.3
2022-01-16,49.393,47.621,-15.243,33.464,-7.2,2.4,0.0,54.5
2022-01-17,47.1,46.8,-16.05,35.85,-9.2,0.1,0.5,59.9
2022-01-18,45.057,45.336,-15.8,37.893,-9.9,-0.7,1.1,47.9
2022-01-19,43.014,43.871,-15.55,39.936,-7.7,-2.7,1.7,72.3
2022-01-20,40.971,42.407,-15.3,41.979,-9.8,0.9,1.533,63.5
2022-01-21,38.929,40.943,-15.05,44.021,-8.7,4.6,1.367,55.6
2022-01-22,36.886,39.479,-14.8,46.064,-5.0,7.1,1.2,52.4
2022-01-23,34.843,38.014,-14.55,48.107,-0.6,6.7,1.033,52.4
2022-01-24,32.8,36.55,-14.3,50.15,1.3,8.4,0.867,56.0
2022-01-25,31.957,36.807,-13.1,50.993,1.9,4.5,0.7,80.0
2022-01-26,31.114,37.064,-11.9,51.836,-1.9,6.8,0.783,62.8
2022-01-27,30.271,37.321,-10.7,52.679,-4.6,4.0,0.867,50.0
2022-01-28,29.429,37.579,-9.5,53.521,-5.9,2.1,0.95,51.6
2022-01-29,28.586,37.836,-8.3,54.364,-7.2,0.9,1.033,48.9
2022-01-30,27.743,38.093,-7.1,55.207,-8.0,2.4,1.117,45.4
2022-01-31,26.9,38.35,-5.9,56.05,-6.8,4.8,1.2,59.0
2022-02-01,26.379,36.679,-5.579,56.571,-2.7,0.9,1.7,76.6
2022-02-02,25.857,35.007,-5.257,57.093,-6.0,0.0,1.133,60.5
2022-02-03,25.336,33.336,-4.936,57.614,-6.9,0.4,0.567,52.4
2022-02-04,24.814,31.664,-4.614,58.136,-8.2,-0.7,0.0,53.3
2022-02-05,24.293,29.993,-4.293,58.657,-9.7,-2.0,0.17,48.8
2022-02-06,23.771,28.321,-3.971,59.179,-8.4,1.7,0.34,50.3
2022-02-07,23.25,26.65,-3.65,59.7,-7.3,1.9,0.51,51.3
2022-02-08,22.95,27.55,-3.429,60.0,-4.1,5.6,0.68,53.8
2022-02-09,22.65,28.45,-3.207,60.3,-4.3,7.2,0.85,52.3
2022-02-10,22.35,29.35,-2.986,60.6,-3.2,6.7,1.02,57.8
2022-02-11,22.05,30.25,-2.764,60.9,-2.6,8.8,1.19,61.1
2022-02-12,21.75,31.15,-2.543,61.2,-0.1,10.4,1.36,50.4
2022-02-13,21.45,32.05,-2.321,61.5,1.6,9.5,1.53,44.9
2022-02-14,21.15,32.95,-2.1,61.8,-1.3,8.1,1.7,68.3
2022-02-15,20.393,31.386,-2.557,62.557,-7.7,-1.3,0.0,58.0
2022-02-16,19.636,29.821,-3.014,63.314,-9.6,-4.1,0.0,50.4
2022-02-17,18.879,28.257,-3.471,64.071,-10.7,-0.5,0.033,41.6
2022-02-18,18.121,26.693,-3.929,64.829,-8.0,5.7,0.067,40.4
2022-02-19,17.364,25.129,-4.386,65.586,-6.2,3.7,0.1,52.9
2022-02-20,16.607,23.564,-4.843,66.343,-8.4,-0.5,0.1,41.1
2022-02-21,15.85,22.0,-5.3,67.1,-8.1,3.6,0.1,56.3
2022-02-22,15.479,21.721,-4.914,66.221,-8.0,0.5,0.3,43.3
2022-02-23,15.107,21.443,-4.529,65.343,-10.0,-0.6,0.5,38.5
2022-02-24,14.736,21.164,-4.143,64.464,-8.5,3.7,0.7,52.4
2022-02-25,14.364,20.886,-3.757,63.586,-3.6,8.4,0.9,77.5
2022-02-26,13.993,20.607,-3.371,62.707,1.0,9.3,1.1,78.4
2022-02-27,13.621,20.329,-2.986,61.829,-1.6,9.1,1.5,56.6
2022-02-28,13.25,20.05,-2.6,60.95,2.7,11.5,1.9,62.3
2022-03-01,13.036,19.393,-2.443,59.586,0.3,9.7,2.3,70.5
2022-03-02,12.821,18.736,-2.286,58.221,-2.3,8.8,2.327,55.9
2022-03-03,12.607,18.079,-2.129,56.857,0.9,12.4,2.355,52.9
2022-03-04,12.393,17.421,-1.971,55.493,0.6,14.6,2.382,60.5
2022-03-05,12.179,16.764,-1.814,54.129,-0.7,6.7,2.409,38.4
2022-03-06,11.964,16.107,-1.657,52.764,-3.0,6.8,2.436,39.5
2022-03-07,11.75,15.45,-1.5,51.4,-2.7,8.7,2.464,45.8
2022-03-08,11.557,16.207,-1.479,49.3,1.1,12.3,2.491,56.1
2022-03-09,11.364,16.964,-1.457,47.2,1.7,14.8,2.518,69.6
2022-03-10,11.171,17.721,-1.436,45.1,4.2,15.8,2.545,51.4
2022-03-11,10.979,18.479,-1.414,43.0,5.1,18.4,2.573,58.4
2022-03-12,10.786,19.236,-1.393,40.9,6.3,19.5,2.6,72.1
2022-03-13,10.593,19.993,-1.371,38.8,10.7,12.6,42.1,95.5
2022-03-14,10.4,20.75,-1.35,36.7,4.9,13.2,8.7,90.3
2022-03-15,10.9,19.421,-0.657,34.157,2.3,13.3,6.2,72.6
2022-03-16,11.4,18.093,0.036,31.614,3.6,16.8,3.7,62.6
2022-03-17,11.9,16.764,0.729,29.071,7.8,15.1,1.2,62.0
2022-03-18,12.4,15.436,1.421,26.529,5.5,9.6,0.0,60.8
2022-03-19,12.9,14.107,2.114,23.986,0.9,6.1,14.6,84.6
2022-03-20,13.4,12.779,2.807,21.443,2.2,9.3,0.0,66.1
2022-03-21,13.9,11.45,3.5,18.9,-0.3,10.9,2.18,49.5
2022-03-22,14.043,12.764,3.143,18.179,1.1,13.6,4.36,48.9
2022-03-23,14.186,14.079,2.786,17.457,4.9,8.2,6.54,56.8
2022-03-24,14.329,15.393,2.429,16.736,3.9,12.4,8.72,70.6
2022-03-25,14.471,16.707,2.071,16.014,6.3,17.2,10.9,70.0
2022-03-26,14.614,18.021,1.714,15.293,9.5,14.7,19.8,80.9
2022-03-27,14.757,19.336,1.357,14.571,5.0,12.6,14.95,49.1
2022-03-28,14.9,20.65,1.0,13.85,1.5,15.1,10.1,35.6
2022-03-29,15.107,20.471,1.064,13.421,3.3,15.6,5.25,52.9
2022-03-30,15.314,20.293,1.129,12.993,5.9,15.7,0.4,76.5
2022-03-31,15.521,20.114,1.193,12.564,7.6,14.7,0.41,63.5
2022-04-01,15.729,19.936,1.257,12.136,4.5,14.9,0.42,50.5
2022-04-02,15.936,19.757,1.321,11.707,3.7,14.2,0.43,55.0
2022-04-03,16.143,19.579,1.386,11.279,3.5,17.0,0.44,55.0
2022-04-04,16.35,19.4,1.45,10.85,5.1,16.4,0.45,50.3
2022-04-05,16.971,19.586,1.864,10.45,4.9,15.8,0.46,41.1
2022-04-06,17.593,19.771,2.279,10.05,8.0,17.0,0.47,52.3
2022-04-07,18.214,19.957,2.693,9.65,7.4,15.7,0.48,43.5
2022-04-08,18.836,20.143,3.107,9.25,5.1,20.0,0.49,49.0
2022-04-09,19.457,20.329,3.521,8.85,12.4,24.2,0.5,43.8
2022-04-10,20.079,20.514,3.936,8.45,12.7,25.1,0.5,46.0
2022-04-11,20.7,20.7,4.35,8.05,13.4,26.6,0.5,60.4
2022-04-12,20.543,20.564,3.571,7.971,15.9,26.4,0.5,77.9
2022-04-13,20.386,20.429,2.793,7.893,12.0,15.9,1.3,69.3
2022-04-14,20.229,20.293,2.014,7.814,11.4,15.3,1.209,53.4
2022-04-15,20.071,20.157,1.236,7.736,7.5,19.3,1.118,46.8
2022-04-16,19.914,20.021,0.457,7.657,7.1,20.2,1.027,48.5
2022-04-17,19.757,19.886,-0.321,7.579,7.2,21.9,0.936,53.8
2022-04-18,19.6,19.75,-1.1,7.5,11.4,21.6,0.845,46.1
2022-04-19,17.479,19.164,-3.064,9.293,8.9,22.1,0.755,51.9
2022-04-20,15.357,18.579,-5.029,11.086,9.7,22.1,0.664,48.8
2022-04-21,13.236,17.993,-6.993,12.879,9.6,22.7,0.573,48.4
2022-04-22,11.114,17.407,-8.957,14.671,13.2,16.8,0.482,76.8
2022-04-23,8.993,16.821,-10.921,16.464,10.4,25.3,0.391,57.3
2022-04-24,6.871,16.236,-12.886,18.257,15.0,24.5,0.3,72.5
2022-04-25,4.75,15.65,-14.85,20.05,17.0,23.6,1.3,80.5
2022-04-26,5.9,15.007,-11.579,18.643,17.0,28.7,1.0,57.9
2022-04-27,7.05,14.364,-8.307,17.236,12.6,23.9,0.5,31.5
2022-04-28,8.2,13.721,-5.036,15.829,11.6,25.9,0.0,44.0
2022-04-29,9.35,13.079,-1.764,14.421,10.7,16.5,15.5,70.6
2022-04-30,10.5,12.436,1.507,13.014,10.5,17.8,13.625,68.0
2022-05-01,11.65,11.793,4.779,11.607,7.9,19.2,11.75,54.8
2022-05-02,12.8,11.15,8.05,10.2,9.1,19.4,9.875,56.5
2022-05-03,12.429,10.607,6.529,10.343,9.1,20.8,8.0,45.9
2022-05-04,12.057,10.064,5.007,10.486,10.0,25.2,6.125,43.3
2022-05-05,11.686,9.521,3.486,10.629,12.5,25.8,4.25,48.1
2022-05-06,11.314,8.979,1.964,10.771,13.7,25.6,2.375,67.1
2022-05-07,10.943,8.436,0.443,10.914,15.3,23.1,0.5,52.4
2022-05-08,10.571,7.893,-1.079,11.057,11.7,18.2,2.0,51.8
2022-05-09,10.2,7.35,-2.6,11.2,11.0,25.3,1.0,56.4
2022-05-10,9.764,6.643,-2.664,11.621,13.6,26.3,0.0,39.0
2022-05-11,9.329,5.936,-2.729,12.043,16.6,25.2,0.0,50.4
2022-05-12,8.893,5.229,-2.793,12.464,14.1,28.1,0.214,51.5
2022-05-13,8.457,4.521,-2.857,12.886,15.0,25.2,0.429,45.8
2022-05-14,8.021,3.814,-2.921,13.307,11.9,20.0,0.643,45.5
2022-05-15,7.586,3.107,-2.986,13.729,10.5,22.4,0.857,39.8
2022-05-16,7.15,2.4,-3.05,14.15,10.9,23.7,1.071,56.3
2022-05-17,6.964,2.707,-2.8,14.336,13.0,27.4,1.286,60.1
2022-05-18,6.779,3.014,-2.55,14.521,15.7,25.4,1.5,59.4
2022-05-19,6.593,3.321,-2.3,14.707,16.1,24.2,1.786,53.6
2022-05-20,6.407,3.629,-2.05,14.893,15.6,25.8,2.071,52.8
2022-05-21,6.221,3.936,-1.8,15.079,16.1,26.0,2.357,70.8
2022-05-22,6.036,4.243,-1.55,15.264,15.7,25.8,2.643,70.9
2022-05-23,5.85,4.55,-1.3,15.45,17.8,30.7,2.929,63.5
2022-05-24,5.729,4.657,-1.236,15.571,16.7,30.2,3.214,56.8
2022-05-25,5.607,4.764,-1.171,15.693,16.7,26.7,3.5,66.6
2022-05-26,5.486,4.871,-1.107,15.814,14.1,23.5,0.0,59.9
2022-05-27,5.364,4.979,-1.043,15.936,16.0,25.6,0.0,62.5
2022-05-28,5.243,5.086,-0.979,16.057,15.0,29.3,0.0,54.1
2022-05-29,5.121,5.193,-0.914,16.179,19.3,29.7,0.0,66.4
2022-05-30,5.0,5.3,-0.85,16.3,17.2,24.7,0.0,71.0
2022-05-31,4.5,4.543,-1.229,16.714,14.2,27.2,0.0,42.4
2022-06-01,4.0,3.786,-1.607,17.129,16.2,28.6,0.0,41.6
2022-06-02,3.5,3.029,-1.986,17.543,17.1,26.9,0.0,67.4
2022-06-03,3.0,2.271,-2.364,17.957,18.7,32.6,0.0,62.8
2022-06-04,2.5,1.514,-2.743,18.371,20.3,29.7,0.0,57.0
2022-06-05,2.0,0.757,-3.121,18.786,20.2,27.0,0.0,59.8
2022-06-06,1.5,0.0,-3.5,19.2,16.7,24.5,4.3,69.0
2022-06-07,1.571,0.0,-2.929,18.971,15.1,25.1,0.0,54.5
2022-06-08,1.643,0.0,-2.357,18.743,16.2,25.8,1.3,61.6
2022-06-09,1.714,0.0,-1.786,18.514,18.5,24.5,2.6,76.1
2022-06-10,1.786,0.0,-1.214,18.286,17.2,26.6,1.2,75.8
2022-06-11,1.857,0.0,-0.643,18.057,17.7,32.7,6.8,59.6
2022-06-12,1.929,0.0,-0.071,17.829,18.9,31.5,12.4,58.9
2022-06-13,2.0,0.0,0.5,17.6,19.6,29.2,18.0,68.5
2022-06-14,2.043,0.0,0.471,16.586,17.7,27.1,0.0,56.4
2022-06-15,2.086,0.0,0.443,15.571,14.9,20.1,18.5,92.4
2022-06-16,2.129,0.0,0.414,14.557,17.6,24.8,0.7,78.4
2022-06-17,2.171,0.0,0.386,13.543,16.5,28.1,0.35,76.4
2022-06-18,2.214,0.0,0.357,12.529,22.0,25.1,0.0,79.6
2022-06-19,2.257,0.0,0.329,11.514,22.3,25.1,20.6,81.6
2022-06-20,2.3,0.0,0.3,10.5,22.0,29.0,41.2,76.6
2022-06-21,2.286,0.0,0.243,10.514,21.2,32.6,61.8,72.6
2022-06-22,2.271,0.0,0.186,10.529,21.9,31.0,82.4,71.1
2022-06-23,2.257,0.0,0.129,10.543,23.3,26.4,103.0,89.1
2022-06-24,2.243,0.0,0.071,10.557,20.6,24.9,19.1,90.9
2022-06-25,2.229,0.0,0.014,10.571,21.5,30.5,14.767,80.4
2022-06-26,2.214,0.0,-0.043,10.586,24.8,28.1,10.433,82.1
2022-06-27,2.2,0.0,-0.1,10.6,25.4,28.1,6.1,84.4
2022-06-28,2.3,0.0,0.014,10.129,25.7,27.9,6.3,81.9
2022-06-29,2.4,0.0,0.129,9.657,24.4,26.1,37.8,95.5
2022-06-30,2.5,0.0,0.243,9.186,21.2,24.5,176.2,99.3
2022-07-01,2.6,0.0,0.357,8.714,21.9,30.9,132.15,83.3
2022-07-02,2.7,0.0,0.471,8.243,24.0,33.8,88.1,72.8
2022-07-03,2.8,0.0,0.586,7.771,24.4,34.2,44.05,68.6
2022-07-04,2.9,0.0,0.7,7.3,26.4,32.6,0.0,71.8
2022-07-05,2.957,1.243,0.657,6.807,26.7,33.1,0.0,73.8
2022-07-06,3.014,2.486,0.614,6.314,26.2,33.3,16.1,76.0
2022-07-07,3.071,3.729,0.571,5.821,26.4,31.0,0.0,82.3
2022-07-08,3.129,4.971,0.529,5.329,24.0,27.9,1.7,84.4
2022-07-09,3.186,6.214,0.486,4.836,24.0,30.9,0.1,82.1
2022-07-10,3.243,7.457,0.443,4.343,24.6,35.1,0.0,68.0
2022-07-11,3.3,8.7,0.4,3.85,24.7,30.6,9.0,75.0
2022-07-12,3.371,9.314,0.414,3.593,23.2,29.4,61.75,73.1
2022-07-13,3.443,9.929,0.429,3.336,24.0,27.1,114.5,93.9
2022-07-14,3.514,10.543,0.443,3.079,23.3,29.9,0.9,84.6
2022-07-15,3.586,11.157,0.457,2.821,23.0,30.3,17.45,76.5
2022-07-16,3.657,11.771,0.471,2.564,23.2,28.2,34.0,83.4
2022-07-17,3.729,12.386,0.486,2.307,22.5,29.7,0.0,78.9
2022-07-18,3.8,13.0,0.5,2.05,23.1,30.1,0.367,76.0
2022-07-19,3.929,11.671,0.557,1.8,24.3,31.1,0.733,74.1
2022-07-20,4.057,10.343,0.614,1.55,24.3,30.4,1.1,76.1
2022-07-21,4.186,9.014,0.671,1.3,20.8,25.2,10.4,87.6
2022-07-22,4.314,7.686,0.729,1.05,22.9,27.5,5.2,81.5
2022-07-23,4.443,6.357,0.786,0.8,22.3,28.0,9.9,83.6
2022-07-24,4.571,5.029,0.843,0.55,22.0,28.4,1.2,86.9
2022-07-25,4.7,3.7,0.9,0.3,23.6,32.0,1.167,75.0
2022-07-26,4.714,3.814,0.786,0.243,24.4,33.1,1.133,72.5
2022-07-27,4.729,3.929,0.671,0.186,26.4,33.4,1.1,66.3
2022-07-28,4.743,4.043,0.557,0.129,25.1,34.4,1.067,63.8
2022-07-29,4.757,4.157,0.443,0.071,27.3,34.3,1.033,68.1
2022-07-30,4.771,4.271,0.329,0.014,27.3,36.1,1.0,68.4
2022-07-31,4.786,4.386,0.214,-0.043,25.4,29.0,47.2,85.8
2022-08-01,4.8,4.5,0.1,-0.1,25.4,32.4,30.0,82.4
2022-08-02,4.7,4.371,-0.014,0.014,25.5,28.5,33.5,90.0
2022-08-03,4.6,4.243,-0.129,0.129,25.2,30.0,51.1,90.1
2022-08-04,4.5,4.114,-0.243,0.243,26.0,32.9,0.0,79.3
2022-08-05,4.4,3.986,-0.357,0.357,27.0,32.7,0.0,76.6
2022-08-06,4.3,3.857,-0.471,0.471,27.4,30.3,13.6,85.3
2022-08-07,4.2,3.729,-0.586,0.586,27.2,31.7,0.9,82.1
2022-08-08,4.1,3.6,-0.7,0.7,24.6,28.4,129.6,91.6
2022-08-09,4.1,3.571,-0.6,0.7,22.0,26.5,123.1,96.0
2022-08-10,4.1,3.543,-0.5,0.7,21.4,28.8,7.6,85.3
2022-08-11,4.1,3.514,-0.4,0.7,23.4,27.5,38.8,87.9
2022-08-12,4.1,3.486,-0.3,0.7,23.0,32.4,21.4,73.8
2022-08-13,4.1,3.457,-0.2,0.7,24.7,27.5,4.0,82.8
2022-08-14,4.1,3.429,-0.1,0.7,24.5,31.5,3.0,83.0
2022-08-15,4.1,3.4,0.0,0.7,26.6,29.8,0.9,83.0
2022-08-16,4.329,2.914,0.229,0.471,24.1,30.0,0.0,75.4
2022-08-17,4.557,2.429,0.457,0.243,22.8,30.5,0.0,76.6
2022-08-18,4.786,1.943,0.686,0.014,22.4,29.8,33.05,75.8
2022-08-19,5.014,1.457,0.914,-0.214,23.3,27.5,66.1,86.1
2022-08-20,5.243,0.971,1.143,-0.443,25.7,32.0,0.0,80.0
2022-08-21,5.471,0.486,1.371,-0.671,24.7,32.0,1.6,75.3
2022-08-22,5.7,0.0,1.6,-0.9,22.9,30.2,3.2,75.6
2022-08-23,5.586,1.243,1.257,-0.657,22.4,30.2,2.2,75.0
2022-08-24,5.471,2.486,0.914,-0.414,22.4,27.9,1.9,66.9
2022-08-25,5.357,3.729,0.571,-0.171,21.1,24.0,1.6,78.0
2022-08-26,5.243,4.971,0.229,0.071,19.9,28.4,9.6,75.3
2022-08-27,5.129,6.214,-0.114,0.314,17.6,25.5,17.6,63.1
2022-08-28,5.014,7.457,-0.457,0.557,16.1,28.4,9.9,59.4
2022-08-29,4.9,8.7,-0.8,0.8,19.5,22.5,2.2,74.0
2022-08-30,4.943,7.457,-0.643,0.757,17.9,20.3,35.8,96.3
2022-08-31,4.986,6.214,-0.486,0.714,19.6,24.9,0.0,83.3
2022-09-01,5.029,4.971,-0.329,0.671,18.3,30.4,8.45,70.8
2022-09-02,5.071,3.729,-0.171,0.629,20.3,29.8,16.9,61.8
2022-09-03,5.114,2.486,-0.014,0.586,20.5,29.2,25.35,63.0
2022-09-04,5.157,1.243,0.143,0.543,19.8,24.0,33.8,88.6
2022-09-05,5.2,0.0,0.3,0.5,17.7,22.7,120.0,95.9
2022-09-06,5.2,0.9,0.257,0.5,17.0,26.3,25.3,78.0
2022-09-07,5.2,1.8,0.214,0.5,17.9,28.1,20.26,65.3
2022-09-08,5.2,2.7,0.171,0.5,16.7,29.5,15.22,65.5
2022-09-09,5.2,3.6,0.129,0.5,18.9,30.8,10.18,59.1
2022-09-10,5.2,4.5,0.086,0.5,19.0,28.4,5.14,52.3
2022-09-11,5.2,5.4,0.043,0.5,20.6,26.4,0.1,68.6
2022-09-12,5.2,6.3,0.0,0.5,20.3,27.5,0.05,76.1
2022-09-13,5.286,5.4,0.086,0.414,21.8,26.4,0.0,73.0
2022-09-14,5.371,4.5,0.171,0.329,22.7,27.9,0.0,56.9
2022-09-15,5.457,3.6,0.257,0.243,22.0,28.3,0.1,66.9
2022-09-16,5.543,2.7,0.343,0.157,23.4,29.9,14.6,78.6
2022-09-17,5.629,1.8,0.429,0.071,23.3,29.4,4.3,83.1
2022-09-18,5.714,0.9,0.514,-0.014,23.0,32.5,4.133,75.3
2022-09-19,5.8,0.0,0.6,-0.1,19.5,29.6,3.967,63.1
2022-09-20,5.814,0.986,0.529,-0.1,16.1,24.6,3.8,57.0
2022-09-21,5.829,1.971,0.457,-0.1,13.0,25.6,3.633,56.9
2022-09-22,5.843,2.957,0.386,-0.1,14.2,24.7,3.467,60.1
2022-09-23,5.857,3.943,0.314,-0.1,14.7,22.2,3.3,68.9
2022-09-24,5.871,4.929,0.243,-0.1,12.3,24.2,4.689,64.6
2022-09-25,5.886,5.914,0.171,-0.1,15.4,25.2,6.078,63.3
2022-09-26,5.9,6.9,0.1,-0.1,14.8,25.4,7.467,58.5
2022-09-27,6.357,5.914,0.543,-0.543,14.0,28.0,8.856,59.0
2022-09-28,6.814,4.929,0.986,-0.986,16.1,26.1,10.244,71.0
2022-09-29,7.271,3.943,1.429,-1.429,16.4,26.5,11.633,73.5
2022-09-30,7.729,2.957,1.871,-1.871,14.8,27.7,13.022,68.0
2022-10-01,8.186,1.971,2.314,-2.314,14.4,27.6,14.411,63.3
2022-10-02,8.643,0.986,2.757,-2.757,17.2,21.6,15.8,78.9
2022-10-03,9.1,0.0,3.2,-3.2,17.5,23.4,76.0,98.5
2022-10-04,8.871,0.686,2.514,-2.514,14.2,23.0,11.8,83.8
2022-10-05,8.643,1.371,1.829,-1.829,14.1,21.6,0.1,74.8
2022-10-06,8.414,2.057,1.143,-1.143,12.7,19.1,0.0,76.6
2022-10-07,8.186,2.743,0.457,-0.457,11.0,18.6,6.8,69.5
2022-10-08,7.957,3.429,-0.229,0.229,11.1,21.6,13.6,64.6
2022-10-09,7.729,4.114,-0.914,0.914,10.7,14.5,20.4,85.8
2022-10-10,7.5,4.8,-1.6,1.6,8.2,11.9,0.0,72.9
2022-10-11,7.686,4.114,-1.186,1.414,7.4,16.4,0.0,69.1
2022-10-12,7.871,3.429,-0.771,1.229,6.5,20.6,0.0,68.1
2022-10-13,8.057,2.743,-0.357,1.043,10.7,22.7,0.0,69.6
2022-10-14,8.243,2.057,0.057,0.857,12.4,23.0,0.0,73.4
2022-10-15,8.429,1.371,0.471,0.671,12.6,24.4,0.0,68.5
2022-10-16,8.614,0.686,0.886,0.486,15.1,20.5,0.0,73.9
2022-10-17,8.8,0.0,1.3,0.3,7.4,15.1,0.0,50.3
2022-10-18,9.114,0.871,1.429,-0.014,5.0,14.2,0.0,52.1
2022-10-19,9.429,1.743,1.557,-0.329,4.4,16.8,0.0,57.8
2022-10-20,9.743,2.614,1.686,-0.643,6.0,19.7,0.0,64.4
2022-10-21,10.057,3.486,1.814,-0.957,8.8,20.9,0.0,68.8
2022-10-22,10.371,4.357,1.943,-1.271,10.5,20.8,0.0,76.3
2022-10-23,10.686,5.229,2.071,-1.586,10.4,18.6,0.0,65.0
2022-10-24,11.0,6.1,2.2,-1.9,7.5,14.8,0.0,52.6
2022-10-25,11.471,5.229,2.357,-2.1,5.9,17.6,0.0,56.5
2022-10-26,11.943,4.357,2.514,-2.3,8.0,17.8,0.0,58.3
2022-10-27,12.414,3.486,2.671,-2.5,8.6,18.9,0.0,71.8
2022-10-28,12.886,2.614,2.829,-2.7,8.2,20.6,0.0,70.1
2022-10-29,13.357,1.743,2.986,-2.9,10.2,21.3,0.0,65.9
2022-10-30,13.829,0.871,3.143,-3.1,10.4,21.3,0.0,64.5
2022-10-31,14.3,0.0,3.3,-3.3,11.2,21.1,0.0,69.8
2022-11-01,15.057,1.243,3.586,-3.586,9.4,17.8,0.0,73.5
2022-11-02,15.814,2.486,3.871,-3.871,5.5,17.9,0.0,57.1
2022-11-03,16.571,3.729,4.157,-4.157,5.6,13.4,0.0,58.1
2022-11-04,17.329,4.971,4.443,-4.443,1.6,9.8,0.0,41.8
2022-11-05,18.086,6.214,4.729,-4.729,0.8,13.6,0.0,51.3
2022-11-06,18.843,7.457,5.014,-5.014,3.7,16.4,0.0,60.5
2022-11-07,19.6,8.7,5.3,-5.3,6.1,16.6,0.0,64.5
2022-11-08,19.3,8.914,4.243,-4.243,9.7,17.9,11.58,68.3
2022-11-09,19.0,9.129,3.186,-3.186,6.7,16.0,23.16,76.0
2022-11-10,18.7,9.343,2.129,-2.129,8.8,19.1,34.74,74.5
2022-11-11,18.4,9.557,1.071,-1.071,10.9,22.1,46.32,62.5
2022-11-12,18.1,9.771,0.014,-0.014,11.6,22.0,57.9,80.0
2022-11-13,17.8,9.986,-1.043,1.043,8.7,17.3,39.133,85.6
2022-11-14,17.5,10.2,-2.1,2.1,5.9,13.8,20.367,74.8
2022-11-15,17.6,12.243,-1.7,2.0,4.0,12.3,1.6,77.4
2022-11-16,17.7,14.286,-1.3,1.9,5.5,13.0,1.371,71.3
2022-11-17,17.8,16.329,-0.9,1.8,5.4,16.6,1.143,64.6
2022-11-18,17.9,18.371,-0.5,1.7,5.3,18.1,0.914,69.6
2022-11-19,18.0,20.414,-0.1,1.6,8.7,19.2,0.686,55.8
2022-11-20,18.1,22.457,0.3,1.5,9.5,20.2,0.457,58.3
2022-11-21,18.2,24.5,0.7,1.4,9.3,16.2,0.229,70.5
2022-11-22,17.957,23.929,0.357,1.643,7.0,13.7,0.0,69.9
2022-11-23,17.714,23.357,0.014,1.886,6.8,15.2,0.0,56.0
2022-11-24,17.471,22.786,-0.329,2.129,5.9,14.1,0.85,65.6
2022-11-25,17.229,22.214,-0.671,2.371,7.1,17.8,1.7,67.1
2022-11-26,16.986,21.643,-1.014,2.614,1.0,12.9,7.633,52.4
2022-11-27,16.743,21.071,-1.357,2.857,-1.1,11.5,13.567,43.1
2022-11-28,16.5,20.5,-1.7,3.1,7.5,15.0,19.5,65.5
2022-11-29,17.614,20.329,-0.343,1.986,-1.6,15.0,3.8,67.0
2022-11-30,18.729,20.157,1.014,0.871,-8.1,-1.6,3.125,49.1
2022-12-01,19.843,19.986,2.371,-0.243,-9.4,-1.2,2.45,43.4
2022-12-02,20.957,19.814,3.729,-1.357,-7.6,3.0,1.775,42.0
2022-12-03,22.071,19.643,5.086,-2.471,-0.3,7.0,1.1,70.5
2022-12-04,23.186,19.471,6.443,-3.586,-5.2,-0.2,0.767,38.9
2022-12-05,24.3,19.3,7.8,-4.7,-7.0,1.9,0.433,41.9
2022-12-06,26.071,18.286,8.457,-5.8,-3.9,5.3,0.1,62.8
2022-12-07,27.843,17.271,9.114,-6.9,1.2,9.0,0.1,60.4
2022-12-08,29.614,16.257,9.771,-8.0,0.1,9.1,0.05,57.5
2022-12-09,31.386,15.243,10.429,-9.1,0.9,10.2,0.0,60.8
2022-12-10,33.157,14.229,11.086,-10.2,-0.6,6.7,1.8,46.5
2022-12-11,34.929,13.214,11.743,-11.3,-1.5,6.8,3.6,52.5
2022-12-12,36.7,12.2,12.4,-12.4,-2.0,6.3,5.4,73.4
2022-12-13,37.071,14.829,11.0,-11.0,-6.4,3.1,0.6,70.8
2022-12-14,37.443,17.457,9.6,-9.6,-11.0,-4.9,1.5,50.1
2022-12-15,37.814,20.086,8.2,-8.2,-8.5,-1.3,2.4,79.1
2022-12-16,38.186,22.714,6.8,-6.8,-9.6,-2.2,1.3,56.9
2022-12-17,38.557,25.343,5.4,-5.4,-9.8,-3.2,0.2,52.0
2022-12-18,38.929,27.971,4.0,-4.0,-12.4,-5.6,1.05,47.1
2022-12-19,39.3,30.6,2.6,-2.6,-12.0,-2.5,1.9,55.6
2022-12-20,42.221,33.086,3.929,-3.929,-9.5,2.9,2.75,55.8
2022-12-21,45.143,35.571,5.257,-5.257,-2.6,2.6,3.6,82.4
2022-12-22,48.064,38.057,6.586,-6.586,-11.3,-2.6,3.1,60.5
2022-12-23,50.986,40.543,7.914,-7.914,-13.7,-8.6,2.6,60.5
2022-12-24,53.907,43.029,9.243,-9.243,-13.5,-2.0,2.1,54.9
2022-12-25,56.829,45.514,10.571,-10.571,-9.6,0.2,1.6,66.5
2022-12-26,59.75,48.0,11.9,-11.9,-7.9,1.7,1.1,68.4
2022-12-27,59.743,46.543,9.714,-9.714,-7.3,3.3,0.6,69.8
2022-12-28,59.736,45.086,7.529,-7.529,-6.0,0.1,0.1,58.1
2022-12-29,59.729,43.629,5.343,-5.343,-7.8,2.1,0.0,56.3
2022-12-30,59.721,42.171,3.157,-3.157,-4.4,2.3,0.0,65.6
2022-12-31,59.714,40.714,0.971,-0.971,-5.1,2.1,0.0,65.5
2023-01-01,59.707,39.257,-1.214,1.214,-4.3,3.8,0.65,55.0
2023-01-02,59.7,37.8,-3.4,3.4,-7.4,-0.4,1.3,46.0
2023-01-03,58.357,36.571,-4.257,4.743,-9.0,0.6,1.95,49.0
2023-01-04,57.014,35.343,-5.114,6.086,-5.7,3.3,2.6,51.0
2023-01-05,55.671,34.114,-5.971,7.429,-5.6,3.6,3.25,58.1
2023-01-06,54.329,32.886,-6.829,8.771,-4.7,5.7,3.9,71.9
2023-01-07,52.986,31.657,-7.686,10.114,-1.4,3.8,0.1,80.9
2023-01-08,51.643,30.429,-8.543,11.457,-3.7,6.3,0.08,69.3
2023-01-09,50.3,29.2,-9.4,12.8,-1.3,7.0,0.06,60.1
2023-01-10,48.486,26.371,-9.871,14.614,-3.9,9.1,0.04,59.9
2023-01-11,46.671,23.543,-10.343,16.429,-2.0,9.2,0.02,61.9
2023-01-12,44.857,20.714,-10.814,18.243,-0.6,12.5,0.0,46.6
2023-01-13,43.043,17.886,-11.286,20.057,5.1,10.1,37.3,99.1
2023-01-14,41.229,15.057,-11.757,21.871,3.8,8.4,1.6,92.9
2023-01-15,39.414,12.229,-12.229,23.686,-3.5,3.8,3.2,93.9
2023-01-16,37.6,9.4,-12.7,25.5,-6.8,-1.2,0.0,63.1
2023-01-17,37.471,10.257,-11.014,25.629,-7.0,-0.4,0.0,65.1
2023-01-18,37.343,11.114,-9.329,25.757,-4.6,2.2,0.0,60.5
2023-01-19,37.214,11.971,-7.643,25.886,-6.0,4.3,1.0,69.3
2023-01-20,37.086,12.829,-5.957,26.014,-7.7,2.0,0.667,52.4
2023-01-21,36.957,13.686,-4.271,26.143,-10.5,1.5,0.333,55.4
2023-01-22,36.829,14.543,-2.586,26.271,-2.8,2.6,0.0,62.8
2023-01-23,36.7,15.4,-0.9,26.4,-6.9,4.6,0.0,66.6
2023-01-24,34.686,13.5,-2.786,28.414,-17.0,-6.9,0.0,51.9
2023-01-25,32.671,11.6,-4.671,30.429,-17.3,-5.4,0.0,45.1
2023-01-26,30.657,9.7,-6.557,32.443,-9.0,-3.5,0.8,80.1
2023-01-27,28.643,7.8,-8.443,34.457,-9.6,-3.8,0.4,56.5
2023-01-28,26.629,5.9,-10.329,36.471,-11.2,-0.6,0.0,54.9
2023-01-29,24.614,4.0,-12.214,38.486,-8.0,4.9,0.0,58.3
2023-01-30,22.6,2.1,-14.1,40.5,-4.4,4.2,0.0,55.9
2023-01-31,22.114,3.486,-12.571,40.986,-3.5,7.8,0.0,69.1
2023-02-01,21.629,4.871,-11.043,41.471,-3.0,6.0,0.0,68.4
2023-02-02,21.143,6.257,-9.514,41.957,-5.1,1.4,0.0,50.3
2023-02-03,20.657,7.643,-7.986,42.443,-3.9,3.4,0.0,47.4
2023-02-04,20.171,9.029,-6.457,42.929,-5.2,6.0,0.0,49.8
2023-02-05,19.686,10.414,-4.929,43.414,-3.3,7.1,0.0,71.0
2023-02-06,19.2,11.8,-3.4,43.9,-1.7,8.8,0.0,72.3
2023-02-07,19.486,10.443,-2.629,43.614,-0.6,9.5,0.0,72.9
2023-02-08,19.771,9.086,-1.857,43.329,-1.3,7.8,0.0,62.1
2023-02-09,20.057,7.729,-1.086,43.043,-2.8,9.9,0.0,49.9
2023-02-10,20.343,6.371,-0.314,42.757,1.1,6.2,0.6,79.6
2023-02-11,20.629,5.014,0.457,42.471,-1.2,8.5,0.5,73.0
2023-02-12,20.914,3.657,1.229,42.186,-0.9,7.6,0.4,70.0
2023-02-13,21.2,2.3,2.0,41.9,2.7,8.4,0.3,66.5
2023-02-14,20.429,2.871,0.943,42.671,-2.5,6.6,0.2,54.9
2023-02-15,19.657,3.443,-0.114,43.443,-1.2,8.9,0.1,46.4
2023-02-16,18.886,4.014,-1.171,44.214,-0.7,4.5,0.0,68.3
2023-02-17,18.114,4.586,-2.229,44.986,-1.5,9.8,0.133,67.8
2023-02-18,17.343,5.157,-3.286,45.757,3.0,8.1,0.267,58.3
2023-02-19,16.571,5.729,-4.343,46.529,0.2,6.1,0.4,56.1
2023-02-20,15.8,6.3,-5.4,47.3,-3.5,2.4,0.447,46.4
2023-02-21,16.557,7.1,-3.871,46.057,-5.3,4.8,0.494,42.4
2023-02-22,17.314,7.9,-2.343,44.814,-4.5,8.4,0.541,50.6
2023-02-23,18.071,8.7,-0.814,43.571,-1.8,9.2,0.588,65.5
2023-02-24,18.829,9.5,0.714,42.329,-0.4,8.5,0.635,57.9
2023-02-25,19.586,10.3,2.243,41.086,-2.9,5.7,0.682,44.0
2023-02-26,20.343,11.1,3.771,39.843,-3.4,9.4,0.729,46.6
2023-02-27,21.1,11.9,5.3,38.6,-1.8,12.4,0.776,47.4
2023-02-28,20.314,11.629,3.757,38.043,-0.7,8.7,0.824,63.4
2023-03-01,19.529,11.357,2.214,37.486,2.9,9.0,0.871,54.4
2023-03-02,18.743,11.086,0.671,36.929,-1.8,6.6,0.918,37.8
2023-03-03,17.957,10.814,-0.871,36.371,-1.9,10.4,0.965,65.0
2023-03-04,17.171,10.543,-2.414,35.814,3.7,14.1,1.012,68.4
2023-03-05,16.386,10.271,-3.957,35.257,2.5,15.4,1.059,54.0
2023-03-06,15.6,10.0,-5.5,34.7,2.2,16.5,1.106,41.9
2023-03-07,15.043,8.9,-5.271,33.443,6.3,19.4,1.153,60.9
2023-03-08,14.486,7.8,-5.043,32.186,7.4,17.7,1.2,66.3
2023-03-09,13.929,6.7,-4.814,30.929,7.4,13.1,3.7,85.9
2023-03-10,13.371,5.6,-4.586,29.671,6.2,22.2,4.333,62.1
2023-03-11,12.814,4.5,-4.357,28.414,10.2,22.8,4.967,52.0
2023-03-12,12.257,3.4,-4.129,27.157,0.6,12.6,5.6,68.0
2023-03-13,11.7,2.3,-3.9,25.9,-1.9,7.6,5.091,38.9
2023-03-14,12.943,2.843,-2.1,24.529,3.3,15.4,4.582,45.9
2023-03-15,14.186,3.386,-0.3,23.157,3.5,14.4,4.073,66.6
2023-03-16,15.429,3.929,1.5,21.786,0.4,9.0,3.564,36.8
2023-03-17,16.671,4.471,3.3,20.414,0.7,12.7,3.055,34.3
2023-03-18,17.914,5.014,5.1,19.043,2.5,14.0,2.545,46.4
2023-03-19,19.157,5.557,6.9,17.671,2.3,15.2,2.036,59.6
2023-03-20,20.4,6.1,8.7,16.3,2.6,17.1,1.527,50.4
2023-03-21,19.943,7.271,7.0,14.743,5.0,22.2,1.018,35.1
2023-03-22,19.486,8.443,5.3,13.186,9.2,25.1,0.509,44.8
2023-03-23,19.029,9.614,3.6,11.629,12.3,23.3,0.0,48.9
2023-03-24,18.571,10.786,1.9,10.071,7.6,18.3,0.575,36.8
2023-03-25,18.114,11.957,0.2,8.514,8.0,18.7,1.15,59.9
2023-03-26,17.657,13.129,-1.5,6.957,4.7,14.0,1.725,34.0
2023-03-27,17.2,14.3,-3.2,5.4,1.9,14.5,2.3,44.8
2023-03-28,17.086,12.571,-2.857,5.314,2.8,15.7,2.875,53.3
2023-03-29,16.971,10.843,-2.514,5.229,5.1,19.7,3.45,50.3
2023-03-30,16.857,9.114,-2.171,5.143,6.4,21.2,4.025,42.5
2023-03-31,16.743,7.386,-1.829,5.057,7.5,23.9,4.6,42.5
2023-04-01,16.629,5.657,-1.486,4.971,9.4,25.6,5.175,40.4
2023-04-02,16.514,3.929,-1.143,4.886,11.9,25.2,5.75,29.6
2023-04-03,16.4,2.2,-0.8,4.8,11.3,25.9,6.325,29.4
2023-04-04,16.914,2.729,-0.171,4.286,12.7,21.7,6.9,40.4
2023-04-05,17.429,3.257,0.457,3.771,8.7,14.9,50.3,97.8
2023-04-06,17.943,3.786,1.086,3.257,7.4,9.7,2.7,94.6
2023-04-07,18.457,4.314,1.714,2.743,4.6,15.7,2.74,65.0
2023-04-08,18.971,4.843,2.343,2.229,3.1,14.9,2.78,51.1
2023-04-09,19.486,5.371,2.971,1.714,3.5,17.8,2.82,56.8
2023-04-10,20.0,5.9,3.6,1.2,6.2,19.1,2.86,50.8
2023-04-11,20.086,6.757,3.171,1.1,9.2,17.4,2.9,73.4
2023-04-12,20.171,7.614,2.743,1.0,4.8,15.3,1.45,45.1
2023-04-13,20.257,8.471,2.314,0.9,5.1,17.2,0.0,45.0
2023-04-14,20.343,9.329,1.886,0.8,11.9,21.3,2.3,58.6
2023-04-15,20.429,10.186,1.457,0.7,9.3,16.6,4.6,81.8
2023-04-16,20.514,11.043,1.029,0.6,7.5,16.1,0.0,71.4
2023-04-17,20.6,11.9,0.6,0.5,6.8,18.1,0.75,59.0
2023-04-18,21.186,11.571,1.1,-0.086,10.7,18.4,1.5,78.6
2023-04-19,21.771,11.243,1.6,-0.671,11.5,28.4,1.0,66.1
2023-04-20,22.357,10.914,2.1,-1.257,14.5,18.9,0.5,92.1
2023-04-21,22.943,10.586,2.6,-1.843,11.4,22.8,0.48,50.4
2023-04-22,23.529,10.257,3.1,-2.429,12.2,22.5,0.46,22.9
2023-04-23,24.114,9.929,3.6,-3.014,10.7,22.1,0.44,34.1
2023-04-24,24.7,9.6,4.1,-3.6,11.5,21.3,0.42,40.5
2023-04-25,24.886,10.943,3.7,-3.271,9.0,13.2,0.4,68.6
2023-04-26,25.071,12.286,3.3,-2.943,7.4,13.5,0.0,69.9
2023-04-27,25.257,13.629,2.9,-2.614,5.1,20.0,0.95,61.6
2023-04-28,25.443,14.971,2.5,-2.286,9.0,21.3,1.9,62.0
2023-04-29,25.629,16.314,2.1,-1.957,9.9,15.8,25.1,88.1
2023-04-30,25.814,17.657,1.7,-1.629,7.9,17.9,0.1,72.9
2023-05-01,26.0,19.0,1.3,-1.3,9.8,20.8,6.12,57.0
2023-05-02,25.743,17.3,0.857,-0.857,9.1,23.7,12.14,40.5
2023-05-03,25.486,15.6,0.414,-0.414,12.4,26.2,18.16,52.5
2023-05-04,25.229,13.9,-0.029,0.029,15.6,25.8,24.18,65.5
2023-05-05,24.971,12.2,-0.471,0.471,15.5,21.6,30.2,95.3
2023-05-06,24.714,10.5,-0.914,0.914,11.7,15.5,47.5,85.6
2023-05-07,24.457,8.8,-1.357,1.357,11.1,18.6,40.714,47.1
2023-05-08,24.2,7.1,-1.8,1.8,7.9,22.0,33.929,55.3
2023-05-09,24.757,9.571,-0.986,1.243,10.0,24.4,27.143,55.4
2023-05-10,25.314,12.043,-0.171,0.686,10.7,26.0,20.357,53.3
2023-05-11,25.871,14.514,0.643,0.129,12.8,26.7,13.571,50.1
2023-05-12,26.429,16.986,1.457,-0.429,13.1,24.7,6.786,50.9
2023-05-13,26.986,19.457,2.271,-0.986,12.6,23.9,0.0,62.0
2023-05-14,27.543,21.929,3.086,-1.543,12.9,23.8,0.26,56.5
2023-05-15,28.1,24.4,3.9,-2.1,12.8,27.9,0.52,54.6
2023-05-16,28.057,24.643,3.3,-1.757,17.2,31.2,0.78,51.9
2023-05-17,28.014,24.886,2.7,-1.414,18.6,28.7,1.04,63.6
2023-05-18,27.971,25.129,2.1,-1.071,18.8,27.6,1.3,74.8
2023-05-19,27.929,25.371,1.5,-0.729,16.7,27.8,0.933,61.4
2023-05-20,27.886,25.614,0.9,-0.386,16.6,26.7,0.567,66.9
2023-05-21,27.843,25.857,0.3,-0.043,15.3,21.9,0.2,74.0
2023-05-22,27.8,26.1,-0.3,0.3,15.9,26.8,0.0,61.3
2023-05-23,27.757,26.657,-0.3,0.343,14.1,26.9,0.0,48.0
2023-05-24,27.714,27.214,-0.3,0.386,14.8,25.9,0.0,49.8
2023-05-25,27.671,27.771,-0.3,0.429,15.7,27.4,0.0,46.6
2023-05-26,27.629,28.329,-0.3,0.471,15.8,27.3,0.5,57.4
2023-05-27,27.586,28.886,-0.3,0.514,18.6,20.7,31.8,87.4
2023-05-28,27.543,29.443,-0.3,0.557,18.4,20.2,41.8,98.9
2023-05-29,27.5,30.0,-0.3,0.6,19.0,28.5,2.3,83.4
2023-05-30,26.629,27.757,-1.129,1.471,20.5,28.9,1.725,69.5
2023-05-31,25.757,25.514,-1.957,2.343,18.8,28.2,1.15,60.8
2023-06-01,24.886,23.271,-2.786,3.214,19.7,26.3,0.575,66.9
2023-06-02,24.014,21.029,-3.614,4.086,17.9,25.0,0.0,77.4
2023-06-03,23.143,18.786,-4.443,4.957,16.6,27.8,0.0,60.1
2023-06-04,22.271,16.543,-5.271,5.829,16.9,28.0,0.0,61.0
2023-06-05,21.4,14.3,-6.1,6.7,17.6,26.3,0.0,66.9
2023-06-06,20.957,13.843,-5.671,7.143,17.3,25.2,0.0,72.9
2023-06-07,20.514,13.386,-5.243,7.586,18.9,25.7,0.0,75.3
2023-06-08,20.071,12.929,-4.814,8.029,18.3,23.9,1.9,80.5
2023-06-09,19.629,12.471,-4.386,8.471,18.3,28.4,1.2,64.0
2023-06-10,19.186,12.014,-3.957,8.914,19.6,28.5,0.8,70.0
2023-06-11,18.743,11.557,-3.529,9.357,17.9,27.3,32.2,76.1
2023-06-12,18.3,11.1,-3.1,9.8,18.4,27.5,0.0,70.5
2023-06-13,17.6,9.514,-3.357,10.5,19.2,26.0,0.0,70.0
2023-06-14,16.9,7.929,-3.614,11.2,17.5,25.0,30.6,80.3
2023-06-15,16.2,6.343,-3.871,11.9,17.7,28.3,26.567,70.8
2023-06-16,15.5,4.757,-4.129,12.6,19.1,28.9,22.533,64.4
2023-06-17,14.8,3.171,-4.386,13.3,18.9,30.2,18.5,57.1
2023-06-18,14.1,1.586,-4.643,14.0,20.8,32.6,14.467,60.5
2023-06-19,13.4,0.0,-4.9,14.7,23.3,34.0,10.433,57.8
2023-06-20,13.914,0.4,-3.686,14.186,21.4,26.4,6.4,64.5
2023-06-21,14.429,0.8,-2.471,13.671,19.2,22.1,24.9,92.6
2023-06-22,14.943,1.2,-1.257,13.157,18.9,26.4,0.0,77.1
2023-06-23,15.457,1.6,-0.043,12.643,20.0,29.9,7.575,76.6
2023-06-24,15.971,2.0,1.171,12.129,21.9,31.1,15.15,70.5
2023-06-25,16.486,2.4,2.386,11.614,22.8,33.1,22.725,64.9
2023-06-26,17.0,2.8,3.6,11.1,22.3,27.5,30.3,88.6
2023-06-27,16.786,3.586,2.871,11.314,21.4,29.1,2.5,73.1
2023-06-28,16.571,4.371,2.143,11.529,24.2,30.1,0.0,77.4
2023-06-29,16.357,5.157,1.414,11.743,23.2,25.9,63.8,95.4
2023-06-30,16.143,5.943,0.686,11.957,23.2,29.1,1.0,89.8
2023-07-01,15.929,6.729,-0.043,12.171,23.3,32.9,16.2,76.9
2023-07-02,15.714,7.514,-0.771,12.386,23.5,30.6,31.4,79.5
2023-07-03,15.5,8.3,-1.5,12.6,24.1,34.9,46.6,72.0
2023-07-04,15.4,7.4,-1.386,12.7,24.5,29.2,61.8,86.8
2023-07-05,15.3,6.5,-1.271,12.8,22.1,27.1,15.3,82.6
2023-07-06,15.2,5.6,-1.157,12.9,22.4,31.8,23.35,70.9
2023-07-07,15.1,4.7,-1.043,13.0,23.3,31.4,31.4,64.9
2023-07-08,15.0,3.8,-0.929,13.1,22.4,29.7,39.45,76.5
2023-07-09,14.9,2.9,-0.814,13.2,21.6,27.0,47.5,86.4
2023-07-10,14.8,2.0,-0.7,13.3,22.9,30.9,11.5,80.4
2023-07-11,15.2,2.557,-0.2,12.857,21.6,25.9,58.3,92.4
2023-07-12,15.6,3.114,0.3,12.414,22.0,29.1,0.7,86.4
2023-07-13,16.0,3.671,0.8,11.971,24.7,26.5,91.6,95.0
2023-07-14,16.4,4.229,1.3,11.529,23.9,25.1,72.7,99.1
2023-07-15,16.8,4.786,1.8,11.086,23.7,25.7,2.3,93.5
2023-07-16,17.2,5.343,2.3,10.643,23.7,25.4,9.7,89.5
2023-07-17,17.6,5.9,2.8,10.2,23.7,27.8,1.4,86.1
2023-07-18,17.657,7.257,2.457,10.1,24.1,27.7,2.3,87.9
2023-07-19,17.714,8.614,2.114,10.0,22.5,32.4,4.8,78.8
2023-07-20,17.771,9.971,1.771,9.9,24.0,32.8,7.3,74.0
2023-07-21,17.829,11.329,1.429,9.8,24.6,34.3,9.8,69.6
2023-07-22,17.886,12.686,1.086,9.7,24.6,32.5,12.3,73.9
2023-07-23,17.943,14.043,0.743,9.6,24.5,25.8,40.2,94.3
2023-07-24,18.0,15.4,0.4,9.5,24.6,30.0,0.4,83.1
2023-07-25,18.129,13.8,0.471,8.5,25.8,30.5,5.6,80.5
2023-07-26,18.257,12.2,0.543,7.5,24.9,31.1,1.0,80.9
2023-07-27,18.386,10.6,0.614,6.5,24.4,32.2,0.0,78.1
2023-07-28,18.514,9.0,0.686,5.5,25.4,34.1,8.333,72.4
2023-07-29,18.643,7.4,0.757,4.5,26.1,33.3,16.667,72.1
2023-07-30,18.771,5.8,0.829,3.5,24.9,34.9,25.0,72.5
2023-07-31,18.9,4.2,0.9,2.5,25.6,33.4,0.3,76.3
2023-08-01,18.786,4.286,0.657,2.257,25.5,34.2,1.067,71.6
2023-08-02,18.671,4.371,0.414,2.014,26.8,33.7,1.833,67.8
2023-08-03,18.557,4.457,0.171,1.771,25.8,33.8,2.6,67.0
2023-08-04,18.443,4.543,-0.071,1.529,26.5,34.4,3.367,67.6
2023-08-05,18.329,4.629,-0.314,1.286,26.4,34.9,4.133,69.0
2023-08-06,18.214,4.714,-0.557,1.043,27.0,33.0,4.9,76.5
2023-08-07,18.1,4.8,-0.8,0.8,27.3,34.6,3.333,68.4
2023-08-08,17.171,4.114,-1.614,1.729,26.4,35.8,1.767,60.5
2023-08-09,16.243,3.429,-2.429,2.657,25.1,31.6,0.2,67.6
2023-08-10,15.314,2.743,-3.243,3.586,20.9,25.1,86.1,91.9
2023-08-11,14.386,2.057,-4.057,4.514,21.6,24.9,46.7,93.1
2023-08-12,13.457,1.371,-4.871,5.443,22.5,24.1,1.5,91.0
2023-08-13,12.529,0.686,-5.686,6.371,22.6,31.1,1.2,76.9
2023-08-14,11.6,0.0,-6.5,7.3,24.8,31.9,0.9,75.4
2023-08-15,11.6,0.0,-5.571,7.3,24.7,32.7,0.6,71.4
2023-08-16,11.6,0.0,-4.643,7.3,24.7,31.6,0.3,72.0
2023-08-17,11.6,0.0,-3.714,7.3,24.5,32.4,0.2,73.0
2023-08-18,11.6,0.0,-2.786,7.3,25.5,33.3,0.1,72.1
2023-08-19,11.6,0.0,-1.857,7.3,26.4,33.6,0.05,68.9
2023-08-20,11.6,0.0,-0.929,7.3,25.5,31.8,0.0,71.8
2023-08-21,11.6,0.0,0.0,7.3,26.0,33.6,0.0,69.8
2023-08-22,11.414,0.543,-0.186,7.486,25.8,32.2,42.6,80.3
2023-08-23,11.229,1.086,-0.371,7.671,23.2,27.2,41.8,91.3
2023-08-24,11.043,1.629,-0.557,7.857,22.3,27.8,5.2,84.8
2023-08-25,10.857,2.171,-0.743,8.043,24.0,30.0,0.0,77.9
2023-08-26,10.671,2.714,-0.929,8.229,23.3,30.3,0.0,72.3
2023-08-27,10.486,3.257,-1.114,8.414,22.7,29.6,0.0,75.0
2023-08-28,10.3,3.8,-1.3,8.6,20.8,25.6,10.4,87.5
2023-08-29,10.4,4.029,-1.014,8.5,22.5,25.5,54.8,89.6
2023-08-30,10.5,4.257,-0.729,8.4,21.5,24.5,3.5,88.0
2023-08-31,10.6,4.486,-0.443,8.3,21.0,28.9,2.65,76.9
2023-09-01,10.7,4.714,-0.157,8.2,19.7,29.6,1.8,70.6
2023-09-02,10.8,4.943,0.129,8.1,19.7,30.8,0.95,63.9
2023-09-03,10.9,5.171,0.414,8.0,23.1,28.8,0.1,77.8
2023-09-04,11.0,5.4,0.7,7.9,24.3,30.2,0.3,79.9
2023-09-05,11.1,5.429,0.7,7.8,25.0,32.8,0.0,69.5
2023-09-06,11.2,5.457,0.7,7.7,24.0,32.1,1.988,65.1
2023-09-07,11.3,5.486,0.7,7.6,20.9,31.6,3.975,54.8
2023-09-08,11.4,5.514,0.7,7.5,19.6,30.5,5.962,60.3
2023-09-09,11.5,5.543,0.7,7.4,20.8,31.2,7.95,66.3
2023-09-10,11.6,5.571,0.7,7.3,22.0,29.6,9.938,68.1
2023-09-11,11.7,5.6,0.7,7.2,23.1,29.8,11.925,67.3
2023-09-12,12.157,6.3,1.057,6.743,21.7,29.8,13.912,69.8
2023-09-13,12.614,7.0,1.414,6.286,19.6,24.6,15.9,84.5
2023-09-14,13.071,7.7,1.771,5.829,19.2,27.2,9.0,72.4
2023-09-15,13.529,8.4,2.129,5.371,20.3,24.3,2.1,82.3
2023-09-16,13.986,9.1,2.486,4.914,22.0,26.6,38.7,87.8
2023-09-17,14.443,9.8,2.843,4.457,22.0,28.0,3.0,84.8
2023-09-18,14.9,10.5,3.2,4.0,22.1,28.9,13.933,79.1
2023-09-19,15.071,11.686,2.914,3.829,21.6,27.2,24.867,81.1
2023-09-20,15.243,12.871,2.629,3.657,18.8,23.9,35.8,90.4
2023-09-21,15.414,14.057,2.343,3.486,17.5,23.6,0.0,70.9
2023-09-22,15.586,15.243,2.057,3.314,15.2,26.7,0.475,68.4
2023-09-23,15.757,16.429,1.771,3.143,16.3,27.6,0.95,63.9
2023-09-24,15.929,17.614,1.486,2.971,17.9,26.2,1.425,56.4
2023-09-25,16.1,18.8,1.2,2.8,17.9,26.0,1.9,66.4
2023-09-26,16.171,17.8,1.1,2.614,18.6,20.8,27.8,95.8
2023-09-27,16.243,16.8,1.0,2.429,20.0,23.7,4.4,90.1
2023-09-28,16.314,15.8,0.9,2.243,19.6,27.3,4.433,78.3
2023-09-29,16.386,14.8,0.8,2.057,17.4,26.9,4.467,61.5
2023-09-30,16.457,13.8,0.7,1.871,17.1,22.2,4.5,77.0
2023-10-01,16.529,12.8,0.6,1.686,14.4,23.7,7.05,59.5
2023-10-02,16.6,11.8,0.5,1.5,12.9,24.6,9.6,53.8
2023-10-03,16.957,14.114,0.786,0.929,14.4,22.5,12.15,66.3
2023-10-04,17.314,16.429,1.071,0.357,14.2,23.2,14.7,75.5
2023-10-05,17.671,18.743,1.357,-0.214,9.9,19.2,11.025,46.1
2023-10-06,18.029,21.057,1.643,-0.786,9.6,21.5,7.35,55.3
2023-10-07,18.386,23.371,1.929,-1.357,11.7,21.2,3.675,62.6
2023-10-08,18.743,25.686,2.214,-1.929,15.2,19.5,0.0,67.1
2023-10-09,19.1,28.0,2.5,-2.5,14.1,22.4,1.2,68.1
2023-10-10,19.014,25.271,2.057,-2.057,11.9,23.5,2.12,67.1
2023-10-11,18.929,22.543,1.614,-1.614,12.9,24.0,3.04,57.5
2023-10-12,18.843,19.814,1.171,-1.171,12.0,24.1,3.96,62.4
2023-10-13,18.757,17.086,0.729,-0.729,14.3,21.5,4.88,69.6
2023-10-14,18.671,14.357,0.286,-0.286,12.9,18.2,5.8,84.9
2023-10-15,18.586,11.629,-0.157,0.157,10.9,21.2,6.28,80.0
2023-10-16,18.5,8.9,-0.6,0.6,10.7,19.6,6.76,57.0
2023-10-17,20.186,10.771,1.171,-1.086,7.5,20.9,7.24,55.6
2023-10-18,21.871,12.643,2.943,-2.771,9.2,21.6,7.72,67.0
2023-10-19,23.557,14.514,4.714,-4.457,14.9,18.9,8.2,82.5
2023-10-20,25.243,16.386,6.486,-6.143,7.2,15.1,4.65,46.9
2023-10-21,26.929,18.257,8.257,-7.829,5.9,16.6,1.1,54.8
2023-10-22,28.614,20.129,10.029,-9.514,5.4,18.7,0.88,67.3
2023-10-23,30.3,22.0,11.8,-11.2,11.1,21.4,0.66,73.8
2023-10-24,31.443,21.9,11.257,-10.743,11.2,19.3,0.44,78.5
2023-10-25,32.586,21.8,10.714,-10.286,12.7,21.9,0.22,78.6
2023-10-26,33.729,21.7,10.171,-9.829,14.6,21.1,0.0,79.4
2023-10-27,34.871,21.6,9.629,-9.371,12.6,20.2,0.0,71.1
2023-10-28,36.014,21.5,9.086,-8.914,9.4,20.7,0.0,62.9
2023-10-29,37.157,21.4,8.543,-8.457,9.8,21.8,0.0,61.6
2023-10-30,38.3,21.3,8.0,-8.0,9.7,21.9,0.0,72.0
2023-10-31,37.814,21.643,6.371,-6.371,12.7,20.8,0.0,76.0
2023-11-01,37.329,21.986,4.743,-4.743,17.2,20.6,0.0,81.8
2023-11-02,36.843,22.329,3.114,-3.114,18.7,25.9,4.25,70.9
2023-11-03,36.357,22.671,1.486,-1.486,17.7,22.4,8.5,83.3
2023-11-04,35.871,23.014,-0.143,0.143,14.1,20.9,9.45,75.5
2023-11-05,35.386,23.357,-1.771,1.771,15.1,20.4,10.4,87.0
2023-11-06,34.9,23.7,-3.4,3.4,6.6,19.3,45.8,84.9
2023-11-07,35.5,23.886,-2.314,2.8,3.6,9.9,0.0,62.5
2023-11-08,36.1,24.071,-1.229,2.2,1.8,16.1,2.55,55.1
2023-11-09,36.7,24.257,-0.143,1.6,5.9,18.4,5.1,73.1
2023-11-10,37.3,24.443,0.943,1.0,0.5,9.1,5.571,53.1
2023-11-11,37.9,24.629,2.029,0.4,-1.9,6.7,6.043,47.9
2023-11-12,38.5,24.814,3.114,-0.2,-2.0,5.7,6.514,53.8
2023-11-13,39.1,25.0,4.2,-0.8,-2.2,6.7,6.986,54.0
2023-11-14,41.114,25.086,5.614,-2.7,-0.8,10.8,7.457,66.1
2023-11-15,43.129,25.171,7.029,-4.6,2.0,12.5,7.929,71.4
2023-11-16,45.143,25.257,8.443,-6.5,5.7,7.4,8.4,85.0
2023-11-17,47.157,25.343,9.857,-8.4,-1.9,5.9,0.0,59.3
2023-11-18,49.171,25.429,11.271,-10.3,-3.8,5.7,0.017,58.9
2023-11-19,51.186,25.514,12.686,-12.2,-0.3,13.4,0.033,68.3
2023-11-20,53.2,25.6,14.1,-14.1,1.8,12.8,0.05,58.4
2023-11-21,54.4,28.629,13.286,-13.286,1.4,14.8,0.067,59.6
2023-11-22,55.6,31.657,12.471,-12.471,2.9,15.1,0.083,68.1
2023-11-23,56.8,34.686,11.657,-11.657,1.9,14.6,0.1,71.1
2023-11-24,58.0,37.714,10.843,-10.843,-4.4,2.2,0.067,51.8
2023-11-25,59.2,40.743,10.029,-10.029,-5.9,4.0,0.033,42.8
2023-11-26,60.4,43.771,9.214,-9.214,-0.1,7.2,0.0,43.6
2023-11-27,61.6,46.8,8.4,-8.4,4.4,9.3,3.6,82.9
2023-11-28,64.071,47.871,9.671,-9.671,-1.2,5.2,2.88,58.0
2023-11-29,66.543,48.943,10.943,-10.943,-4.0,3.0,2.16,59.0
2023-11-30,69.014,50.014,12.214,-12.214,-7.3,-0.5,1.44,48.5
2023-12-01,71.486,51.086,13.486,-13.486,-6.8,0.7,0.72,55.3
2023-12-02,73.957,52.157,14.757,-14.757,-4.4,8.0,0.0,60.8
2023-12-03,76.429,53.229,16.029,-16.029,-2.8,6.0,0.95,56.3
2023-12-04,78.9,54.3,17.3,-17.3,-3.0,9.4,1.9,59.5
2023-12-05,77.586,55.0,13.514,-13.514,3.8,12.6,2.85,55.4
2023-12-06,76.271,55.7,9.729,-9.729,3.9,8.7,3.8,76.1
2023-12-07,74.957,56.4,5.943,-5.943,0.8,11.4,2.85,64.0
2023-12-08,73.643,57.1,2.157,-2.157,5.1,16.8,1.9,73.4
2023-12-09,72.329,57.8,-1.629,1.629,11.7,16.2,0.95,82.9
2023-12-10,71.014,58.5,-5.414,5.414,6.7,15.5,0.0,67.9
2023-12-11,69.7,59.2,-9.2,9.2,5.0,12.3,11.4,82.9
2023-12-12,67.729,56.829,-9.857,11.171,3.5,9.3,0.4,75.6
2023-12-13,65.757,54.457,-10.514,13.143,2.6,10.3,8.7,74.1
2023-12-14,63.786,52.086,-11.171,15.114,6.2,9.1,17.0,85.8
2023-12-15,61.814,49.714,-11.829,17.086,3.7,6.2,31.1,95.4
2023-12-16,59.843,47.343,-12.486,19.057,-9.9,3.8,1.5,68.9
2023-12-17,57.871,44.971,-13.143,21.029,-12.4,-6.4,1.1,48.9
2023-12-18,55.9,42.6,-13.8,23.0,-12.2,-3.6,0.7,45.1
2023-12-19,57.086,43.443,-11.236,21.814,-8.2,0.2,0.3,63.1
2023-12-20,58.271,44.286,-8.671,20.629,-11.9,-2.1,0.8,64.1
2023-12-21,59.457,45.129,-6.107,19.443,-14.4,-8.0,0.875,57.4
2023-12-22,60.643,45.971,-3.543,18.257,-14.7,-8.0,0.95,51.8
2023-12-23,61.829,46.814,-0.979,17.071,-12.7,-0.9,1.025,53.4
2023-12-24,63.014,47.657,1.586,15.886,-5.6,3.0,1.1,73.4
2023-12-25,64.2,48.5,4.15,14.7,-2.7,2.1,0.7,80.8
2023-12-26,65.014,47.264,4.371,13.886,-2.6,7.2,3.18,72.9
2023-12-27,65.829,46.029,4.593,13.071,-2.8,6.8,5.66,76.6
2023-12-28,66.643,44.793,4.814,12.257,-1.7,4.4,8.14,69.5
2023-12-29,67.457,43.557,5.036,11.443,-1.5,4.6,10.62,71.0
2023-12-30,68.271,42.321,5.257,10.629,-0.9,2.1,13.1,92.0
2023-12-31,69.086,41.086,5.479,9.814,0.6,4.3,4.7,95.5
2024-01-01,69.9,39.85,5.7,9.0,-0.3,7.3,0.0,83.4
2024-01-02,69.543,39.614,4.529,9.357,2.2,4.3,0.0,72.6
2024-01-03,69.186,39.379,3.357,9.714,-1.1,4.0,0.6,80.4
2024-01-04,68.829,39.143,2.186,10.071,-3.3,4.7,0.3,74.3
2024-01-05,68.471,38.907,1.014,10.429,1.4,9.1,0.0,77.1
2024-01-06,68.114,38.671,-0.157,10.786,-2.7,5.2,2.4,63.9
2024-01-07,67.757,38.436,-1.329,11.143,-8.3,-0.9,2.133,57.4
2024-01-08,67.4,38.2,-2.5,11.5,-10.3,0.0,1.867,57.8
2024-01-09,65.629,37.279,-3.914,13.271,-1.9,0.4,1.6,84.0
2024-01-10,63.857,36.357,-5.329,15.043,-4.1,3.3,1.9,85.9
2024-01-11,62.086,35.436,-6.743,16.814,-2.4,4.5,2.2,80.6
2024-01-12,60.314,34.514,-8.157,18.586,-1.4,4.2,2.5,61.6
2024-01-13,58.543,33.593,-9.571,20.357,-3.8,6.4,2.8,44.3
2024-01-14,56.771,32.671,-10.986,22.129,-3.3,2.4,3.1,74.5
2024-01-15,55.0,31.75,-12.4,23.9,-6.9,0.9,5.3,51.3
2024-01-16,53.671,31.271,-11.957,25.229,-7.2,4.3,7.5,49.8
2024-01-17,52.343,30.793,-11.514,26.557,-2.3,1.9,9.7,78.5
2024-01-18,51.014,30.314,-11.071,27.886,1.4,9.4,0.5,81.5
2024-01-19,49.686,29.836,-10.629,29.214,4.0,9.0,0.45,65.4
2024-01-20,48.357,29.357,-10.186,30.543,1.9,4.9,0.4,69.5
2024-01-21,47.029,28.879,-9.743,31.871,-2.4,4.3,0.4,75.8
2024-01-22,45.7,28.4,-9.3,33.2,-11.9,-2.4,0.2,65.6
2024-01-23,45.157,28.093,-8.514,32.457,-14.0,-8.2,0.183,53.6
2024-01-24,44.614,27.786,-7.729,31.714,-11.2,-3.7,0.167,52.0
2024-01-25,44.071,27.479,-6.943,30.971,-9.7,-0.5,0.15,47.8
2024-01-26,43.529,27.171,-6.157,30.229,-6.9,4.0,0.133,62.5
2024-01-27,42.986,26.864,-5.371,29.486,-4.6,4.6,0.117,70.0
2024-01-28,42.443,26.557,-4.586,28.743,-5.0,3.8,0.1,62.3
2024-01-29,41.9,26.25,-3.8,28.0,-4.8,4.6,0.083,66.6
2024-01-30,41.686,25.064,-3.471,28.214,-4.0,8.1,0.067,59.3
2024-01-31,41.471,23.879,-3.143,28.429,0.7,10.6,0.05,54.1
2024-02-01,41.257,22.693,-2.814,28.643,-1.3,8.2,0.033,64.9
2024-02-02,41.043,21.507,-2.486,28.857,0.7,7.9,0.017,65.5
2024-02-03,40.829,20.321,-2.157,29.071,-0.2,8.3,0.0,63.9
2024-02-04,40.614,19.136,-1.829,29.286,3.7,12.2,1.95,60.9
2024-02-05,40.4,17.95,-1.5,29.5,0.1,6.6,3.9,81.8
2024-02-06,39.714,18.45,-1.971,30.186,0.0,2.9,0.2,83.5
2024-02-07,39.029,18.95,-2.443,30.871,-0.9,2.7,0.0,76.6
2024-02-08,38.343,19.45,-2.914,31.557,-3.0,6.2,0.0,66.9
2024-02-09,37.657,19.95,-3.386,32.243,-2.5,6.1,0.0,66.8
2024-02-10,36.971,20.45,-3.857,32.929,-1.5,7.4,0.0,69.4
2024-02-11,36.286,20.95,-4.329,33.614,-3.1,5.5,0.0,70.6
2024-02-12,35.6,21.45,-4.8,34.3,-2.9,10.5,2.725,62.8
2024-02-13,34.186,19.921,-5.529,35.714,2.0,13.7,5.45,70.6
2024-02-14,32.771,18.393,-6.257,37.129,8.8,18.3,8.175,76.4
2024-02-15,31.357,16.864,-6.986,38.543,0.6,11.6,10.9,89.9
2024-02-16,29.943,15.336,-7.714,39.957,-1.5,8.1,12.967,72.4
2024-02-17,28.529,13.807,-8.443,41.371,-1.2,11.7,15.033,73.5
2024-02-18,27.114,12.279,-9.171,42.786,1.2,9.4,17.1,81.4
2024-02-19,25.7,10.75,-9.9,44.2,4.2,11.9,8.9,95.8
2024-02-20,25.086,10.5,-9.1,44.814,2.8,6.8,2.6,86.3
2024-02-21,24.471,10.25,-8.3,45.429,0.0,4.0,17.8,92.5
2024-02-22,23.857,10.0,-7.5,46.043,-1.1,1.6,8.8,84.5
2024-02-23,23.243,9.75,-6.7,46.657,-1.0,6.1,0.4,68.8
2024-02-24,22.629,9.5,-5.9,47.271,-1.3,5.9,2.3,68.6
2024-02-25,22.014,9.25,-5.1,47.886,0.8,5.9,1.8,80.8
2024-02-26,21.4,9.0,-4.3,48.5,-1.2,9.7,1.5,65.3
2024-02-27,20.757,8.736,-4.329,48.786,1.2,9.8,1.2,52.0
2024-02-28,20.114,8.471,-4.357,49.071,3.2,10.1,0.9,59.5
2024-02-29,19.471,8.207,-4.386,49.357,0.3,9.6,0.6,63.6
2024-03-01,18.829,7.943,-4.414,49.643,-7.1,0.3,0.3,38.9
2024-03-02,18.186,7.679,-4.443,49.929,-8.1,4.1,0.0,60.4
2024-03-03,17.543,7.414,-4.471,50.214,0.4,7.8,0.42,71.5
2024-03-04,16.9,7.15,-4.5,50.5,-1.8,11.7,0.84,45.5
2024-03-05,17.114,6.714,-3.643,48.514,5.5,11.0,1.26,45.1
2024-03-06,17.329,6.279,-2.786,46.529,2.5,10.3,1.68,58.8
2024-03-07,17.543,5.843,-1.929,44.543,1.2,8.2,2.1,62.4
2024-03-08,17.757,5.407,-1.071,42.557,-0.7,6.5,2.1,50.6
2024-03-09,17.971,4.971,-0.214,40.571,-2.1,7.1,2.1,50.8
2024-03-10,18.186,4.536,0.643,38.586,-1.8,10.6,2.1,54.0
2024-03-11,18.4,4.1,1.5,36.6,2.0,10.8,2.1,62.3
2024-03-12,18.014,4.364,0.9,35.657,4.4,10.0,2.1,78.0
2024-03-13,17.629,4.629,0.3,34.714,1.3,12.0,1.7,57.6
2024-03-14,17.243,4.893,-0.3,33.771,3.4,15.4,1.3,58.3
2024-03-15,16.857,5.157,-0.9,32.829,4.0,14.5,0.9,68.5
2024-03-16,16.471,5.421,-1.5,31.886,4.4,18.3,0.5,54.5
2024-03-17,16.086,5.686,-2.1,30.943,5.4,12.2,0.1,48.0
2024-03-18,15.7,5.95,-2.7,30.0,1.4,13.2,0.15,28.6
2024-03-19,15.8,5.714,-2.214,29.357,3.9,9.8,0.2,60.8
2024-03-20,15.9,5.479,-1.729,28.714,1.2,8.7,1.933,46.5
2024-03-21,16.0,5.243,-1.243,28.071,-1.2,11.5,3.667,46.5
2024-03-22,16.1,5.007,-0.757,27.429,3.8,15.2,5.4,57.0
2024-03-23,16.2,4.771,-0.271,26.786,9.3,18.2,0.1,66.0
2024-03-24,16.3,4.536,0.214,26.143,10.5,23.4,2.6,42.5
2024-03-25,16.4,4.3,0.7,25.5,6.7,14.5,5.1,63.0
2024-03-26,16.5,4.293,0.7,25.186,3.2,12.4,11.5,77.3
2024-03-27,16.6,4.286,0.7,24.871,4.4,16.2,6.7,68.4
2024-03-28,16.7,4.279,0.7,24.557,7.8,12.2,1.9,81.8
2024-03-29,16.8,4.271,0.7,24.243,5.0,12.3,1.4,73.0
2024-03-30,16.9,4.264,0.7,23.929,3.0,15.6,1.12,56.5
2024-03-31,17.0,4.257,0.7,23.614,3.4,17.7,0.84,39.9
2024-04-01,17.1,4.25,0.7,23.3,5.5,19.0,0.56,32.0
2024-04-02,16.729,4.4,0.229,22.986,7.0,23.9,0.28,37.5
2024-04-03,16.357,4.55,-0.243,22.671,13.9,19.7,0.0,55.9
2024-04-04,15.986,4.7,-0.714,22.357,12.4,20.3,0.0,52.1
2024-04-05,15.614,4.85,-1.186,22.043,10.2,18.8,0.0,51.3
2024-04-06,15.243,5.0,-1.657,21.729,8.0,18.9,0.0,48.6
2024-04-07,14.871,5.15,-2.129,21.414,7.7,23.4,0.0,33.4
2024-04-08,14.5,5.3,-2.6,21.1,11.0,22.8,0.0,46.5
2024-04-09,14.357,5.35,-2.371,19.829,10.6,20.8,0.0,32.4
2024-04-10,14.214,5.4,-2.143,18.557,10.2,18.5,0.0,62.6
2024-04-11,14.071,5.45,-1.914,17.286,11.7,21.1,0.0,61.0
2024-04-12,13.929,5.5,-1.686,16.014,12.0,24.2,4.275,59.6
2024-04-13,13.786,5.55,-1.457,14.743,11.2,27.3,8.55,52.4
2024-04-14,13.643,5.6,-1.229,13.471,13.6,29.4,12.825,47.1
2024-04-15,13.5,5.65,-1.0,12.2,11.7,20.0,17.1,77.4
2024-04-16,13.257,5.014,-1.1,11.829,11.5,17.9,2.3,82.6
2024-04-17,13.014,4.379,-1.2,11.457,9.7,21.8,2.925,65.3
2024-04-18,12.771,3.743,-1.3,11.086,10.7,24.9,3.55,53.3
2024-04-19,12.529,3.107,-1.4,10.714,11.5,24.3,4.175,51.8
2024-04-20,12.286,2.471,-1.5,10.343,13.0,17.2,4.8,77.3
2024-04-21,12.043,1.836,-1.6,9.971,13.3,21.7,3.2,65.5
2024-04-22,11.8,1.2,-1.7,9.6,15.0,24.1,1.6,49.4
2024-04-23,11.443,1.193,-1.814,9.529,13.2,24.2,0.0,55.0
2024-04-24,11.086,1.186,-1.929,9.457,11.0,16.5,9.0,80.1
2024-04-25,10.729,1.179,-2.043,9.386,10.3,20.8,8.1,75.6
2024-04-26,10.371,1.171,-2.157,9.314,11.4,26.0,7.2,61.1
2024-04-27,10.014,1.164,-2.271,9.243,11.5,26.2,6.3,56.4
2024-04-28,9.657,1.157,-2.386,9.171,13.0,28.9,5.4,53.5
2024-04-29,9.3,1.15,-2.5,9.1,16.9,26.1,4.5,48.0
2024-04-30,9.2,1.35,-2.243,9.2,16.0,22.5,3.6,62.5
2024-05-01,9.1,1.55,-1.986,9.3,13.9,24.0,2.7,46.0
2024-05-02,9.0,1.75,-1.729,9.4,12.4,23.7,1.8,48.4
2024-05-03,8.9,1.95,-1.471,9.5,12.2,27.9,0.9,46.9
2024-05-04,8.8,2.15,-1.214,9.6,14.6,28.5,0.0,44.8
2024-05-05,8.7,2.35,-0.957,9.7,15.7,20.6,48.3,87.4
2024-05-06,8.6,2.55,-0.7,9.8,13.4,15.7,12.3,92.9
2024-05-07,8.743,2.614,-0.457,9.471,12.2,15.0,2.4,77.3
2024-05-08,8.886,2.679,-0.214,9.143,9.0,21.4,9.725,58.8
2024-05-09,9.029,2.743,0.029,8.814,10.9,21.8,17.05,63.6
2024-05-10,9.171,2.807,0.271,8.486,12.5,23.8,24.375,55.6
2024-05-11,9.314,2.871,0.514,8.157,14.0,22.0,31.7,80.0
2024-05-12,9.457,2.936,0.757,7.829,11.9,21.6,28.925,65.0
2024-05-13,9.6,3.0,1.0,7.5,11.9,24.5,26.15,51.9
2024-05-14,9.457,2.571,0.714,7.643,12.7,24.7,23.375,43.3
2024-05-15,9.314,2.143,0.429,7.786,7.2,18.8,20.6,74.3
2024-05-16,9.171,1.714,0.143,7.929,6.9,19.8,0.1,61.3
2024-05-17,9.029,1.286,-0.143,8.071,10.8,24.9,0.96,63.6
2024-05-18,8.886,0.857,-0.429,8.214,16.0,26.5,1.82,65.3
2024-05-19,8.743,0.429,-0.714,8.357,15.9,27.9,2.68,63.1
2024-05-20,8.6,0.0,-1.0,8.5,16.8,22.8,3.54,75.0
2024-05-21,8.529,0.029,-0.929,8.571,16.3,28.3,4.4,68.1
2024-05-22,8.457,0.057,-0.857,8.643,16.4,25.5,5.26,68.9
2024-05-23,8.386,0.086,-0.786,8.714,15.8,26.4,6.12,67.9
2024-05-24,8.314,0.114,-0.714,8.786,15.7,24.7,6.98,75.1
2024-05-25,8.243,0.143,-0.643,8.857,18.7,24.7,7.84,62.8
2024-05-26,8.171,0.171,-0.571,8.929,17.0,23.7,8.7,74.3
2024-05-27,8.1,0.2,-0.5,9.0,14.1,22.6,7.16,63.4
2024-05-28,7.871,0.207,-0.657,8.857,14.3,26.1,5.62,54.8
2024-05-29,7.643,0.214,-0.814,8.714,15.4,26.8,4.08,51.6
2024-05-30,7.414,0.221,-0.971,8.571,16.2,24.6,2.54,49.1
2024-05-31,7.186,0.229,-1.129,8.429,16.9,25.4,1.0,60.0
2024-06-01,6.957,0.236,-1.286,8.286,17.5,25.2,0.0,61.3
2024-06-02,6.729,0.243,-1.443,8.143,15.7,25.8,0.133,51.9
2024-06-03,6.5,0.25,-1.6,8.0,15.7,28.7,0.267,47.4
2024-06-04,6.5,0.214,-1.371,7.857,16.3,29.3,0.4,42.1
2024-06-05,6.5,0.179,-1.143,7.714,18.1,30.1,0.533,53.9
2024-06-06,6.5,0.143,-0.914,7.571,19.3,31.4,0.667,54.3
2024-06-07,6.5,0.107,-0.686,7.429,18.3,28.0,0.8,54.3
2024-06-08,6.5,0.071,-0.457,7.286,17.9,25.0,16.9,79.5
2024-06-09,6.5,0.036,-0.229,7.143,17.4,28.8,15.357,68.9
2024-06-10,6.5,0.0,0.0,7.0,19.0,31.1,13.814,66.3
2024-06-11,6.614,0.0,0.114,6.643,21.7,31.6,12.271,62.4
2024-06-12,6.729,0.0,0.229,6.286,19.2,31.8,10.729,60.8
2024-06-13,6.843,0.0,0.343,5.929,20.0,32.8,9.186,51.4
2024-06-14,6.957,0.0,0.457,5.571,21.4,33.0,7.643,56.0
2024-06-15,7.071,0.0,0.571,5.214,21.8,28.2,6.1,72.3
2024-06-16,7.186,0.0,0.686,4.857,19.9,29.5,7.586,58.4
2024-06-17,7.3,0.0,0.8,4.5,18.9,30.2,9.071,48.4
2024-06-18,7.386,0.064,0.771,4.1,20.4,32.9,10.557,59.5
2024-06-19,7.471,0.129,0.743,3.7,21.4,35.8,12.043,54.3
2024-06-20,7.557,0.193,0.714,3.3,23.4,35.4,13.529,45.1
2024-06-21,7.643,0.257,0.686,2.9,22.9,33.9,15.014,49.8
2024-06-22,7.729,0.321,0.657,2.5,22.6,26.1,16.5,80.6
2024-06-23,7.814,0.386,0.629,2.1,22.5,30.1,5.1,79.5
2024-06-24,7.9,0.45,0.6,1.7,21.2,27.9,0.0,70.4
2024-06-25,7.814,0.543,0.429,1.786,19.1,27.2,7.66,61.9
2024-06-26,7.729,0.636,0.257,1.871,18.9,31.6,15.32,61.0
2024-06-27,7.643,0.729,0.086,1.957,20.6,31.6,22.98,55.0
2024-06-28,7.557,0.821,-0.086,2.043,21.3,32.5,30.64,54.6
2024-06-29,7.471,0.914,-0.257,2.129,21.6,32.3,38.3,65.1
2024-06-30,7.386,1.007,-0.429,2.214,22.0,24.9,32.2,88.5
2024-07-01,7.3,1.1,-0.6,2.3,22.0,31.3,48.65,69.1
2024-07-02,7.357,0.986,-0.457,2.243,21.9,25.2,65.1,90.0
2024-07-03,7.414,0.871,-0.314,2.186,23.6,25.9,0.8,80.3
2024-07-04,7.471,0.757,-0.171,2.129,23.2,30.6,3.6,74.8
2024-07-05,7.529,0.643,-0.029,2.071,21.3,26.1,4.1,80.5
2024-07-06,7.586,0.529,0.114,2.014,22.1,30.0,2.8,84.1
2024-07-07,7.643,0.414,0.257,1.957,21.5,28.2,28.7,85.1
2024-07-08,7.7,0.3,0.4,1.9,23.1,24.5,21.1,93.4
2024-07-09,7.943,0.336,0.586,1.514,22.7,26.7,0.3,86.9
2024-07-10,8.186,0.371,0.771,1.129,22.7,31.1,1.4,77.1
2024-07-11,8.429,0.407,0.957,0.743,23.3,28.9,0.933,79.6
2024-07-12,8.671,0.443,1.143,0.357,21.8,30.2,0.467,79.5
2024-07-13,8.914,0.479,1.329,-0.029,23.5,33.3,0.0,70.0
2024-07-14,9.157,0.514,1.514,-0.414,24.9,32.1,0.4,65.9
2024-07-15,9.4,0.55,1.7,-0.8,24.5,31.3,0.0,64.6
2024-07-16,9.643,0.621,1.7,-0.929,24.6,30.7,17.0,78.4
2024-07-17,9.886,0.693,1.7,-1.057,24.1,28.1,98.8,91.6
2024-07-18,10.129,0.764,1.7,-1.186,23.1,25.6,128.8,95.3
2024-07-19,10.371,0.836,1.7,-1.314,24.2,30.8,0.1,80.1
2024-07-20,10.614,0.907,1.7,-1.443,25.1,30.6,14.9,80.4
2024-07-21,10.857,0.979,1.7,-1.571,22.5,29.8,8.5,83.6
2024-07-22,11.1,1.05,1.7,-1.7,24.3,27.9,79.9,89.0
2024-07-23,11.414,1.071,1.771,-1.771,25.8,27.3,2.0,87.9
2024-07-24,11.729,1.093,1.843,-1.843,26.0,30.9,14.7,85.0
2024-07-25,12.043,1.114,1.914,-1.914,25.4,32.2,25.3,79.8
2024-07-26,12.357,1.136,1.986,-1.986,25.2,32.7,5.5,81.9
2024-07-27,12.671,1.157,2.057,-2.057,27.5,31.7,33.5,83.6
2024-07-28,12.986,1.179,2.129,-2.129,27.3,32.2,0.0,76.0
2024-07-29,13.3,1.2,2.2,-2.2,26.8,27.8,0.0,84.0
2024-07-30,13.5,1.179,2.086,-2.086,26.3,31.9,0.1,78.8
2024-07-31,13.7,1.157,1.971,-1.971,27.0,33.3,0.2,74.5
2024-08-01,13.9,1.136,1.857,-1.857,27.3,33.2,0.3,75.5
2024-08-02,14.1,1.114,1.743,-1.743,28.2,32.5,0.55,79.4
2024-08-03,14.3,1.093,1.629,-1.629,27.2,34.2,0.8,75.0
2024-08-04,14.5,1.071,1.514,-1.514,27.3,36.2,1.05,69.3
2024-08-05,14.7,1.05,1.4,-1.4,26.9,33.7,1.3,75.5
2024-08-06,14.9,0.993,1.4,-1.4,25.6,33.5,0.0,74.8
2024-08-07,15.1,0.936,1.4,-1.4,27.2,33.4,3.4,72.0
2024-08-08,15.3,0.879,1.4,-1.4,26.9,31.6,0.0,77.5
2024-08-09,15.5,0.821,1.4,-1.4,25.6,33.6,0.0,74.1
2024-08-10,15.7,0.764,1.4,-1.4,26.4,33.6,0.0,70.8
2024-08-11,15.9,0.707,1.4,-1.4,27.8,34.4,0.0,67.8
2024-08-12,16.1,0.65,1.4,-1.4,28.2,34.1,0.0,70.5
2024-08-13,15.671,0.621,0.771,-0.771,28.1,36.4,0.0,70.0
2024-08-14,15.243,0.593,0.143,-0.143,27.3,34.9,3.0,73.0
2024-08-15,14.814,0.564,-0.486,0.486,26.7,34.6,6.4,74.6
2024-08-16,14.386,0.536,-1.114,1.114,26.8,34.3,0.0,69.4
2024-08-17,13.957,0.507,-1.743,1.743,27.2,34.0,11.0,71.0
2024-08-18,13.529,0.479,-2.371,2.371,27.0,33.9,0.0,73.8
2024-08-19,13.1,0.45,-3.0,3.0,26.3,35.3,2.3,72.3
2024-08-20,12.657,0.593,-3.014,3.443,27.0,35.4,0.0,68.3
2024-08-21,12.214,0.736,-3.029,3.886,26.9,30.8,42.2,85.9
2024-08-22,11.771,0.879,-3.043,4.329,27.1,30.3,0.6,79.9
2024-08-23,11.329,1.021,-3.057,4.771,26.4,31.8,0.0,73.5
2024-08-24,10.886,1.164,-3.071,5.214,25.1,30.9,2.0,78.8
2024-08-25,10.443,1.307,-3.086,5.657,24.9,32.7,1.0,76.6
2024-08-26,10.0,1.45,-3.1,6.1,25.6,30.6,0.0,77.8
2024-08-27,9.643,1.414,-3.014,6.457,24.6,30.3,0.3,69.8
2024-08-28,9.286,1.379,-2.929,6.814,23.0,33.2,0.7,62.1
2024-08-29,8.929,1.343,-2.843,7.171,23.4,33.5,1.1,61.0
2024-08-30,8.571,1.307,-2.757,7.529,23.7,32.9,1.5,64.0
2024-08-31,8.214,1.271,-2.671,7.886,22.6,33.0,1.9,65.6
2024-09-01,7.857,1.236,-2.586,8.243,24.6,31.6,2.3,64.9
2024-09-02,7.5,1.2,-2.5,8.6,22.2,26.9,2.7,73.6
2024-09-03,7.3,1.05,-2.343,8.8,23.2,32.0,4.1,54.5
2024-09-04,7.1,0.9,-2.186,9.0,23.2,33.3,5.5,61.4
2024-09-05,6.9,0.75,-2.029,9.2,25.6,28.8,6.9,79.1
2024-09-06,6.7,0.6,-1.871,9.4,23.3,25.7,0.7,79.3
2024-09-07,6.5,0.45,-1.714,9.6,22.8,31.3,0.0,68.9
2024-09-08,6.3,0.3,-1.557,9.8,22.6,32.8,0.1,69.6
2024-09-09,6.1,0.15,-1.4,10.0,24.1,34.1,0.2,69.0
2024-09-10,6.271,0.714,-1.029,9.829,25.6,33.9,0.3,67.3
2024-09-11,6.443,1.279,-0.657,9.657,25.4,34.6,0.4,71.5
2024-09-12,6.614,1.843,-0.286,9.486,24.8,27.1,32.7,91.5
2024-09-13,6.786,2.407,0.086,9.314,24.2,28.0,7.6,91.4
2024-09-14,6.957,2.971,0.457,9.143,25.2,32.2,0.0,80.3
2024-09-15,7.129,3.536,0.829,8.971,24.2,32.4,4.75,73.6
2024-09-16,7.3,4.1,1.2,8.8,21.3,32.2,9.5,74.0
2024-09-17,7.157,3.629,0.886,8.943,25.8,33.2,5.1,77.0
2024-09-18,7.014,3.157,0.571,9.086,26.5,33.6,0.7,76.8
2024-09-19,6.871,2.686,0.257,9.229,25.6,32.6,27.6,77.4
2024-09-20,6.729,2.214,-0.057,9.371,17.9,28.6,54.5,89.8
2024-09-21,6.586,1.743,-0.371,9.514,17.1,21.9,27.0,82.3
2024-09-22,6.443,1.271,-0.686,9.657,16.9,26.7,20.25,67.4
2024-09-23,6.3,0.8,-1.0,9.8,16.6,26.1,13.5,58.3
2024-09-24,6.114,0.707,-1.043,9.986,15.6,26.9,6.75,57.9
2024-09-25,5.929,0.614,-1.086,10.171,18.6,27.3,0.0,65.6
2024-09-26,5.743,0.521,-1.129,10.357,21.1,28.0,1.2,75.1
2024-09-27,5.557,0.429,-1.171,10.543,19.1,28.0,1.46,72.8
2024-09-28,5.371,0.336,-1.214,10.729,19.2,27.9,1.72,59.3
2024-09-29,5.186,0.243,-1.257,10.914,19.1,29.0,1.98,61.5
2024-09-30,5.0,0.15,-1.3,11.1,18.3,28.5,2.24,63.0
2024-10-01,5.086,0.45,-1.029,11.014,13.3,21.7,2.5,67.5
2024-10-02,5.171,0.75,-0.757,10.929,11.6,19.9,2.0,48.8
2024-10-03,5.257,1.05,-0.486,10.843,10.8,22.5,1.5,59.0
2024-10-04,5.343,1.35,-0.214,10.757,11.9,24.2,1.0,60.0
2024-10-05,5.429,1.65,0.057,10.671,11.6,24.4,0.5,60.4
2024-10-06,5.514,1.95,0.329,10.586,12.3,17.9,0.0,73.5
2024-10-07,5.6,2.25,0.6,10.5,14.0,20.7,0.0,73.9
2024-10-08,5.514,2.029,0.429,10.157,12.7,23.9,0.0,73.9
2024-10-09,5.429,1.807,0.257,9.814,13.9,24.4,0.0,64.1
2024-10-10,5.343,1.586,0.086,9.471,15.3,24.1,0.0,66.3
2024-10-11,5.257,1.364,-0.086,9.129,13.9,24.4,0.0,68.8
2024-10-12,5.171,1.143,-0.257,8.786,13.4,24.7,0.0,60.6
2024-10-13,5.086,0.921,-0.429,8.443,12.6,22.6,0.0,67.0
2024-10-14,5.0,0.7,-0.6,8.1,17.6,21.5,0.0,70.3
2024-10-15,5.014,0.921,-0.5,7.643,17.6,21.9,0.5,85.0
2024-10-16,5.029,1.143,-0.4,7.186,14.4,24.2,16.033,76.9
2024-10-17,5.043,1.364,-0.3,6.729,13.8,25.7,31.567,70.4
2024-10-18,5.057,1.586,-0.2,6.271,16.2,18.8,47.1,86.1
2024-10-19,5.071,1.807,-0.1,5.814,12.4,21.1,1.0,75.0
2024-10-20,5.086,2.029,-0.0,5.357,10.5,17.8,0.5,56.0
2024-10-21,5.1,2.25,0.1,4.9,9.7,19.3,0.0,66.4
2024-10-22,5.029,1.986,0.014,4.614,14.9,16.6,20.6,90.8
2024-10-23,4.957,1.721,-0.071,4.329,9.4,15.5,2.3,75.3
2024-10-24,4.886,1.457,-0.157,4.043,7.1,18.4,1.725,71.4
2024-10-25,4.814,1.193,-0.243,3.757,8.7,21.5,1.15,64.1
2024-10-26,4.743,0.929,-0.329,3.471,10.7,24.0,0.575,68.3
2024-10-27,4.671,0.664,-0.414,3.186,14.0,18.8,0.0,79.4
2024-10-28,4.6,0.4,-0.5,2.9,12.3,20.4,0.0,75.9
2024-10-29,4.614,0.521,-0.414,2.857,13.4,18.3,0.0,64.6
2024-10-30,4.629,0.643,-0.329,2.814,11.4,21.4,0.0,71.3
2024-10-31,4.643,0.764,-0.243,2.771,11.0,22.6,0.0,67.8
2024-11-01,4.657,0.886,-0.157,2.729,12.9,18.7,0.0,70.8
2024-11-02,4.671,1.007,-0.071,2.686,13.0,25.1,0.0,58.9
2024-11-03,4.686,1.129,0.014,2.643,13.0,23.5,0.0,71.1
2024-11-04,4.7,1.25,0.1,2.6,8.9,18.3,0.1,62.0
2024-11-05,4.857,1.443,0.243,2.443,5.6,14.7,0.1,49.8
2024-11-06,5.014,1.636,0.386,2.286,4.1,12.5,0.1,46.1
2024-11-07,5.171,1.829,0.529,2.129,1.6,15.7,0.1,48.1
2024-11-08,5.329,2.021,0.671,1.971,3.1,18.1,0.1,50.8
2024-11-09,5.486,2.214,0.814,1.814,6.8,20.3,0.1,55.8
2024-11-10,5.643,2.407,0.957,1.657,10.3,21.0,0.1,64.0
2024-11-11,5.8,2.6,1.1,1.5,9.7,21.8,0.1,64.5
2024-11-12,5.857,2.486,1.0,1.3,11.0,19.2,0.1,66.8
2024-11-13,5.914,2.371,0.9,1.1,8.3,21.3,0.1,62.9
2024-11-14,5.971,2.257,0.8,0.9,13.2,16.8,0.1,68.4
2024-11-15,6.029,2.143,0.7,0.7,13.7,21.5,0.0,65.1
2024-11-16,6.086,2.029,0.6,0.5,14.4,22.6,6.5,72.5
2024-11-17,6.143,1.914,0.5,0.3,2.1,14.4,5.2,47.6
2024-11-18,6.2,1.8,0.4,0.1,-0.7,7.9,3.9,30.9
2024-11-19,6.329,2.071,0.471,-0.043,0.3,11.3,2.6,49.5
2024-11-20,6.457,2.343,0.543,-0.186,2.4,9.6,1.3,65.8
2024-11-21,6.586,2.614,0.614,-0.329,6.0,14.1,0.0,71.9
2024-11-22,6.714,2.886,0.686,-0.471,3.3,10.6,0.0,48.0
2024-11-23,6.843,3.157,0.757,-0.614,1.5,12.6,0.0,47.1
2024-11-24,6.971,3.429,0.829,-0.757,2.6,14.2,0.0,58.4
2024-11-25,7.1,3.7,0.9,-0.9,3.6,15.4,0.0,57.6
2024-11-26,7.471,4.4,1.143,-1.143,1.0,12.7,26.0,86.4
2024-11-27,7.843,5.1,1.386,-1.386,-1.3,1.2,22.4,90.6
2024-11-28,8.214,5.8,1.629,-1.629,-1.7,3.4,4.9,82.0
2024-11-29,8.586,6.5,1.871,-1.871,-3.4,3.4,0.0,76.3
2024-11-30,8.957,7.2,2.114,-2.114,-0.5,5.6,0.0,81.6
2024-12-01,9.329,7.9,2.357,-2.357,1.6,8.2,0.5,89.3
2024-12-02,9.7,8.6,2.6,-2.6,0.6,13.0,0.0,79.9
2024-12-03,10.914,9.571,3.443,-3.443,-2.4,5.2,0.0,48.6
2024-12-04,12.129,10.543,4.286,-4.286,-0.6,6.9,0.0,52.1
2024-12-05,13.343,11.514,5.129,-5.129,-0.1,8.8,1.8,62.8
2024-12-06,14.557,12.486,5.971,-5.971,-0.4,5.2,1.62,49.3
2024-12-07,15.771,13.457,6.814,-6.814,-2.5,4.6,1.44,56.9
2024-12-08,16.986,14.429,7.657,-7.657,-3.9,4.1,1.26,46.5
2024-12-09,18.2,15.4,8.5,-8.5,-3.8,7.4,1.08,56.1
2024-12-10,20.971,17.843,10.057,-10.057,-1.9,6.9,0.9,58.9
2024-12-11,23.743,20.286,11.614,-11.614,0.2,8.2,0.72,50.3
2024-12-12,26.514,22.729,13.171,-13.171,-3.2,5.4,0.54,45.8
2024-12-13,29.286,25.171,14.729,-14.729,-1.5,4.5,0.36,42.1
2024-12-14,32.057,27.614,16.286,-16.286,-3.6,2.5,0.18,51.0
2024-12-15,34.829,30.057,17.843,-17.843,-2.2,5.4,0.0,54.1
2024-12-16,37.6,32.5,19.4,-19.4,-3.3,3.9,0.0,65.9
2024-12-17,45.6,35.632,20.629,-20.629,-3.5,3.8,0.1,51.8
2024-12-18,53.6,38.764,21.857,-21.857,-6.2,0.9,0.2,47.1
2024-12-19,61.6,41.896,23.086,-23.086,-6.7,4.9,0.3,47.4
2024-12-20,69.6,45.029,24.314,-24.314,-2.1,5.3,0.4,60.9
2024-12-21,77.6,48.161,25.543,-25.543,-4.7,1.9,2.9,74.1
2024-12-22,85.6,51.293,26.771,-26.771,-7.7,1.0,2.2,52.9
2024-12-23,93.6,54.425,28.0,-28.0,-5.0,6.7,1.5,58.5
2024-12-24,98.671,54.229,29.071,-29.071,-4.3,5.1,0.8,50.3
2024-12-25,103.743,54.032,30.143,-30.143,-1.1,6.5,0.1,63.1
2024-12-26,108.814,53.836,31.214,-31.214,-4.8,4.2,0.0,57.9
2024-12-27,113.886,53.639,32.286,-32.286,-5.9,1.8,0.0,51.4
2024-12-28,118.957,53.443,33.357,-33.357,-6.7,1.1,0.0,48.3
2024-12-29,124.029,53.246,34.429,-34.429,-4.2,6.1,0.0,56.1
2024-12-30,129.1,53.05,35.5,-35.5,1.9,10.1,0.0,68.5
2024-12-31,126.371,51.614,27.7,-27.7,-2.0,4.9,0.0,45.8
2025-01-01,123.643,50.179,19.9,-19.9,-2.5,8.9,0.0,64.3
2025-01-02,120.914,48.743,12.1,-12.1,-2.9,6.0,0.0,48.8
2025-01-03,118.186,47.307,4.3,-4.3,-5.1,3.2,0.0,52.0
2025-01-04,115.457,45.871,-3.5,3.5,-5.4,5.7,3.35,49.6
2025-01-05,112.729,44.436,-11.3,11.3,-0.7,2.5,6.7,85.0
2025-01-06,110.0,43.0,-19.1,19.1,-3.0,3.4,3.0,75.6
2025-01-07,104.429,41.8,-21.943,24.671,-5.7,1.5,0.1,53.5
2025-01-08,98.857,40.6,-24.786,30.243,-6.1,0.2,0.0,55.1
2025-01-09,93.286,39.4,-27.629,35.814,-11.6,-6.1,0.0,38.4
2025-01-10,87.714,38.2,-30.471,41.386,-12.2,-1.7,0.325,48.0
2025-01-11,82.143,37.0,-33.314,46.957,-9.5,0.4,0.65,57.4
2025-01-12,76.571,35.8,-36.157,52.529,-8.2,2.5,0.975,59.9
2025-01-13,71.0,34.6,-39.0,58.1,-5.6,4.1,1.3,76.9
2025-01-14,67.486,33.621,-36.943,61.614,-1.7,5.2,0.1,72.0
2025-01-15,63.971,32.643,-34.886,65.129,-5.3,-0.5,0.05,40.8
2025-01-16,60.457,31.664,-32.829,68.643,-4.9,2.8,0.0,65.1
2025-01-17,56.943,30.686,-30.771,72.157,-4.9,5.6,0.0,62.4
2025-01-18,53.429,29.707,-28.714,75.671,-4.0,7.5,0.0,54.1
2025-01-19,49.914,28.729,-26.657,79.186,-1.2,9.0,0.0,65.0
2025-01-20,46.4,27.75,-24.6,82.7,0.9,7.5,0.0,73.1
2025-01-21,44.986,27.029,-22.5,84.114,-1.0,6.3,0.8,79.8
2025-01-22,43.571,26.307,-20.4,85.529,0.5,7.7,1.6,70.3
2025-01-23,42.157,25.586,-18.3,86.943,-2.4,7.7,2.4,54.3
2025-01-24,40.743,24.864,-16.2,88.357,-2.7,10.6,3.2,45.9
2025-01-25,39.329,24.143,-14.1,89.771,1.2,11.4,4.0,52.8
2025-01-26,37.914,23.421,-12.0,91.186,1.8,7.5,4.8,50.5
2025-01-27,36.5,22.7,-9.9,92.6,-2.7,5.1,5.6,77.9
2025-01-28,33.857,21.671,-11.129,95.243,-5.3,-2.5,0.1,71.3
2025-01-29,31.214,20.643,-12.357,97.886,-6.4,-1.3,0.2,66.1
2025-01-30,28.571,19.614,-13.586,100.529,-7.5,-1.0,1.3,46.6
2025-01-31,25.929,18.586,-14.814,103.171,-2.6,0.7,2.4,80.1
2025-02-01,23.286,17.557,-16.043,105.814,-2.0,7.9,1.2,74.3
2025-02-02,20.643,16.529,-17.271,108.457,-2.5,6.8,0.0,67.1
2025-02-03,18.0,15.5,-18.5,111.1,-8.2,0.6,0.575,48.8
2025-02-04,17.429,15.1,-16.429,111.671,-11.5,-5.3,1.15,50.8
2025-02-05,16.857,14.7,-14.357,112.243,-11.8,-3.7,1.725,49.1
2025-02-06,16.286,14.3,-12.286,112.814,-11.5,-0.2,2.3,59.9
2025-02-07,15.714,13.9,-10.214,113.386,-10.7,-4.7,0.4,60.1
2025-02-08,15.143,13.5,-8.143,113.957,-11.5,-3.4,0.267,54.5
2025-02-09,14.571,13.1,-6.071,114.529,-9.6,1.7,0.133,63.8
2025-02-10,14.0,12.7,-4.0,115.1,-7.5,2.6,0.0,61.0
2025-02-11,13.829,12.536,-3.6,115.271,-5.7,7.0,1.25,59.8
2025-02-12,13.657,12.371,-3.2,115.443,-2.9,2.5,2.5,75.8
2025-02-13,13.486,12.207,-2.8,115.614,-5.8,6.1,2.388,53.1
2025-02-14,13.314,12.043,-2.4,115.786,-1.6,10.1,2.276,67.4
2025-02-15,13.143,11.879,-2.0,115.957,0.4,7.8,2.165,76.5
2025-02-16,12.971,11.714,-1.6,116.129,0.4,9.7,2.053,75.6
2025-02-17,12.8,11.55,-1.2,116.3,-3.4,3.5,1.941,39.1
2025-02-18,12.786,11.693,-1.043,116.314,-5.2,2.6,1.829,40.3
2025-02-19,12.771,11.836,-0.886,116.329,-5.8,1.2,1.718,44.8
2025-02-20,12.757,11.979,-0.729,116.343,-6.5,1.9,1.606,43.3
2025-02-21,12.743,12.121,-0.571,116.357,-6.4,2.6,1.494,45.3
2025-02-22,12.729,12.264,-0.414,116.371,-5.6,2.7,1.382,49.1
2025-02-23,12.714,12.407,-0.257,116.386,-6.5,0.5,1.271,45.4
2025-02-24,12.7,12.55,-0.1,116.4,-6.3,4.7,1.159,49.8
2025-02-25,12.443,11.979,-0.343,113.929,-3.1,6.1,1.047,72.6
2025-02-26,12.186,11.407,-0.586,111.457,0.7,9.1,0.935,49.4
2025-02-27,11.929,10.836,-0.829,108.986,-2.0,14.2,0.824,29.4
2025-02-28,11.671,10.264,-1.071,106.514,3.7,13.7,0.712,52.4
2025-03-01,11.414,9.693,-1.314,104.043,3.4,13.0,0.6,68.5
2025-03-02,11.157,9.121,-1.557,101.571,2.2,15.6,11.8,68.0
2025-03-03,10.9,8.55,-1.8,99.1,1.0,7.1,10.4,63.5
2025-03-04,11.1,9.893,-1.343,93.329,0.9,3.4,4.0,68.3
2025-03-05,11.3,11.236,-0.886,87.557,2.3,9.2,0.0,63.3
2025-03-06,11.5,12.579,-0.429,81.786,-0.4,10.4,0.0,55.1
2025-03-07,11.7,13.921,0.029,76.014,0.0,11.1,0.0,49.3
2025-03-08,11.9,15.264,0.486,70.243,2.8,11.2,0.0,55.0
2025-03-09,12.1,16.607,0.943,64.471,1.2,13.5,0.0,67.3
2025-03-10,12.3,17.95,1.4,58.7,2.4,14.9,0.0,59.8
2025-03-11,12.329,16.8,1.229,55.157,2.9,16.6,0.0,58.0
2025-03-12,12.357,15.65,1.057,51.614,6.7,11.8,0.0,72.3
2025-03-13,12.386,14.5,0.886,48.071,3.2,15.0,0.0,54.6
2025-03-14,12.414,13.35,0.714,44.529,5.0,20.1,0.0,31.4
2025-03-15,12.443,12.2,0.543,40.986,10.0,17.2,0.0,39.1
2025-03-16,12.471,11.05,0.371,37.443,1.3,10.1,0.8,56.3
2025-03-17,12.5,9.9,0.2,33.9,-1.3,6.8,0.4,46.0
2025-03-18,12.9,10.5,0.571,32.086,0.3,5.6,9.9,70.6
2025-03-19,13.3,11.1,0.943,30.271,-1.9,7.3,8.25,49.5
2025-03-20,13.7,11.7,1.314,28.457,2.2,15.0,6.6,62.8
2025-03-21,14.1,12.3,1.686,26.643,7.9,18.7,4.95,61.3
2025-03-22,14.5,12.9,2.057,24.829,6.1,19.9,3.3,53.8
2025-03-23,14.9,13.5,2.429,23.014,7.1,24.0,1.65,49.0
2025-03-24,15.3,14.1,2.8,21.2,11.7,21.3,0.0,56.1
2025-03-25,15.157,14.886,2.257,18.7,8.4,21.4,0.1,63.5
2025-03-26,15.014,15.671,1.714,16.2,6.0,23.9,0.2,46.4
2025-03-27,14.871,16.457,1.171,13.7,7.1,18.6,0.3,65.1
2025-03-28,14.729,17.243,0.629,11.2,3.1,11.8,0.15,41.6
2025-03-29,14.586,18.029,0.086,8.7,0.6,6.7,0.0,40.8
2025-03-30,14.443,18.814,-0.457,6.2,-1.8,7.6,0.0,51.1
2025-03-31,14.3,19.6,-1.0,3.7,1.2,14.1,0.0,50.5
2025-04-01,14.814,18.9,-0.343,2.8,3.9,17.0,0.0,53.0
2025-04-02,15.329,18.2,0.314,1.9,5.2,14.4,0.0,55.4
2025-04-03,15.843,17.5,0.971,1.0,3.6,16.9,7.6,58.6
2025-04-04,16.357,16.8,1.629,0.1,6.0,16.4,15.2,54.5
2025-04-05,16.871,16.1,2.286,-0.8,7.5,9.5,22.8,86.1
2025-04-06,17.386,15.4,2.943,-1.7,6.9,15.7,0.0,67.3
2025-04-07,17.9,14.7,3.6,-2.6,5.5,20.1,0.267,54.5
2025-04-08,18.043,14.75,3.229,-2.371,10.7,18.9,0.533,55.0
2025-04-09,18.186,14.8,2.857,-2.143,8.4,18.0,0.8,51.6
2025-04-10,18.329,14.85,2.486,-1.914,8.8,19.1,0.0,60.6
2025-04-11,18.471,14.9,2.114,-1.686,8.1,24.2,7.7,51.8
2025-04-12,18.614,14.95,1.743,-1.457,1.4,22.5,15.4,66.5
2025-04-13,18.757,15.0,1.371,-1.229,1.1,8.2,4.2,71.1
2025-04-14,18.9,15.05,1.0,-1.0,2.6,6.0,7.4,87.4
2025-04-15,18.386,14.529,0.343,-0.343,2.3,14.0,5.55,70.3
2025-04-16,17.871,14.007,-0.314,0.314,6.4,21.9,3.7,58.0
2025-04-17,17.357,13.486,-0.971,0.971,15.8,24.7,1.85,63.5
2025-04-18,16.843,12.964,-1.629,1.629,15.4,23.7,0.0,67.9
2025-04-19,16.329,12.443,-2.286,2.286,12.2,20.0,9.2,89.1
2025-04-20,15.814,11.921,-2.943,2.943,9.5,24.1,17.733,70.0
2025-04-21,15.3,11.4,-3.6,3.6,14.2,27.1,26.267,65.3
2025-04-22,14.814,11.279,-3.571,4.086,14.2,20.4,34.8,87.8
2025-04-23,14.329,11.157,-3.543,4.571,10.9,22.9,33.278,62.4
2025-04-24,13.843,11.036,-3.514,5.057,10.7,19.6,31.756,52.4
2025-04-25,13.357,10.914,-3.486,5.543,7.7,17.8,30.233,38.4
2025-04-26,12.871,10.793,-3.457,6.029,7.2,20.0,28.711,53.1
2025-04-27,12.386,10.671,-3.429,6.514,10.7,19.1,27.189,46.4
2025-04-28,11.9,10.55,-3.4,7.0,10.3,20.2,25.667,45.6
2025-04-29,11.971,10.293,-2.843,6.929,8.2,21.0,24.144,34.1
2025-04-30,12.043,10.036,-2.286,6.857,10.0,25.8,22.622,36.3
2025-05-01,12.114,9.779,-1.729,6.786,11.3,17.6,21.1,69.6
2025-05-02,12.186,9.521,-1.171,6.714,8.2,18.5,0.0,59.3
2025-05-03,12.257,9.264,-0.614,6.643,9.5,14.0,7.3,80.5
2025-05-04,12.329,9.007,-0.057,6.571,8.2,19.9,9.017,60.9
2025-05-05,12.4,8.75,0.5,6.5,9.3,15.0,10.733,64.5
2025-05-06,12.614,8.907,0.643,6.286,8.5,19.5,12.45,57.5
2025-05-07,12.829,9.064,0.786,6.071,9.9,21.1,14.167,61.5
2025-05-08,13.043,9.221,0.929,5.857,9.7,24.9,15.883,53.5
2025-05-09,13.257,9.379,1.071,5.643,14.1,17.4,17.6,81.8
2025-05-10,13.471,9.536,1.214,5.429,11.6,15.3,14.1,95.5
2025-05-11,13.686,9.693,1.357,5.214,11.4,20.2,0.0,76.9
2025-05-12,13.9,9.85,1.5,5.0,9.8,23.6,0.275,62.6
2025-05-13,13.157,8.886,0.543,5.743,13.3,25.8,0.55,47.4
2025-05-14,12.414,7.921,-0.414,6.486,14.1,26.7,0.825,52.8
2025-05-15,11.671,6.957,-1.371,7.229,16.8,22.2,1.1,80.9
2025-05-16,10.929,5.993,-2.329,7.971,17.8,22.0,51.3,92.6
2025-05-17,10.186,5.029,-3.286,8.714,14.7,24.3,2.2,86.4
2025-05-18,9.443,4.064,-4.243,9.457,11.4,21.0,1.9,59.3
2025-05-19,8.7,3.1,-5.2,10.2,10.5,20.9,1.6,70.4
2025-05-20,8.671,3.064,-4.486,10.229,17.4,27.3,1.0,85.5
2025-05-21,8.643,3.029,-3.771,10.257,22.3,30.8,0.9,75.5
2025-05-22,8.614,2.993,-3.057,10.286,20.0,28.5,0.8,68.0
2025-05-23,8.586,2.957,-2.343,10.314,15.4,22.2,1.2,53.8
2025-05-24,8.557,2.921,-1.629,10.343,13.0,19.3,4.3,69.1
2025-05-25,8.529,2.886,-0.914,10.371,11.7,22.6,3.225,61.0
2025-05-26,8.5,2.85,-0.2,10.4,13.0,26.2,2.15,59.4
2025-05-27,8.457,2.9,-0.214,10.443,14.7,27.0,1.075,57.0
2025-05-28,8.414,2.95,-0.229,10.486,16.3,26.9,0.0,62.0
2025-05-29,8.371,3.0,-0.243,10.529,15.3,27.3,0.0,58.4
2025-05-30,8.329,3.05,-0.257,10.571,16.7,28.3,0.0,55.0
2025-05-31,8.286,3.1,-0.271,10.614,16.4,27.0,0.0,55.0
2025-06-01,8.243,3.15,-0.286,10.657,17.0,29.3,0.0,57.8
2025-06-02,8.2,3.2,-0.3,10.7,19.2,23.1,0.0,64.3
2025-06-03,8.0,3.043,-0.457,10.9,17.0,25.3,0.02,56.9
2025-06-04,7.8,2.886,-0.614,11.1,15.2,25.3,0.04,55.3
2025-06-05,7.6,2.729,-0.771,11.3,15.6,27.1,0.06,49.8
2025-06-06,7.4,2.571,-0.929,11.5,17.7,30.0,0.08,42.6
2025-06-07,7.2,2.414,-1.086,11.7,19.8,28.2,0.1,61.4
2025-06-08,7.0,2.257,-1.243,11.9,21.4,30.4,0.6,69.3
2025-06-09,6.8,2.1,-1.4,12.1,20.6,30.2,0.0,66.6
2025-06-10,6.714,1.986,-1.286,11.671,18.8,25.3,0.0,71.6
2025-06-11,6.629,1.871,-1.171,11.243,15.9,28.5,0.5,54.6
2025-06-12,6.543,1.757,-1.057,10.814,17.9,33.1,1.0,50.4
2025-06-13,6.457,1.643,-0.943,10.386,20.1,29.4,1.5,60.9
2025-06-14,6.371,1.529,-0.829,9.957,20.3,32.1,6.65,66.3
2025-06-15,6.286,1.414,-0.714,9.529,21.7,33.2,11.8,69.6
2025-06-16,6.2,1.3,-0.6,9.1,21.8,25.1,20.0,87.8
2025-06-17,5.986,1.114,-0.729,9.114,21.1,29.6,13.6,73.3
2025-06-18,5.771,0.929,-0.857,9.129,21.2,30.9,7.2,65.3
2025-06-19,5.557,0.743,-0.986,9.143,21.1,34.2,0.8,57.9
2025-06-20,5.343,0.557,-1.114,9.157,22.2,28.3,51.1,93.4
2025-06-21,5.129,0.371,-1.243,9.171,20.5,24.2,0.2,88.1
2025-06-22,4.914,0.186,-1.371,9.186,18.1,28.6,0.9,68.6
2025-06-23,4.7,0.0,-1.5,9.2,19.4,31.7,1.6,64.8
2025-06-24,4.886,0.3,-1.1,9.014,20.5,28.0,2.3,63.4
2025-06-25,5.071,0.6,-0.7,8.829,19.5,22.1,8.0,88.9
2025-06-26,5.257,0.9,-0.3,8.643,19.9,24.2,1.1,85.3
2025-06-27,5.443,1.2,0.1,8.457,21.1,29.3,0.0,78.1
2025-06-28,5.629,1.5,0.5,8.271,24.5,28.1,0.6,85.0
2025-06-29,5.814,1.8,0.9,8.086,24.9,30.2,0.0,77.1
2025-06-30,6.0,2.1,1.3,7.9,25.6,31.2,0.45,74.6
2025-07-01,6.014,1.85,1.129,7.886,26.2,31.8,0.9,78.6
2025-07-02,6.029,1.6,0.957,7.871,26.8,30.9,0.0,76.3
2025-07-03,6.043,1.35,0.786,7.857,26.5,32.0,0.0,75.5
2025-07-04,6.057,1.1,0.614,7.843,25.7,30.0,0.0,77.0
2025-07-05,6.071,0.85,0.443,7.829,26.0,32.3,2.95,72.9
2025-07-06,6.086,0.6,0.271,7.814,26.3,32.8,5.9,74.3
2025-07-07,6.1,0.35,0.1,7.8,26.7,33.2,8.85,79.0
2025-07-08,6.086,0.35,0.071,7.071,26.9,37.8,11.8,72.5
2025-07-09,6.071,0.35,0.043,6.343,27.4,36.0,9.44,61.1
2025-07-10,6.057,0.35,0.014,5.614,27.3,36.2,7.08,46.6
2025-07-11,6.043,0.35,-0.014,4.886,24.6,36.1,4.72,47.1
2025-07-12,6.029,0.35,-0.043,4.157,24.4,36.5,2.36,47.5
2025-07-13,6.014,0.35,-0.071,3.429,25.6,31.0,0.0,66.8
2025-07-14,6.0,0.35,-0.1,2.7,21.7,28.1,13.6,78.3
2025-07-15,5.943,0.436,-0.143,2.729,21.5,25.9,4.0,84.1
2025-07-16,5.886,0.521,-0.186,2.757,22.2,24.8,73.1,90.1
2025-07-17,5.829,0.607,-0.229,2.786,22.0,24.4,75.5,94.3
2025-07-18,5.771,0.693,-0.271,2.814,22.9,27.2,16.1,89.5
2025-07-19,5.714,0.779,-0.314,2.843,21.9,25.8,84.0,95.4
2025-07-20,5.657,0.864,-0.357,2.871,25.0,31.3,14.8,82.8
2025-07-21,5.6,0.95,-0.4,2.9,25.6,31.6,0.0,77.4
2025-07-22,5.886,0.986,-0.057,2.571,26.6,32.2,0.1,75.6
2025-07-23,6.171,1.021,0.286,2.243,25.5,33.3,0.09,70.4
2025-07-24,6.457,1.057,0.629,1.914,25.8,34.1,0.08,68.0
2025-07-25,6.743,1.093,0.971,1.586,25.6,36.3,0.07,64.6
2025-07-26,7.029,1.129,1.314,1.257,27.6,37.1,0.06,61.9
2025-07-27,7.314,1.164,1.657,0.929,28.3,38.0,0.05,62.4
2025-07-28,7.6,1.2,2.0,0.6,28.8,36.4,0.04,67.3
2025-07-29,7.557,1.236,1.671,0.557,27.6,36.7,0.03,64.0
2025-07-30,7.514,1.271,1.343,0.514,28.3,36.3,0.02,62.9
2025-07-31,7.471,1.307,1.014,0.471,29.3,34.6,0.01,62.3
2025-08-01,7.429,1.343,0.686,0.429,27.8,35.1,0.0,66.9
2025-08-02,7.386,1.379,0.357,0.386,27.3,36.2,0.65,62.1
2025-08-03,7.343,1.414,0.029,0.343,24.0,32.5,1.3,69.0
2025-08-04,7.3,1.45,-0.3,0.3,23.7,33.9,1.9,75.5
2025-08-05,7.271,1.286,-0.286,0.329,25.4,33.5,11.95,67.4
2025-08-06,7.243,1.121,-0.271,0.357,25.8,29.3,22.0,89.0
2025-08-07,7.214,0.957,-0.257,0.386,25.4,32.3,14.15,70.8
2025-08-08,7.186,0.793,-0.243,0.414,23.9,30.2,6.3,74.8
2025-08-09,7.157,0.629,-0.229,0.443,23.1,26.4,3.5,82.1
2025-08-10,7.129,0.464,-0.214,0.471,21.0,33.2,1.75,70.0
2025-08-11,7.1,0.3,-0.2,0.5,25.0,29.5,0.0,73.9
2025-08-12,7.071,0.536,-0.2,0.529,23.3,34.1,63.35,62.9
2025-08-13,7.043,0.771,-0.2,0.557,22.0,27.1,126.7,91.8
2025-08-14,7.014,1.007,-0.2,0.586,24.2,26.9,47.8,91.1
2025-08-15,6.986,1.243,-0.2,0.614,24.4,30.9,0.0,84.3
2025-08-16,6.957,1.479,-0.2,0.643,25.5,32.2,0.733,76.0
2025-08-17,6.929,1.714,-0.2,0.671,26.1,32.0,1.467,76.3
2025-08-18,6.9,1.95,-0.2,0.7,27.0,32.9,2.2,75.6
2025-08-19,7.1,1.8,0.029,0.5,26.9,32.3,1.1,75.3
2025-08-20,7.3,1.65,0.257,0.3,26.9,32.8,0.0,74.5
2025-08-21,7.5,1.5,0.486,0.1,27.4,34.3,3.42,70.6
2025-08-22,7.7,1.35,0.714,-0.1,26.1,33.5,6.84,71.5
2025-08-23,7.9,1.2,0.943,-0.3,27.4,32.2,10.26,74.9
2025-08-24,8.1,1.05,1.171,-0.5,26.9,34.7,13.68,69.4
2025-08-25,8.3,0.9,1.4,-0.7,26.3,32.2,17.1,80.6
2025-08-26,8.333,0.979,1.233,-0.633,25.5,31.8,5.4,81.8
2025-08-27,8.367,1.057,1.067,-0.567,23.6,30.8,14.333,73.8
2025-08-28,8.4,1.136,0.9,-0.5,24.7,31.0,23.267,72.9
2025-08-29,8.433,1.214,0.733,-0.433,27.3,32.8,32.2,82.0
2025-08-30,8.467,1.293,0.567,-0.367,25.8,31.8,23.9,81.1
2025-08-31,8.5,1.371,0.4,-0.3,25.1,31.8,0.0,75.3
2025-09-01,8.533,1.45,0.233,-0.233,24.4,28.2,20.4,87.3
2025-09-02,8.75,1.443,0.233,-0.233,22.0,30.6,28.333,74.6
2025-09-03,8.967,1.436,0.233,-0.233,22.6,32.1,36.267,67.5
2025-09-04,9.183,1.429,0.233,-0.233,22.8,29.8,44.2,82.1
2025-09-05,9.4,1.421,0.233,-0.233,23.5,33.0,40.15,68.5
2025-09-06,9.617,1.414,0.233,-0.233,25.4,30.4,36.1,86.6
2025-09-07,9.833,1.407,0.233,-0.233,22.3,28.3,0.2,77.5
2025-09-08,10.05,1.4,0.233,-0.233,20.6,29.5,0.0,73.0
2025-09-09,10.083,1.694,0.233,-0.233,21.4,26.9,0.0,71.9
2025-09-10,10.117,1.988,0.233,-0.233,18.4,31.5,2.267,61.1
2025-09-11,10.15,2.282,0.233,-0.233,19.9,31.7,4.533,57.6
2025-09-12,10.183,2.576,0.233,-0.233,21.1,26.3,6.8,68.8
2025-09-13,10.217,2.87,0.233,-0.233,20.4,27.6,63.7,81.0
2025-09-14,10.25,3.164,0.233,-0.233,21.5,29.3,48.3,72.0
2025-09-15,10.283,3.458,0.233,-0.233,20.8,30.7,32.9,71.6
2025-09-16,10.133,3.321,0.233,-0.233,22.2,27.1,17.5,86.8
2025-09-17,9.983,3.185,0.233,-0.233,21.2,24.0,52.7,92.0
2025-09-18,9.833,3.048,0.233,-0.233,19.6,26.0,33.25,74.4
2025-09-19,9.683,2.911,0.233,-0.233,17.9,21.4,13.8,82.0
2025-09-20,9.533,2.774,0.233,-0.233,17.5,23.6,35.3,85.4
2025-09-21,9.383,2.637,0.233,-0.233,17.2,27.3,23.533,67.0
2025-09-22,9.233,2.5,0.233,-0.233,17.6,25.1,11.767,59.8
2025-09-23,9.267,2.629,0.233,-0.233,19.2,26.8,0.0,56.5
2025-09-24,9.3,2.757,0.233,-0.233,20.4,23.7,35.2,81.8
2025-09-25,9.333,2.886,0.233,-0.233,20.2,26.4,0.3,80.0
2025-09-26,9.367,3.014,0.233,-0.233,17.8,27.1,15.033,78.1
2025-09-27,9.4,3.143,0.233,-0.233,17.6,27.2,29.767,71.1
2025-09-28,9.433,3.271,0.233,-0.233,18.4,21.9,44.5,85.6
2025-09-29,9.467,3.4,0.233,-0.233,16.6,23.9,35.76,77.8
2025-09-30,9.5,3.579,0.233,-0.233,17.3,24.0,27.02,81.3
2025-10-01,9.533,3.757,0.233,-0.233,16.7,25.6,18.28,78.1
2025-10-02,9.567,3.936,0.233,-0.233,17.3,25.8,9.54,74.5
2025-10-03,9.6,4.114,0.233,-0.233,19.8,22.3,0.8,75.5
2025-10-04,9.633,4.293,0.233,-0.233,20.9,25.0,0.0,74.6
2025-10-05,9.667,4.471,0.233,-0.233,20.6,22.3,18.1,89.6
2025-10-06,9.7,4.65,0.233,-0.233,15.4,20.7,36.8,93.8
2025-10-07,9.733,4.943,0.233,-0.233,15.5,20.0,7.1,94.9
2025-10-08,9.767,5.236,0.233,-0.233,17.2,28.0,0.0,72.8
2025-10-09,9.8,5.529,0.233,-0.233,16.9,22.6,0.0,69.6
2025-10-10,9.833,5.821,0.233,-0.233,16.0,17.7,49.3,98.1
2025-10-11,9.867,6.114,0.233,-0.233,17.3,23.8,22.5,93.1
2025-10-12,9.9,6.407,0.233,-0.233,17.6,21.4,0.1,84.6
2025-10-13,9.933,6.7,0.233,-0.233,13.9,18.3,25.1,94.4
2025-10-14,10.083,7.079,0.233,-0.233,14.4,20.9,0.6,80.3
2025-10-15,10.233,7.457,0.233,-0.233,16.1,25.3,1.5,74.8
2025-10-16,10.383,7.836,0.233,-0.233,17.0,24.8,1.3,75.3
2025-10-17,10.533,8.214,0.233,-0.233,15.6,24.8,11.3,74.8
2025-10-18,10.683,8.593,0.233,-0.233,14.2,18.6,11.2,87.8
2025-10-19,10.833,8.971,0.233,-0.233,8.9,19.2,9.862,71.5
2025-10-20,10.983,9.35,0.233,-0.233,5.3,16.5,8.525,65.9
2025-10-21,11.818,9.657,1.035,-1.035,4.8,14.1,7.188,68.3
2025-10-22,12.652,9.964,1.836,-1.836,6.6,18.6,5.85,72.1
2025-10-23,13.487,10.271,2.637,-2.637,11.8,19.6,4.512,70.3
2025-10-24,14.321,10.579,3.438,-3.438,11.3,21.5,3.175,66.5
2025-10-25,15.156,10.886,4.239,-4.239,12.6,17.7,1.838,66.9
2025-10-26,15.99,11.193,5.04,-5.04,10.6,13.9,0.5,70.1
2025-10-27,16.825,11.5,5.842,-5.842,3.7,12.2,0.42,45.0
2025-10-28,17.66,13.914,5.842,-5.842,3.0,14.4,0.34,52.4
2025-10-29,18.494,16.329,5.842,-5.842,6.2,18.3,0.26,65.0
2025-10-30,19.329,18.743,5.842,-5.842,7.7,18.2,0.18,70.3
2025-10-31,20.163,21.157,5.842,-5.842,11.3,20.7,0.1,69.9
2025-11-01,20.998,23.571,5.842,-5.842,10.5,17.7,2.4,73.0
2025-11-02,21.832,25.986,5.842,-5.842,3.7,11.7,0.2,57.0
2025-11-03,22.667,28.4,5.842,-5.842,0.5,14.7,0.167,54.1
2025-11-04,23.826,28.136,6.167,-6.167,5.5,16.3,0.133,60.6
2025-11-05,24.986,27.871,6.492,-6.492,5.7,19.0,0.1,60.0
2025-11-06,26.145,27.607,6.817,-6.817,7.3,18.8,0.067,69.9
2025-11-07,27.305,27.343,7.142,-7.142,8.3,19.9,0.033,66.3
2025-11-08,28.464,27.079,7.467,-7.467,12.3,17.0,0.0,69.4
2025-11-09,29.624,26.814,7.792,-7.792,10.4,17.6,0.038,64.1
2025-11-10,30.783,26.55,8.117,-8.117,5.4,12.7,0.075,37.6
2025-11-11,31.464,28.264,7.638,-7.638,3.9,15.1,0.112,57.6
2025-11-12,32.145,29.979,7.16,-7.16,6.0,17.7,0.15,65.5
2025-11-13,32.826,31.693,6.681,-6.681,6.7,17.6,0.188,65.4
2025-11-14,33.507,33.407,6.202,-6.202,4.5,15.1,0.225,53.8
2025-11-15,34.188,35.121,5.724,-5.724,3.6,17.5,0.262,49.1
2025-11-16,34.869,36.836,5.245,-5.245,5.5,18.7,0.3,58.4
2025-11-17,35.55,38.55,4.767,-4.767,-0.7,9.7,1.133,37.4
2025-11-18,39.471,38.914,4.514,-4.514,-2.0,6.5,1.967,47.1
2025-11-19,43.393,39.279,4.262,-4.262,-1.6,8.6,2.8,50.1
2025-11-20,47.314,39.643,4.01,-4.01,1.6,14.6,3.633,58.8
2025-11-21,51.236,40.007,3.757,-3.757,1.0,12.5,4.467,58.5
2025-11-22,55.157,40.371,3.505,-3.505,5.4,15.1,5.3,65.3
2025-11-23,59.079,40.736,3.252,-3.252,6.6,14.4,6.133,69.6
2025-11-24,63.0,41.1,3.0,-3.0,9.6,16.8,6.967,72.5
2025-11-25,62.471,39.857,2.043,-2.043,5.3,9.6,7.8,81.1
2025-11-26,61.943,38.614,1.086,-1.086,3.5,10.9,8.9,66.4
2025-11-27,61.414,37.371,0.129,-0.129,2.5,8.7,10.0,77.4
2025-11-28,60.886,36.129,-0.829,0.829,-1.3,7.0,5.05,56.4
2025-11-29,60.357,34.886,-1.786,1.786,0.3,9.3,0.1,57.1
2025-11-30,59.829,33.643,-2.743,2.743,9.1,16.1,0.88,78.8
2025-12-01,59.3,32.4,-3.7,3.7,2.3,12.2,1.66,50.5
2025-12-02,58.043,32.507,-4.429,4.957,-5.4,3.3,2.44,41.1
2025-12-03,56.786,32.614,-5.157,6.214,-8.1,-2.8,3.22,41.4
2025-12-04,55.529,32.721,-5.886,7.471,-9.4,3.5,4.0,49.6
2025-12-05,54.271,32.829,-6.614,8.729,-6.9,2.5,2.3,53.6
2025-12-06,53.014,32.936,-7.343,9.986,-2.0,4.5,0.6,70.9
2025-12-07,51.757,33.043,-8.071,11.243,3.4,13.4,3.06,77.4
2025-12-08,50.5,33.15,-8.8,12.5,0.8,7.3,5.52,45.4
2025-12-09,48.857,34.829,-9.186,14.143,-2.4,8.7,7.98,59.0
2025-12-10,47.214,36.507,-9.571,15.786,0.7,8.6,10.44,73.1
2025-12-11,45.571,38.186,-9.957,17.429,-1.8,8.4,12.9,68.3
2025-12-12,43.929,39.864,-10.343,19.071,-3.6,7.0,11.2,56.3
2025-12-13,42.286,41.543,-10.729,20.714,-0.8,4.5,9.5,81.5
2025-12-14,40.643,43.221,-11.114,22.357,-1.5,3.1,0.1,76.5
2025-12-15,39.0,44.9,-11.5,24.0,-3.5,4.5,1.1,76.4
2025-12-16,38.914,43.946,-10.764,24.086,2.1,5.0,2.1,88.5
2025-12-17,38.829,42.993,-10.029,24.171,1.2,7.6,1.65,72.8
2025-12-18,38.743,42.039,-9.293,24.257,-1.9,8.5,1.2,60.6
2025-12-19,38.657,41.086,-8.557,24.343,-0.7,9.9,0.75,66.5
2025-12-20,38.571,40.132,-7.821,24.429,1.0,10.7,0.3,74.1
2025-12-21,38.486,39.179,-7.086,24.514,-3.4,2.5,3.8,42.0
2025-12-22,38.4,38.225,-6.35,24.6,-5.9,5.1,7.3,44.8
2025-12-23,38.314,37.271,-5.614,24.686,0.1,4.3,10.8,70.9
2025-12-24,38.229,36.318,-4.879,24.771,-1.0,6.3,8.1,79.0
2025-12-25,38.143,35.364,-4.143,24.857,-8.9,0.0,5.4,54.1
2025-12-26,38.057,34.411,-3.407,24.943,-11.8,-4.0,2.7,38.9
2025-12-27,37.971,33.457,-2.671,25.029,-8.3,0.5,0.0,52.1
2025-12-28,37.886,32.504,-1.936,25.114,0.0,6.1,0.6,76.4
2025-12-29,37.8,31.55,-1.2,25.2,-0.1,9.1,0.3,74.1
2025-12-30,38.714,31.679,-0.114,24.286,-3.7,3.8,0.273,45.1
2025-12-31,39.629,31.807,0.971,23.371,-8.9,-1.2,0.245,40.9
2026-01-01,40.543,31.936,2.057,22.457,-10.5,-2.1,0.218,41.5
2026-01-02,41.457,32.064,3.143,21.543,-11.4,-3.8,0.191,46.6
2026-01-03,42.371,32.193,4.229,20.629,-9.8,0.0,0.164,60.0
2026-01-04,43.286,32.321,5.314,19.714,-2.7,5.0,0.136,63.4
2026-01-05,44.2,32.45,6.4,18.8,-4.6,1.8,0.109,48.5
2026-01-06,44.186,33.243,5.471,18.814,-7.0,3.9,0.082,55.6
2026-01-07,44.171,34.036,4.543,18.829,-5.3,3.1,0.055,51.9
2026-01-08,44.157,34.829,3.614,18.843,-8.2,-1.1,0.027,38.5
2026-01-09,44.143,35.621,2.686,18.857,-6.7,4.6,0.0,59.8
2026-01-10,44.129,36.414,1.757,18.871,-4.7,7.4,1.7,62.0
2026-01-11,44.114,37.207,0.829,18.886,-9.0,-3.6,2.2,41.8
2026-01-12,44.1,38.0,-0.1,18.9,-10.2,1.2,2.7,70.9
